2026-06-17 21:06:29,823 [INFO] [SYSTEM] Synchronising clock with Binance server…
2026-06-17 21:06:29,988 [INFO] [SYSTEM] Clock synchronised. Offset: 51204ms.
2026-06-17 21:06:29,997 [INFO] [SYSTEM] Bot started. Tracking 10 positions.
2026-06-17 21:06:29,997 [INFO] [SYSTEM] Running one-time wallet ingestion…
2026-06-17 21:06:30,159 [INFO] [INGESTION] Capacity cap reached or exceeded — ending ingestion phase safely.
2026-06-17 21:06:30,159 [INFO] [SYSTEM] Ingestion complete. Tracking 10 positions.
2026-06-17 21:06:30,159 [INFO] ======================================================================
2026-06-17 21:06:30,159 [INFO] [LOOP] Cycle #1 | 2026-06-17 21:06:30
2026-06-17 21:06:30,159 [INFO] [MONITOR] Evaluating 10 open positions…
2026-06-17 21:06:30,311 [INFO] [DATA] TRXUSDT | now=0.3212 | entry=0.3173 | PnL=+1.23%
2026-06-17 21:06:30,473 [INFO] [DATA] RLUSDUSDT | now=1.0008 | entry=1.0008 | PnL=+0.00%
2026-06-17 21:06:30,628 [INFO] [DATA] ALLOUSDT | now=0.3576 | entry=0.3978 | PnL=-10.11%
2026-06-17 21:06:30,628 [INFO] [EXIT] SL hit for ALLOUSDT.
2026-06-17 21:06:31,458 [WARNING] [EXIT] ALLOUSDT: quantity mismatch (-2010). Fetching actual balance and retrying…
2026-06-17 21:06:31,626 [ERROR] [EXIT] ALLOUSDT: actual balance is zero — nothing to sell.
2026-06-17 21:06:31,626 [WARNING] [EXIT] ALLOUSDT: sell attempt 1/3 failed — will retry next cycle.
2026-06-17 21:06:31,788 [INFO] [DATA] WLDUSDT | now=0.6568 | entry=0.6348 | PnL=+3.47%
2026-06-17 21:06:31,950 [INFO] [DATA] XLMUSDT | now=0.2304 | entry=0.2262 | PnL=+1.86%
2026-06-17 21:06:32,111 [INFO] [DATA] ENAUSDT | now=0.0917 | entry=0.0897 | PnL=+2.23%
2026-06-17 21:06:32,262 [INFO] [DATA] AAVEUSDT | now=75.6400 | entry=75.0100 | PnL=+0.84%
2026-06-17 21:06:32,433 [INFO] [DATA] UNIUSDT | now=3.2900 | entry=3.3250 | PnL=-1.05%
2026-06-17 21:06:32,594 [INFO] [DATA] NEARUSDT | now=2.3480 | entry=2.3100 | PnL=+1.65%
2026-06-17 21:06:32,745 [INFO] [DATA] ONDOUSDT | now=0.3761 | entry=0.3748 | PnL=+0.35%
2026-06-17 21:06:32,745 [INFO] [INVENTORY] 10/10 slots used — 0 vacant.
2026-06-17 21:06:32,745 [INFO] [STANDBY] Maximum capacity reached.
2026-06-17 21:06:32,745 [INFO] [SLEEP] Sleeping for 120s…
2026-06-17 21:08:32,754 [INFO] ======================================================================
2026-06-17 21:08:32,754 [INFO] [LOOP] Cycle #2 | 2026-06-17 21:08:32
2026-06-17 21:08:32,754 [INFO] [MONITOR] Evaluating 10 open positions…
2026-06-17 21:08:32,885 [INFO] [DATA] TRXUSDT | now=0.3212 | entry=0.3173 | PnL=+1.23%
2026-06-17 21:08:33,023 [INFO] [DATA] RLUSDUSDT | now=1.0009 | entry=1.0008 | PnL=+0.01%
2026-06-17 21:08:33,166 [INFO] [DATA] WLDUSDT | now=0.6583 | entry=0.6348 | PnL=+3.70%
2026-06-17 21:08:33,315 [INFO] [DATA] XLMUSDT | now=0.2319 | entry=0.2262 | PnL=+2.52%
2026-06-17 21:08:33,455 [INFO] [DATA] ENAUSDT | now=0.0921 | entry=0.0897 | PnL=+2.68%
2026-06-17 21:08:33,580 [INFO] [DATA] AAVEUSDT | now=75.8200 | entry=75.0100 | PnL=+1.08%
2026-06-17 21:08:33,720 [INFO] [DATA] UNIUSDT | now=3.3030 | entry=3.3250 | PnL=-0.66%
2026-06-17 21:08:33,857 [INFO] [DATA] NEARUSDT | now=2.3620 | entry=2.3100 | PnL=+2.25%
2026-06-17 21:08:33,999 [INFO] [DATA] ONDOUSDT | now=0.3773 | entry=0.3748 | PnL=+0.67%
2026-06-17 21:08:34,153 [INFO] [DATA] ALLOUSDT | now=0.3566 | entry=0.3978 | PnL=-10.36%
2026-06-17 21:08:34,153 [INFO] [EXIT] SL hit for ALLOUSDT.
2026-06-17 21:08:34,746 [WARNING] [EXIT] ALLOUSDT: quantity mismatch (-2010). Fetching actual balance and retrying…
2026-06-17 21:08:34,887 [ERROR] [EXIT] ALLOUSDT: actual balance is zero — nothing to sell.
2026-06-17 21:08:34,887 [WARNING] [EXIT] ALLOUSDT: sell attempt 2/3 failed — will retry next cycle.
2026-06-17 21:08:34,887 [INFO] [INVENTORY] 10/10 slots used — 0 vacant.
2026-06-17 21:08:34,887 [INFO] [STANDBY] Maximum capacity reached.
2026-06-17 21:08:34,887 [INFO] [SLEEP] Sleeping for 120s…
2026-06-17 21:10:34,897 [INFO] ======================================================================
2026-06-17 21:10:34,897 [INFO] [LOOP] Cycle #3 | 2026-06-17 21:10:34
2026-06-17 21:10:34,897 [INFO] [MONITOR] Evaluating 10 open positions…
2026-06-17 21:10:35,038 [INFO] [DATA] TRXUSDT | now=0.3213 | entry=0.3173 | PnL=+1.26%
2026-06-17 21:10:35,167 [INFO] [DATA] RLUSDUSDT | now=1.0008 | entry=1.0008 | PnL=+0.00%
2026-06-17 21:10:35,302 [INFO] [DATA] WLDUSDT | now=0.6581 | entry=0.6348 | PnL=+3.67%
2026-06-17 21:10:35,454 [INFO] [DATA] XLMUSDT | now=0.2314 | entry=0.2262 | PnL=+2.30%
2026-06-17 21:10:35,590 [INFO] [DATA] ENAUSDT | now=0.0924 | entry=0.0897 | PnL=+3.01%
2026-06-17 21:10:35,720 [INFO] [DATA] AAVEUSDT | now=75.8300 | entry=75.0100 | PnL=+1.09%
2026-06-17 21:10:35,854 [INFO] [DATA] UNIUSDT | now=3.2950 | entry=3.3250 | PnL=-0.90%
2026-06-17 21:10:35,997 [INFO] [DATA] NEARUSDT | now=2.3620 | entry=2.3100 | PnL=+2.25%
2026-06-17 21:10:36,143 [INFO] [DATA] ONDOUSDT | now=0.3773 | entry=0.3748 | PnL=+0.67%
2026-06-17 21:10:36,290 [INFO] [DATA] ALLOUSDT | now=0.3568 | entry=0.3978 | PnL=-10.31%
2026-06-17 21:10:36,290 [INFO] [EXIT] SL hit for ALLOUSDT.
2026-06-17 21:10:36,929 [WARNING] [EXIT] ALLOUSDT: quantity mismatch (-2010). Fetching actual balance and retrying…
2026-06-17 21:10:37,069 [ERROR] [EXIT] ALLOUSDT: actual balance is zero — nothing to sell.
2026-06-17 21:10:37,069 [ERROR] [EXIT] ALLOUSDT: sell failed 3 times in a row. Removing from tracked positions — PLEASE SELL MANUALLY on Binance.
2026-06-17 21:10:37,069 [INFO] [INVENTORY] 9/10 slots used — 1 vacant.
2026-06-17 21:10:37,215 [INFO] [LIQUIDITY] Free USDT: $2.90
2026-06-17 21:10:37,215 [INFO] [STANDBY] Insufficient USDT (need $10.00).
2026-06-17 21:10:37,215 [INFO] [SLEEP] Sleeping for 120s…
2026-06-17 21:12:37,222 [INFO] ======================================================================
2026-06-17 21:12:37,222 [INFO] [LOOP] Cycle #4 | 2026-06-17 21:12:37
2026-06-17 21:12:37,222 [INFO] [MONITOR] Evaluating 9 open positions…
2026-06-17 21:12:37,347 [INFO] [DATA] TRXUSDT | now=0.3213 | entry=0.3173 | PnL=+1.26%
2026-06-17 21:12:37,500 [INFO] [DATA] RLUSDUSDT | now=1.0008 | entry=1.0008 | PnL=+0.00%
2026-06-17 21:12:37,632 [INFO] [DATA] WLDUSDT | now=0.6560 | entry=0.6348 | PnL=+3.34%
2026-06-17 21:12:37,769 [INFO] [DATA] XLMUSDT | now=0.2299 | entry=0.2262 | PnL=+1.64%
2026-06-17 21:12:37,903 [INFO] [DATA] ENAUSDT | now=0.0928 | entry=0.0897 | PnL=+3.46%
2026-06-17 21:12:38,028 [INFO] [DATA] AAVEUSDT | now=75.8500 | entry=75.0100 | PnL=+1.12%
2026-06-17 21:12:38,168 [INFO] [DATA] UNIUSDT | now=3.2940 | entry=3.3250 | PnL=-0.93%
2026-06-17 21:12:38,303 [INFO] [DATA] NEARUSDT | now=2.3680 | entry=2.3100 | PnL=+2.51%
2026-06-17 21:12:38,454 [INFO] [DATA] ONDOUSDT | now=0.3776 | entry=0.3748 | PnL=+0.75%
2026-06-17 21:12:38,454 [INFO] [INVENTORY] 9/10 slots used — 1 vacant.
2026-06-17 21:12:38,598 [INFO] [LIQUIDITY] Free USDT: $2.90
2026-06-17 21:12:38,598 [INFO] [STANDBY] Insufficient USDT (need $10.00).
2026-06-17 21:12:38,598 [INFO] [SLEEP] Sleeping for 120s…
2026-06-17 21:14:38,600 [INFO] ======================================================================
2026-06-17 21:14:38,600 [INFO] [LOOP] Cycle #5 | 2026-06-17 21:14:38
2026-06-17 21:14:38,600 [INFO] [MONITOR] Evaluating 9 open positions…
2026-06-17 21:14:38,739 [INFO] [DATA] TRXUSDT | now=0.3213 | entry=0.3173 | PnL=+1.26%
2026-06-17 21:14:38,876 [INFO] [DATA] RLUSDUSDT | now=1.0008 | entry=1.0008 | PnL=+0.00%
2026-06-17 21:14:39,012 [INFO] [DATA] WLDUSDT | now=0.6551 | entry=0.6348 | PnL=+3.20%
2026-06-17 21:14:39,148 [INFO] [DATA] XLMUSDT | now=0.2289 | entry=0.2262 | PnL=+1.19%
2026-06-17 21:14:39,302 [INFO] [DATA] ENAUSDT | now=0.0924 | entry=0.0897 | PnL=+3.01%
2026-06-17 21:14:39,442 [INFO] [DATA] AAVEUSDT | now=75.7800 | entry=75.0100 | PnL=+1.03%
2026-06-17 21:14:39,573 [INFO] [DATA] UNIUSDT | now=3.2930 | entry=3.3250 | PnL=-0.96%
2026-06-17 21:14:39,722 [INFO] [DATA] NEARUSDT | now=2.3680 | entry=2.3100 | PnL=+2.51%
2026-06-17 21:14:39,863 [INFO] [DATA] ONDOUSDT | now=0.3774 | entry=0.3748 | PnL=+0.69%
2026-06-17 21:14:39,863 [INFO] [INVENTORY] 9/10 slots used — 1 vacant.
2026-06-17 21:14:40,004 [INFO] [LIQUIDITY] Free USDT: $2.90
2026-06-17 21:14:40,004 [INFO] [STANDBY] Insufficient USDT (need $10.00).
2026-06-17 21:14:40,004 [INFO] [SLEEP] Sleeping for 120s…
2026-06-17 21:16:40,009 [INFO] ======================================================================
2026-06-17 21:16:40,009 [INFO] [LOOP] Cycle #6 | 2026-06-17 21:16:40
2026-06-17 21:16:40,009 [INFO] [MONITOR] Evaluating 9 open positions…
2026-06-17 21:16:40,136 [INFO] [DATA] TRXUSDT | now=0.3213 | entry=0.3173 | PnL=+1.26%
2026-06-17 21:16:40,275 [INFO] [DATA] RLUSDUSDT | now=1.0009 | entry=1.0008 | PnL=+0.01%
2026-06-17 21:16:40,423 [INFO] [DATA] WLDUSDT | now=0.6584 | entry=0.6348 | PnL=+3.72%
2026-06-17 21:16:40,559 [INFO] [DATA] XLMUSDT | now=0.2302 | entry=0.2262 | PnL=+1.77%
2026-06-17 21:16:40,685 [INFO] [DATA] ENAUSDT | now=0.0928 | entry=0.0897 | PnL=+3.46%
2026-06-17 21:16:40,823 [INFO] [DATA] AAVEUSDT | now=75.9200 | entry=75.0100 | PnL=+1.21%
2026-06-17 21:16:40,975 [INFO] [DATA] UNIUSDT | now=3.3120 | entry=3.3250 | PnL=-0.39%
2026-06-17 21:16:41,102 [INFO] [DATA] NEARUSDT | now=2.3670 | entry=2.3100 | PnL=+2.47%
2026-06-17 21:16:41,252 [INFO] [DATA] ONDOUSDT | now=0.3777 | entry=0.3748 | PnL=+0.77%
2026-06-17 21:16:41,253 [INFO] [INVENTORY] 9/10 slots used — 1 vacant.
2026-06-17 21:16:41,392 [INFO] [LIQUIDITY] Free USDT: $2.90
2026-06-17 21:16:41,392 [INFO] [STANDBY] Insufficient USDT (need $10.00).
2026-06-17 21:16:41,392 [INFO] [SLEEP] Sleeping for 120s…
2026-06-17 21:18:41,396 [INFO] ======================================================================
2026-06-17 21:18:41,396 [INFO] [LOOP] Cycle #7 | 2026-06-17 21:18:41
2026-06-17 21:18:41,396 [INFO] [MONITOR] Evaluating 9 open positions…
2026-06-17 21:18:41,535 [INFO] [DATA] TRXUSDT | now=0.3213 | entry=0.3173 | PnL=+1.26%
2026-06-17 21:18:41,663 [INFO] [DATA] RLUSDUSDT | now=1.0009 | entry=1.0008 | PnL=+0.01%
2026-06-17 21:18:41,801 [INFO] [DATA] WLDUSDT | now=0.6594 | entry=0.6348 | PnL=+3.88%
2026-06-17 21:18:41,950 [INFO] [DATA] XLMUSDT | now=0.2298 | entry=0.2262 | PnL=+1.59%
2026-06-17 21:18:42,090 [INFO] [DATA] ENAUSDT | now=0.0924 | entry=0.0897 | PnL=+3.01%
2026-06-17 21:18:42,226 [INFO] [DATA] AAVEUSDT | now=76.2100 | entry=75.0100 | PnL=+1.60%
2026-06-17 21:18:42,354 [INFO] [DATA] UNIUSDT | now=3.3210 | entry=3.3250 | PnL=-0.12%
2026-06-17 21:18:42,495 [INFO] [DATA] NEARUSDT | now=2.3750 | entry=2.3100 | PnL=+2.81%
2026-06-17 21:18:42,646 [INFO] [DATA] ONDOUSDT | now=0.3779 | entry=0.3748 | PnL=+0.83%
2026-06-17 21:18:42,646 [INFO] [INVENTORY] 9/10 slots used — 1 vacant.
2026-06-17 21:18:42,787 [INFO] [LIQUIDITY] Free USDT: $2.90
2026-06-17 21:18:42,787 [INFO] [STANDBY] Insufficient USDT (need $10.00).
2026-06-17 21:18:42,787 [INFO] [SLEEP] Sleeping for 120s…
2026-06-17 21:20:42,791 [INFO] ======================================================================
2026-06-17 21:20:42,791 [INFO] [LOOP] Cycle #8 | 2026-06-17 21:20:42
2026-06-17 21:20:42,791 [INFO] [MONITOR] Evaluating 9 open positions…
2026-06-17 21:20:42,931 [INFO] [DATA] TRXUSDT | now=0.3213 | entry=0.3173 | PnL=+1.26%
2026-06-17 21:20:43,065 [INFO] [DATA] RLUSDUSDT | now=1.0009 | entry=1.0008 | PnL=+0.01%
2026-06-17 21:20:43,196 [INFO] [DATA] WLDUSDT | now=0.6602 | entry=0.6348 | PnL=+4.00%
2026-06-17 21:20:43,341 [INFO] [DATA] XLMUSDT | now=0.2297 | entry=0.2262 | PnL=+1.55%
2026-06-17 21:20:43,483 [INFO] [DATA] ENAUSDT | now=0.0928 | entry=0.0897 | PnL=+3.46%
2026-06-17 21:20:43,611 [INFO] [DATA] AAVEUSDT | now=76.4200 | entry=75.0100 | PnL=+1.88%
2026-06-17 21:20:43,749 [INFO] [DATA] UNIUSDT | now=3.3150 | entry=3.3250 | PnL=-0.30%
2026-06-17 21:20:43,901 [INFO] [DATA] NEARUSDT | now=2.3770 | entry=2.3100 | PnL=+2.90%
2026-06-17 21:20:44,030 [INFO] [DATA] ONDOUSDT | now=0.3798 | entry=0.3748 | PnL=+1.33%
2026-06-17 21:20:44,030 [INFO] [INVENTORY] 9/10 slots used — 1 vacant.
2026-06-17 21:20:44,180 [INFO] [LIQUIDITY] Free USDT: $2.90
2026-06-17 21:20:44,180 [INFO] [STANDBY] Insufficient USDT (need $10.00).
2026-06-17 21:20:44,180 [INFO] [SLEEP] Sleeping for 120s…
2026-06-17 21:22:44,185 [INFO] ======================================================================
2026-06-17 21:22:44,185 [INFO] [LOOP] Cycle #9 | 2026-06-17 21:22:44
2026-06-17 21:22:44,185 [INFO] [MONITOR] Evaluating 9 open positions…
2026-06-17 21:22:44,325 [INFO] [DATA] TRXUSDT | now=0.3213 | entry=0.3173 | PnL=+1.26%
2026-06-17 21:22:44,465 [INFO] [DATA] RLUSDUSDT | now=1.0009 | entry=1.0008 | PnL=+0.01%
2026-06-17 21:22:44,604 [INFO] [DATA] WLDUSDT | now=0.6573 | entry=0.6348 | PnL=+3.54%
2026-06-17 21:22:44,747 [INFO] [DATA] XLMUSDT | now=0.2304 | entry=0.2262 | PnL=+1.86%
2026-06-17 21:22:44,879 [INFO] [DATA] ENAUSDT | now=0.0931 | entry=0.0897 | PnL=+3.79%
2026-06-17 21:22:45,014 [INFO] [DATA] AAVEUSDT | now=76.2800 | entry=75.0100 | PnL=+1.69%
2026-06-17 21:22:45,150 [INFO] [DATA] UNIUSDT | now=3.3050 | entry=3.3250 | PnL=-0.60%
2026-06-17 21:22:45,302 [INFO] [DATA] NEARUSDT | now=2.3670 | entry=2.3100 | PnL=+2.47%
2026-06-17 21:22:45,442 [INFO] [DATA] ONDOUSDT | now=0.3792 | entry=0.3748 | PnL=+1.17%
2026-06-17 21:22:45,442 [INFO] [INVENTORY] 9/10 slots used — 1 vacant.
2026-06-17 21:22:45,584 [INFO] [LIQUIDITY] Free USDT: $2.90
2026-06-17 21:22:45,584 [INFO] [STANDBY] Insufficient USDT (need $10.00).
2026-06-17 21:22:45,584 [INFO] [SLEEP] Sleeping for 120s…
2026-06-17 21:24:45,586 [INFO] ======================================================================
2026-06-17 21:24:45,586 [INFO] [LOOP] Cycle #10 | 2026-06-17 21:24:45
2026-06-17 21:24:45,586 [INFO] [MONITOR] Evaluating 9 open positions…
2026-06-17 21:24:45,713 [INFO] [DATA] TRXUSDT | now=0.3213 | entry=0.3173 | PnL=+1.26%
2026-06-17 21:24:45,848 [INFO] [DATA] RLUSDUSDT | now=1.0009 | entry=1.0008 | PnL=+0.01%
2026-06-17 21:24:45,990 [INFO] [DATA] WLDUSDT | now=0.6583 | entry=0.6348 | PnL=+3.70%
2026-06-17 21:24:46,119 [INFO] [DATA] XLMUSDT | now=0.2302 | entry=0.2262 | PnL=+1.77%
2026-06-17 21:24:46,260 [INFO] [DATA] ENAUSDT | now=0.0931 | entry=0.0897 | PnL=+3.79%
2026-06-17 21:24:46,411 [INFO] [DATA] AAVEUSDT | now=76.2800 | entry=75.0100 | PnL=+1.69%
2026-06-17 21:24:46,545 [INFO] [DATA] UNIUSDT | now=3.3030 | entry=3.3250 | PnL=-0.66%
2026-06-17 21:24:46,689 [INFO] [DATA] NEARUSDT | now=2.3660 | entry=2.3100 | PnL=+2.42%
2026-06-17 21:24:46,815 [INFO] [DATA] ONDOUSDT | now=0.3809 | entry=0.3748 | PnL=+1.63%
2026-06-17 21:24:46,830 [INFO] [INVENTORY] 9/10 slots used — 1 vacant.
2026-06-17 21:24:46,972 [INFO] [LIQUIDITY] Free USDT: $2.90
2026-06-17 21:24:46,972 [INFO] [STANDBY] Insufficient USDT (need $10.00).
2026-06-17 21:24:46,973 [INFO] [SLEEP] Sleeping for 120s…
2026-06-17 21:26:46,974 [INFO] ======================================================================
2026-06-17 21:26:46,974 [INFO] [LOOP] Cycle #11 | 2026-06-17 21:26:46
2026-06-17 21:26:46,974 [INFO] [MONITOR] Evaluating 9 open positions…
2026-06-17 21:26:47,114 [INFO] [DATA] TRXUSDT | now=0.3212 | entry=0.3173 | PnL=+1.23%
2026-06-17 21:26:47,240 [INFO] [DATA] RLUSDUSDT | now=1.0009 | entry=1.0008 | PnL=+0.01%
2026-06-17 21:26:47,394 [INFO] [DATA] WLDUSDT | now=0.6594 | entry=0.6348 | PnL=+3.88%
2026-06-17 21:26:47,523 [INFO] [DATA] XLMUSDT | now=0.2314 | entry=0.2262 | PnL=+2.30%
2026-06-17 21:26:47,670 [INFO] [DATA] ENAUSDT | now=0.0936 | entry=0.0897 | PnL=+4.35%
2026-06-17 21:26:47,797 [INFO] [DATA] AAVEUSDT | now=76.4300 | entry=75.0100 | PnL=+1.89%
2026-06-17 21:26:47,951 [INFO] [DATA] UNIUSDT | now=3.3500 | entry=3.3250 | PnL=+0.75%
2026-06-17 21:26:48,092 [INFO] [DATA] NEARUSDT | now=2.3770 | entry=2.3100 | PnL=+2.90%
2026-06-17 21:26:48,224 [INFO] [DATA] ONDOUSDT | now=0.3818 | entry=0.3748 | PnL=+1.87%
2026-06-17 21:26:48,224 [INFO] [INVENTORY] 9/10 slots used — 1 vacant.
2026-06-17 21:26:48,372 [INFO] [LIQUIDITY] Free USDT: $2.90
2026-06-17 21:26:48,372 [INFO] [STANDBY] Insufficient USDT (need $10.00).
2026-06-17 21:26:48,372 [INFO] [SLEEP] Sleeping for 120s…
2026-06-17 21:28:48,377 [INFO] ======================================================================
2026-06-17 21:28:48,377 [INFO] [LOOP] Cycle #12 | 2026-06-17 21:28:48
2026-06-17 21:28:48,377 [INFO] [MONITOR] Evaluating 9 open positions…
2026-06-17 21:28:48,506 [INFO] [DATA] TRXUSDT | now=0.3214 | entry=0.3173 | PnL=+1.29%
2026-06-17 21:28:48,642 [INFO] [DATA] RLUSDUSDT | now=1.0008 | entry=1.0008 | PnL=+0.00%
2026-06-17 21:28:48,781 [INFO] [DATA] WLDUSDT | now=0.6581 | entry=0.6348 | PnL=+3.67%
2026-06-17 21:28:48,933 [INFO] [DATA] XLMUSDT | now=0.2300 | entry=0.2262 | PnL=+1.68%
2026-06-17 21:28:49,071 [INFO] [DATA] ENAUSDT | now=0.0939 | entry=0.0897 | PnL=+4.68%
2026-06-17 21:28:49,198 [INFO] [DATA] AAVEUSDT | now=76.4500 | entry=75.0100 | PnL=+1.92%
2026-06-17 21:28:49,351 [INFO] [DATA] UNIUSDT | now=3.3350 | entry=3.3250 | PnL=+0.30%
2026-06-17 21:28:49,507 [INFO] [DATA] NEARUSDT | now=2.3830 | entry=2.3100 | PnL=+3.16%
2026-06-17 21:28:49,637 [INFO] [DATA] ONDOUSDT | now=0.3826 | entry=0.3748 | PnL=+2.08%
2026-06-17 21:28:49,637 [INFO] [INVENTORY] 9/10 slots used — 1 vacant.
2026-06-17 21:28:49,789 [INFO] [LIQUIDITY] Free USDT: $2.90
2026-06-17 21:28:49,789 [INFO] [STANDBY] Insufficient USDT (need $10.00).
2026-06-17 21:28:49,789 [INFO] [SLEEP] Sleeping for 120s…
2026-06-17 21:30:49,791 [INFO] ======================================================================
2026-06-17 21:30:49,791 [INFO] [LOOP] Cycle #13 | 2026-06-17 21:30:49
2026-06-17 21:30:49,791 [INFO] [MONITOR] Evaluating 9 open positions…
2026-06-17 21:30:49,931 [INFO] [DATA] TRXUSDT | now=0.3215 | entry=0.3173 | PnL=+1.32%
2026-06-17 21:30:50,064 [INFO] [DATA] RLUSDUSDT | now=1.0008 | entry=1.0008 | PnL=+0.00%
2026-06-17 21:30:50,195 [INFO] [DATA] WLDUSDT | now=0.6600 | entry=0.6348 | PnL=+3.97%
2026-06-17 21:30:50,347 [INFO] [DATA] XLMUSDT | now=0.2310 | entry=0.2262 | PnL=+2.12%
2026-06-17 21:30:50,481 [INFO] [DATA] ENAUSDT | now=0.0934 | entry=0.0897 | PnL=+4.12%
2026-06-17 21:30:50,627 [INFO] [DATA] AAVEUSDT | now=76.4500 | entry=75.0100 | PnL=+1.92%
2026-06-17 21:30:50,755 [INFO] [DATA] UNIUSDT | now=3.3230 | entry=3.3250 | PnL=-0.06%
2026-06-17 21:30:50,911 [INFO] [DATA] NEARUSDT | now=2.3790 | entry=2.3100 | PnL=+2.99%
2026-06-17 21:30:51,043 [INFO] [DATA] ONDOUSDT | now=0.3837 | entry=0.3748 | PnL=+2.37%
2026-06-17 21:30:51,043 [INFO] [INVENTORY] 9/10 slots used — 1 vacant.
2026-06-17 21:30:51,191 [INFO] [LIQUIDITY] Free USDT: $2.90
2026-06-17 21:30:51,191 [INFO] [STANDBY] Insufficient USDT (need $10.00).
2026-06-17 21:30:51,191 [INFO] [SLEEP] Sleeping for 120s…
2026-06-17 21:32:51,195 [INFO] ======================================================================
2026-06-17 21:32:51,195 [INFO] [LOOP] Cycle #14 | 2026-06-17 21:32:51
2026-06-17 21:32:51,195 [INFO] [MONITOR] Evaluating 9 open positions…
2026-06-17 21:32:51,327 [INFO] [DATA] TRXUSDT | now=0.3216 | entry=0.3173 | PnL=+1.36%
2026-06-17 21:32:51,476 [INFO] [DATA] RLUSDUSDT | now=1.0008 | entry=1.0008 | PnL=+0.00%
2026-06-17 21:32:51,601 [INFO] [DATA] WLDUSDT | now=0.6606 | entry=0.6348 | PnL=+4.06%
2026-06-17 21:32:51,971 [INFO] [DATA] XLMUSDT | now=0.2314 | entry=0.2262 | PnL=+2.30%
2026-06-17 21:32:52,098 [INFO] [DATA] ENAUSDT | now=0.0934 | entry=0.0897 | PnL=+4.12%
2026-06-17 21:32:52,247 [INFO] [DATA] AAVEUSDT | now=76.5800 | entry=75.0100 | PnL=+2.09%
2026-06-17 21:32:52,389 [INFO] [DATA] UNIUSDT | now=3.3380 | entry=3.3250 | PnL=+0.39%
2026-06-17 21:32:52,520 [INFO] [DATA] NEARUSDT | now=2.3850 | entry=2.3100 | PnL=+3.25%
2026-06-17 21:32:52,656 [INFO] [DATA] ONDOUSDT | now=0.3838 | entry=0.3748 | PnL=+2.40%
2026-06-17 21:32:52,656 [INFO] [INVENTORY] 9/10 slots used — 1 vacant.
2026-06-17 21:32:52,803 [INFO] [LIQUIDITY] Free USDT: $2.90
2026-06-17 21:32:52,803 [INFO] [STANDBY] Insufficient USDT (need $10.00).
2026-06-17 21:32:52,803 [INFO] [SLEEP] Sleeping for 120s…
2026-06-17 21:34:52,815 [INFO] ======================================================================
2026-06-17 21:34:52,815 [INFO] [LOOP] Cycle #15 | 2026-06-17 21:34:52
2026-06-17 21:34:52,815 [INFO] [MONITOR] Evaluating 9 open positions…
2026-06-17 21:34:52,838 [WARNING] [MONITOR] Could not fetch price for TRXUSDT: ('Connection aborted.', RemoteDisconnected('Remote end closed connection without response'))
2026-06-17 21:34:53,190 [INFO] [DATA] RLUSDUSDT | now=1.0009 | entry=1.0008 | PnL=+0.01%
2026-06-17 21:34:53,320 [INFO] [DATA] WLDUSDT | now=0.6604 | entry=0.6348 | PnL=+4.03%
2026-06-17 21:34:53,469 [INFO] [DATA] XLMUSDT | now=0.2325 | entry=0.2262 | PnL=+2.79%
2026-06-17 21:34:53,603 [INFO] [DATA] ENAUSDT | now=0.0935 | entry=0.0897 | PnL=+4.24%
2026-06-17 21:34:53,736 [INFO] [DATA] AAVEUSDT | now=76.7100 | entry=75.0100 | PnL=+2.27%
2026-06-17 21:34:53,868 [INFO] [DATA] UNIUSDT | now=3.3340 | entry=3.3250 | PnL=+0.27%
2026-06-17 21:34:54,003 [INFO] [DATA] NEARUSDT | now=2.3750 | entry=2.3100 | PnL=+2.81%
2026-06-17 21:34:54,141 [INFO] [DATA] ONDOUSDT | now=0.3832 | entry=0.3748 | PnL=+2.24%
2026-06-17 21:34:54,141 [INFO] [INVENTORY] 9/10 slots used — 1 vacant.
2026-06-17 21:34:54,287 [INFO] [LIQUIDITY] Free USDT: $0.00
2026-06-17 21:34:54,287 [INFO] [STANDBY] Insufficient USDT (need $10.00).
2026-06-17 21:34:54,287 [INFO] [SLEEP] Sleeping for 120s…
2026-06-17 21:36:54,290 [INFO] ======================================================================
2026-06-17 21:36:54,290 [INFO] [LOOP] Cycle #16 | 2026-06-17 21:36:54
2026-06-17 21:36:54,290 [INFO] [MONITOR] Evaluating 9 open positions…
2026-06-17 21:36:54,413 [INFO] [DATA] TRXUSDT | now=0.3218 | entry=0.3173 | PnL=+1.42%
2026-06-17 21:36:54,554 [INFO] [DATA] RLUSDUSDT | now=1.0009 | entry=1.0008 | PnL=+0.01%
2026-06-17 21:36:54,703 [INFO] [DATA] WLDUSDT | now=0.6592 | entry=0.6348 | PnL=+3.84%
2026-06-17 21:36:54,838 [INFO] [DATA] XLMUSDT | now=0.2324 | entry=0.2262 | PnL=+2.74%
2026-06-17 21:36:54,971 [INFO] [DATA] ENAUSDT | now=0.0934 | entry=0.0897 | PnL=+4.12%
2026-06-17 21:36:55,106 [INFO] [DATA] AAVEUSDT | now=76.6600 | entry=75.0100 | PnL=+2.20%
2026-06-17 21:36:55,238 [INFO] [DATA] UNIUSDT | now=3.3340 | entry=3.3250 | PnL=+0.27%
2026-06-17 21:36:55,388 [INFO] [DATA] NEARUSDT | now=2.3700 | entry=2.3100 | PnL=+2.60%
2026-06-17 21:36:55,522 [INFO] [DATA] ONDOUSDT | now=0.3818 | entry=0.3748 | PnL=+1.87%
2026-06-17 21:36:55,522 [INFO] [INVENTORY] 9/10 slots used — 1 vacant.
2026-06-17 21:36:55,655 [INFO] [LIQUIDITY] Free USDT: $0.00
2026-06-17 21:36:55,655 [INFO] [STANDBY] Insufficient USDT (need $10.00).
2026-06-17 21:36:55,655 [INFO] [SLEEP] Sleeping for 120s…
2026-06-17 21:38:55,667 [INFO] ======================================================================
2026-06-17 21:38:55,667 [INFO] [LOOP] Cycle #17 | 2026-06-17 21:38:55
2026-06-17 21:38:55,667 [INFO] [MONITOR] Evaluating 9 open positions…
2026-06-17 21:38:55,809 [INFO] [DATA] TRXUSDT | now=0.3217 | entry=0.3173 | PnL=+1.39%
2026-06-17 21:38:55,948 [INFO] [DATA] RLUSDUSDT | now=1.0009 | entry=1.0008 | PnL=+0.01%
2026-06-17 21:38:56,078 [INFO] [DATA] WLDUSDT | now=0.6589 | entry=0.6348 | PnL=+3.80%
2026-06-17 21:38:56,213 [INFO] [DATA] XLMUSDT | now=0.2307 | entry=0.2262 | PnL=+1.99%
2026-06-17 21:38:56,351 [INFO] [DATA] ENAUSDT | now=0.0932 | entry=0.0897 | PnL=+3.90%
2026-06-17 21:38:56,490 [INFO] [DATA] AAVEUSDT | now=76.6400 | entry=75.0100 | PnL=+2.17%
2026-06-17 21:38:56,630 [INFO] [DATA] UNIUSDT | now=3.3280 | entry=3.3250 | PnL=+0.09%
2026-06-17 21:38:56,767 [INFO] [DATA] NEARUSDT | now=2.3670 | entry=2.3100 | PnL=+2.47%
2026-06-17 21:38:56,906 [INFO] [DATA] ONDOUSDT | now=0.3818 | entry=0.3748 | PnL=+1.87%
2026-06-17 21:38:56,906 [INFO] [INVENTORY] 9/10 slots used — 1 vacant.
2026-06-17 21:38:57,039 [INFO] [LIQUIDITY] Free USDT: $0.00
2026-06-17 21:38:57,039 [INFO] [STANDBY] Insufficient USDT (need $10.00).
2026-06-17 21:38:57,039 [INFO] [SLEEP] Sleeping for 120s…
2026-06-17 21:40:57,053 [INFO] ======================================================================
2026-06-17 21:40:57,053 [INFO] [LOOP] Cycle #18 | 2026-06-17 21:40:57
2026-06-17 21:40:57,053 [INFO] [MONITOR] Evaluating 9 open positions…
2026-06-17 21:40:57,193 [INFO] [DATA] TRXUSDT | now=0.3218 | entry=0.3173 | PnL=+1.42%
2026-06-17 21:40:57,324 [INFO] [DATA] RLUSDUSDT | now=1.0009 | entry=1.0008 | PnL=+0.01%
2026-06-17 21:40:57,456 [INFO] [DATA] WLDUSDT | now=0.6616 | entry=0.6348 | PnL=+4.22%
2026-06-17 21:40:57,594 [INFO] [DATA] XLMUSDT | now=0.2298 | entry=0.2262 | PnL=+1.59%
2026-06-17 21:40:57,958 [INFO] [DATA] ENAUSDT | now=0.0933 | entry=0.0897 | PnL=+4.01%
2026-06-17 21:40:58,087 [INFO] [DATA] AAVEUSDT | now=76.5300 | entry=75.0100 | PnL=+2.03%
2026-06-17 21:40:58,230 [INFO] [DATA] UNIUSDT | now=3.3140 | entry=3.3250 | PnL=-0.33%
2026-06-17 21:40:58,365 [INFO] [DATA] NEARUSDT | now=2.3620 | entry=2.3100 | PnL=+2.25%
2026-06-17 21:40:58,503 [INFO] [DATA] ONDOUSDT | now=0.3809 | entry=0.3748 | PnL=+1.63%
2026-06-17 21:40:58,503 [INFO] [INVENTORY] 9/10 slots used — 1 vacant.
2026-06-17 21:40:58,641 [INFO] [LIQUIDITY] Free USDT: $0.00
2026-06-17 21:40:58,641 [INFO] [STANDBY] Insufficient USDT (need $10.00).
2026-06-17 21:40:58,641 [INFO] [SLEEP] Sleeping for 120s…
2026-06-17 21:42:58,652 [INFO] ======================================================================
2026-06-17 21:42:58,652 [INFO] [LOOP] Cycle #19 | 2026-06-17 21:42:58
2026-06-17 21:42:58,652 [INFO] [MONITOR] Evaluating 9 open positions…
2026-06-17 21:42:58,791 [INFO] [DATA] TRXUSDT | now=0.3219 | entry=0.3173 | PnL=+1.45%
2026-06-17 21:42:58,919 [INFO] [DATA] RLUSDUSDT | now=1.0010 | entry=1.0008 | PnL=+0.02%
2026-06-17 21:42:59,057 [INFO] [DATA] WLDUSDT | now=0.6610 | entry=0.6348 | PnL=+4.13%
2026-06-17 21:42:59,196 [INFO] [DATA] XLMUSDT | now=0.2301 | entry=0.2262 | PnL=+1.72%
2026-06-17 21:42:59,328 [INFO] [DATA] ENAUSDT | now=0.0937 | entry=0.0897 | PnL=+4.46%
2026-06-17 21:42:59,467 [INFO] [DATA] AAVEUSDT | now=76.7900 | entry=75.0100 | PnL=+2.37%
2026-06-17 21:42:59,607 [INFO] [DATA] UNIUSDT | now=3.3210 | entry=3.3250 | PnL=-0.12%
2026-06-17 21:42:59,741 [INFO] [DATA] NEARUSDT | now=2.3750 | entry=2.3100 | PnL=+2.81%
2026-06-17 21:42:59,881 [INFO] [DATA] ONDOUSDT | now=0.3817 | entry=0.3748 | PnL=+1.84%
2026-06-17 21:42:59,881 [INFO] [INVENTORY] 9/10 slots used — 1 vacant.
2026-06-17 21:43:00,015 [INFO] [LIQUIDITY] Free USDT: $0.00
2026-06-17 21:43:00,015 [INFO] [STANDBY] Insufficient USDT (need $10.00).
2026-06-17 21:43:00,015 [INFO] [SLEEP] Sleeping for 120s…
2026-06-17 21:45:00,030 [INFO] ======================================================================
2026-06-17 21:45:00,030 [INFO] [LOOP] Cycle #20 | 2026-06-17 21:45:00
2026-06-17 21:45:00,030 [INFO] [MONITOR] Evaluating 9 open positions…
2026-06-17 21:45:00,170 [INFO] [DATA] TRXUSDT | now=0.3219 | entry=0.3173 | PnL=+1.45%
2026-06-17 21:45:00,297 [INFO] [DATA] RLUSDUSDT | now=1.0009 | entry=1.0008 | PnL=+0.01%
2026-06-17 21:45:00,435 [INFO] [DATA] WLDUSDT | now=0.6636 | entry=0.6348 | PnL=+4.54%
2026-06-17 21:45:00,572 [INFO] [DATA] XLMUSDT | now=0.2280 | entry=0.2262 | PnL=+0.80%
2026-06-17 21:45:00,712 [INFO] [DATA] ENAUSDT | now=0.0936 | entry=0.0897 | PnL=+4.35%
2026-06-17 21:45:00,854 [INFO] [DATA] AAVEUSDT | now=76.7600 | entry=75.0100 | PnL=+2.33%
2026-06-17 21:45:00,987 [INFO] [DATA] UNIUSDT | now=3.3160 | entry=3.3250 | PnL=-0.27%
2026-06-17 21:45:01,130 [INFO] [DATA] NEARUSDT | now=2.3720 | entry=2.3100 | PnL=+2.68%
2026-06-17 21:45:01,261 [INFO] [DATA] ONDOUSDT | now=0.3813 | entry=0.3748 | PnL=+1.73%
2026-06-17 21:45:01,261 [INFO] [INVENTORY] 9/10 slots used — 1 vacant.
2026-06-17 21:45:01,405 [INFO] [LIQUIDITY] Free USDT: $0.00
2026-06-17 21:45:01,405 [INFO] [STANDBY] Insufficient USDT (need $10.00).
2026-06-17 21:45:01,405 [INFO] [SLEEP] Sleeping for 120s…
2026-06-17 21:47:01,415 [INFO] ======================================================================
2026-06-17 21:47:01,415 [INFO] [LOOP] Cycle #21 | 2026-06-17 21:47:01
2026-06-17 21:47:01,415 [INFO] [MONITOR] Evaluating 9 open positions…
2026-06-17 21:47:01,554 [INFO] [DATA] TRXUSDT | now=0.3219 | entry=0.3173 | PnL=+1.45%
2026-06-17 21:47:01,684 [INFO] [DATA] RLUSDUSDT | now=1.0009 | entry=1.0008 | PnL=+0.01%
2026-06-17 21:47:01,817 [INFO] [DATA] WLDUSDT | now=0.6649 | entry=0.6348 | PnL=+4.74%
2026-06-17 21:47:01,955 [INFO] [DATA] XLMUSDT | now=0.2290 | entry=0.2262 | PnL=+1.24%
2026-06-17 21:47:02,088 [INFO] [DATA] ENAUSDT | now=0.0939 | entry=0.0897 | PnL=+4.68%
2026-06-17 21:47:02,225 [INFO] [DATA] AAVEUSDT | now=76.9100 | entry=75.0100 | PnL=+2.53%
2026-06-17 21:47:02,365 [INFO] [DATA] UNIUSDT | now=3.3220 | entry=3.3250 | PnL=-0.09%
2026-06-17 21:47:02,504 [INFO] [DATA] NEARUSDT | now=2.3750 | entry=2.3100 | PnL=+2.81%
2026-06-17 21:47:02,637 [INFO] [DATA] ONDOUSDT | now=0.3819 | entry=0.3748 | PnL=+1.89%
2026-06-17 21:47:02,637 [INFO] [INVENTORY] 9/10 slots used — 1 vacant.
2026-06-17 21:47:02,777 [INFO] [LIQUIDITY] Free USDT: $0.00
2026-06-17 21:47:02,777 [INFO] [STANDBY] Insufficient USDT (need $10.00).
2026-06-17 21:47:02,777 [INFO] [SLEEP] Sleeping for 120s…
2026-06-17 21:49:02,789 [INFO] ======================================================================
2026-06-17 21:49:02,789 [INFO] [LOOP] Cycle #22 | 2026-06-17 21:49:02
2026-06-17 21:49:02,789 [INFO] [MONITOR] Evaluating 9 open positions…
2026-06-17 21:49:02,936 [INFO] [DATA] TRXUSDT | now=0.3220 | entry=0.3173 | PnL=+1.48%
2026-06-17 21:49:03,060 [INFO] [DATA] RLUSDUSDT | now=1.0010 | entry=1.0008 | PnL=+0.02%
2026-06-17 21:49:03,209 [INFO] [DATA] WLDUSDT | now=0.6642 | entry=0.6348 | PnL=+4.63%
2026-06-17 21:49:03,339 [INFO] [DATA] XLMUSDT | now=0.2277 | entry=0.2262 | PnL=+0.66%
2026-06-17 21:49:03,475 [INFO] [DATA] ENAUSDT | now=0.0936 | entry=0.0897 | PnL=+4.35%
2026-06-17 21:49:03,838 [INFO] [DATA] AAVEUSDT | now=76.8500 | entry=75.0100 | PnL=+2.45%
2026-06-17 21:49:03,983 [INFO] [DATA] UNIUSDT | now=3.3060 | entry=3.3250 | PnL=-0.57%
2026-06-17 21:49:04,110 [INFO] [DATA] NEARUSDT | now=2.3710 | entry=2.3100 | PnL=+2.64%
2026-06-17 21:49:04,249 [INFO] [DATA] ONDOUSDT | now=0.3813 | entry=0.3748 | PnL=+1.73%
2026-06-17 21:49:04,249 [INFO] [INVENTORY] 9/10 slots used — 1 vacant.
2026-06-17 21:49:04,389 [INFO] [LIQUIDITY] Free USDT: $0.00
2026-06-17 21:49:04,389 [INFO] [STANDBY] Insufficient USDT (need $10.00).
2026-06-17 21:49:04,389 [INFO] [SLEEP] Sleeping for 120s…
2026-06-17 21:51:04,400 [INFO] ======================================================================
2026-06-17 21:51:04,400 [INFO] [LOOP] Cycle #23 | 2026-06-17 21:51:04
2026-06-17 21:51:04,400 [INFO] [MONITOR] Evaluating 9 open positions…
2026-06-17 21:51:04,540 [INFO] [DATA] TRXUSDT | now=0.3220 | entry=0.3173 | PnL=+1.48%
2026-06-17 21:51:04,672 [INFO] [DATA] RLUSDUSDT | now=1.0009 | entry=1.0008 | PnL=+0.01%
2026-06-17 21:51:04,802 [INFO] [DATA] WLDUSDT | now=0.6630 | entry=0.6348 | PnL=+4.44%
2026-06-17 21:51:04,942 [INFO] [DATA] XLMUSDT | now=0.2282 | entry=0.2262 | PnL=+0.88%
2026-06-17 21:51:05,080 [INFO] [DATA] ENAUSDT | now=0.0937 | entry=0.0897 | PnL=+4.46%
2026-06-17 21:51:05,217 [INFO] [DATA] AAVEUSDT | now=76.6800 | entry=75.0100 | PnL=+2.23%
2026-06-17 21:51:05,352 [INFO] [DATA] UNIUSDT | now=3.2970 | entry=3.3250 | PnL=-0.84%
2026-06-17 21:51:05,494 [INFO] [DATA] NEARUSDT | now=2.3710 | entry=2.3100 | PnL=+2.64%
2026-06-17 21:51:05,635 [INFO] [DATA] ONDOUSDT | now=0.3816 | entry=0.3748 | PnL=+1.81%
2026-06-17 21:51:05,635 [INFO] [INVENTORY] 9/10 slots used — 1 vacant.
2026-06-17 21:51:05,768 [INFO] [LIQUIDITY] Free USDT: $0.00
2026-06-17 21:51:05,768 [INFO] [STANDBY] Insufficient USDT (need $10.00).
2026-06-17 21:51:05,782 [INFO] [SLEEP] Sleeping for 120s…
2026-06-17 21:53:05,782 [INFO] ======================================================================
2026-06-17 21:53:05,782 [INFO] [LOOP] Cycle #24 | 2026-06-17 21:53:05
2026-06-17 21:53:05,782 [INFO] [MONITOR] Evaluating 9 open positions…
2026-06-17 21:53:05,921 [INFO] [DATA] TRXUSDT | now=0.3220 | entry=0.3173 | PnL=+1.48%
2026-06-17 21:53:06,051 [INFO] [DATA] RLUSDUSDT | now=1.0010 | entry=1.0008 | PnL=+0.02%
2026-06-17 21:53:06,182 [INFO] [DATA] WLDUSDT | now=0.6624 | entry=0.6348 | PnL=+4.35%
2026-06-17 21:53:06,319 [INFO] [DATA] XLMUSDT | now=0.2289 | entry=0.2262 | PnL=+1.19%
2026-06-17 21:53:06,458 [INFO] [DATA] ENAUSDT | now=0.0941 | entry=0.0897 | PnL=+4.91%
2026-06-17 21:53:06,590 [INFO] [DATA] AAVEUSDT | now=76.7600 | entry=75.0100 | PnL=+2.33%
2026-06-17 21:53:06,728 [INFO] [DATA] UNIUSDT | now=3.2960 | entry=3.3250 | PnL=-0.87%
2026-06-17 21:53:06,875 [INFO] [DATA] NEARUSDT | now=2.3660 | entry=2.3100 | PnL=+2.42%
2026-06-17 21:53:07,004 [INFO] [DATA] ONDOUSDT | now=0.3816 | entry=0.3748 | PnL=+1.81%
2026-06-17 21:53:07,004 [INFO] [INVENTORY] 9/10 slots used — 1 vacant.
2026-06-17 21:53:07,140 [INFO] [LIQUIDITY] Free USDT: $0.00
2026-06-17 21:53:07,140 [INFO] [STANDBY] Insufficient USDT (need $10.00).
2026-06-17 21:53:07,140 [INFO] [SLEEP] Sleeping for 120s…
2026-06-17 21:55:07,153 [INFO] ======================================================================
2026-06-17 21:55:07,153 [INFO] [LOOP] Cycle #25 | 2026-06-17 21:55:07
2026-06-17 21:55:07,153 [INFO] [MONITOR] Evaluating 9 open positions…
2026-06-17 21:55:07,297 [INFO] [DATA] TRXUSDT | now=0.3220 | entry=0.3173 | PnL=+1.48%
2026-06-17 21:55:07,426 [INFO] [DATA] RLUSDUSDT | now=1.0010 | entry=1.0008 | PnL=+0.02%
2026-06-17 21:55:07,561 [INFO] [DATA] WLDUSDT | now=0.6639 | entry=0.6348 | PnL=+4.58%
2026-06-17 21:55:07,697 [INFO] [DATA] XLMUSDT | now=0.2284 | entry=0.2262 | PnL=+0.97%
2026-06-17 21:55:07,839 [INFO] [DATA] ENAUSDT | now=0.0940 | entry=0.0897 | PnL=+4.79%
2026-06-17 21:55:07,972 [INFO] [DATA] AAVEUSDT | now=76.9500 | entry=75.0100 | PnL=+2.59%
2026-06-17 21:55:08,113 [INFO] [DATA] UNIUSDT | now=3.3150 | entry=3.3250 | PnL=-0.30%
2026-06-17 21:55:08,248 [INFO] [DATA] NEARUSDT | now=2.3680 | entry=2.3100 | PnL=+2.51%
2026-06-17 21:55:08,385 [INFO] [DATA] ONDOUSDT | now=0.3830 | entry=0.3748 | PnL=+2.19%
2026-06-17 21:55:08,385 [INFO] [INVENTORY] 9/10 slots used — 1 vacant.
2026-06-17 21:55:08,522 [INFO] [LIQUIDITY] Free USDT: $0.00
2026-06-17 21:55:08,522 [INFO] [STANDBY] Insufficient USDT (need $10.00).
2026-06-17 21:55:08,522 [INFO] [SLEEP] Sleeping for 120s…
2026-06-17 21:57:08,535 [INFO] ======================================================================
2026-06-17 21:57:08,535 [INFO] [LOOP] Cycle #26 | 2026-06-17 21:57:08
2026-06-17 21:57:08,535 [INFO] [MONITOR] Evaluating 9 open positions…
2026-06-17 21:57:08,671 [INFO] [DATA] TRXUSDT | now=0.3222 | entry=0.3173 | PnL=+1.54%
2026-06-17 21:57:08,796 [INFO] [DATA] RLUSDUSDT | now=1.0010 | entry=1.0008 | PnL=+0.02%
2026-06-17 21:57:08,936 [INFO] [DATA] WLDUSDT | now=0.6651 | entry=0.6348 | PnL=+4.77%
2026-06-17 21:57:09,075 [INFO] [DATA] XLMUSDT | now=0.2282 | entry=0.2262 | PnL=+0.88%
2026-06-17 21:57:09,208 [INFO] [DATA] ENAUSDT | now=0.0945 | entry=0.0897 | PnL=+5.35%
2026-06-17 21:57:09,350 [INFO] [DATA] AAVEUSDT | now=77.5400 | entry=75.0100 | PnL=+3.37%
2026-06-17 21:57:09,483 [INFO] [DATA] UNIUSDT | now=3.3350 | entry=3.3250 | PnL=+0.30%
2026-06-17 21:57:09,621 [INFO] [DATA] NEARUSDT | now=2.3780 | entry=2.3100 | PnL=+2.94%
2026-06-17 21:57:09,756 [INFO] [DATA] ONDOUSDT | now=0.3834 | entry=0.3748 | PnL=+2.29%
2026-06-17 21:57:09,756 [INFO] [INVENTORY] 9/10 slots used — 1 vacant.
2026-06-17 21:57:09,897 [INFO] [LIQUIDITY] Free USDT: $0.00
2026-06-17 21:57:09,897 [INFO] [STANDBY] Insufficient USDT (need $10.00).
2026-06-17 21:57:09,897 [INFO] [SLEEP] Sleeping for 120s…
2026-06-17 21:59:09,910 [INFO] ======================================================================
2026-06-17 21:59:09,910 [INFO] [LOOP] Cycle #27 | 2026-06-17 21:59:09
2026-06-17 21:59:09,910 [INFO] [MONITOR] Evaluating 9 open positions…
2026-06-17 21:59:10,049 [INFO] [DATA] TRXUSDT | now=0.3220 | entry=0.3173 | PnL=+1.48%
2026-06-17 21:59:10,178 [INFO] [DATA] RLUSDUSDT | now=1.0009 | entry=1.0008 | PnL=+0.01%
2026-06-17 21:59:10,314 [INFO] [DATA] WLDUSDT | now=0.6684 | entry=0.6348 | PnL=+5.29%
2026-06-17 21:59:10,451 [INFO] [DATA] XLMUSDT | now=0.2292 | entry=0.2262 | PnL=+1.33%
2026-06-17 21:59:10,592 [INFO] [DATA] ENAUSDT | now=0.0947 | entry=0.0897 | PnL=+5.57%
2026-06-17 21:59:10,724 [INFO] [DATA] AAVEUSDT | now=77.6700 | entry=75.0100 | PnL=+3.55%
2026-06-17 21:59:10,863 [INFO] [DATA] UNIUSDT | now=3.3290 | entry=3.3250 | PnL=+0.12%
2026-06-17 21:59:10,997 [INFO] [DATA] NEARUSDT | now=2.3820 | entry=2.3100 | PnL=+3.12%
2026-06-17 21:59:11,139 [INFO] [DATA] ONDOUSDT | now=0.3835 | entry=0.3748 | PnL=+2.32%
2026-06-17 21:59:11,139 [INFO] [INVENTORY] 9/10 slots used — 1 vacant.
2026-06-17 21:59:11,280 [INFO] [LIQUIDITY] Free USDT: $0.00
2026-06-17 21:59:11,280 [INFO] [STANDBY] Insufficient USDT (need $10.00).
2026-06-17 21:59:11,280 [INFO] [SLEEP] Sleeping for 120s…
2026-06-17 22:01:11,290 [INFO] ======================================================================
2026-06-17 22:01:11,290 [INFO] [LOOP] Cycle #28 | 2026-06-17 22:01:11
2026-06-17 22:01:11,290 [INFO] [MONITOR] Evaluating 9 open positions…
2026-06-17 22:01:11,429 [INFO] [DATA] TRXUSDT | now=0.3220 | entry=0.3173 | PnL=+1.48%
2026-06-17 22:01:11,559 [INFO] [DATA] RLUSDUSDT | now=1.0009 | entry=1.0008 | PnL=+0.01%
2026-06-17 22:01:11,698 [INFO] [DATA] WLDUSDT | now=0.6632 | entry=0.6348 | PnL=+4.47%
2026-06-17 22:01:11,838 [INFO] [DATA] XLMUSDT | now=0.2272 | entry=0.2262 | PnL=+0.44%
2026-06-17 22:01:11,971 [INFO] [DATA] ENAUSDT | now=0.0944 | entry=0.0897 | PnL=+5.24%
2026-06-17 22:01:12,112 [INFO] [DATA] AAVEUSDT | now=77.5300 | entry=75.0100 | PnL=+3.36%
2026-06-17 22:01:12,247 [INFO] [DATA] UNIUSDT | now=3.3280 | entry=3.3250 | PnL=+0.09%
2026-06-17 22:01:12,387 [INFO] [DATA] NEARUSDT | now=2.3740 | entry=2.3100 | PnL=+2.77%
2026-06-17 22:01:12,521 [INFO] [DATA] ONDOUSDT | now=0.3816 | entry=0.3748 | PnL=+1.81%
2026-06-17 22:01:12,521 [INFO] [INVENTORY] 9/10 slots used — 1 vacant.
2026-06-17 22:01:12,663 [INFO] [LIQUIDITY] Free USDT: $0.00
2026-06-17 22:01:12,663 [INFO] [STANDBY] Insufficient USDT (need $10.00).
2026-06-17 22:01:12,663 [INFO] [SLEEP] Sleeping for 120s…
2026-06-17 22:03:12,673 [INFO] ======================================================================
2026-06-17 22:03:12,673 [INFO] [LOOP] Cycle #29 | 2026-06-17 22:03:12
2026-06-17 22:03:12,673 [INFO] [MONITOR] Evaluating 9 open positions…
2026-06-17 22:03:12,810 [INFO] [DATA] TRXUSDT | now=0.3221 | entry=0.3173 | PnL=+1.51%
2026-06-17 22:03:12,940 [INFO] [DATA] RLUSDUSDT | now=1.0009 | entry=1.0008 | PnL=+0.01%
2026-06-17 22:03:13,077 [INFO] [DATA] WLDUSDT | now=0.6640 | entry=0.6348 | PnL=+4.60%
2026-06-17 22:03:13,214 [INFO] [DATA] XLMUSDT | now=0.2271 | entry=0.2262 | PnL=+0.40%
2026-06-17 22:03:13,350 [INFO] [DATA] ENAUSDT | now=0.0946 | entry=0.0897 | PnL=+5.46%
2026-06-17 22:03:13,488 [INFO] [DATA] AAVEUSDT | now=77.5400 | entry=75.0100 | PnL=+3.37%
2026-06-17 22:03:13,624 [INFO] [DATA] UNIUSDT | now=3.3300 | entry=3.3250 | PnL=+0.15%
2026-06-17 22:03:13,775 [INFO] [DATA] NEARUSDT | now=2.3660 | entry=2.3100 | PnL=+2.42%
2026-06-17 22:03:13,904 [INFO] [DATA] ONDOUSDT | now=0.3817 | entry=0.3748 | PnL=+1.84%
2026-06-17 22:03:13,904 [INFO] [INVENTORY] 9/10 slots used — 1 vacant.
2026-06-17 22:03:14,047 [INFO] [LIQUIDITY] Free USDT: $0.00
2026-06-17 22:03:14,047 [INFO] [STANDBY] Insufficient USDT (need $10.00).
2026-06-17 22:03:14,047 [INFO] [SLEEP] Sleeping for 120s…
2026-06-17 22:05:14,051 [INFO] ======================================================================
2026-06-17 22:05:14,051 [INFO] [LOOP] Cycle #30 | 2026-06-17 22:05:14
2026-06-17 22:05:14,051 [INFO] [MONITOR] Evaluating 9 open positions…
2026-06-17 22:05:14,191 [INFO] [DATA] TRXUSDT | now=0.3216 | entry=0.3173 | PnL=+1.36%
2026-06-17 22:05:14,317 [INFO] [DATA] RLUSDUSDT | now=1.0009 | entry=1.0008 | PnL=+0.01%
2026-06-17 22:05:14,458 [INFO] [DATA] WLDUSDT | now=0.6635 | entry=0.6348 | PnL=+4.52%
2026-06-17 22:05:14,593 [INFO] [DATA] XLMUSDT | now=0.2268 | entry=0.2262 | PnL=+0.27%
2026-06-17 22:05:14,735 [INFO] [DATA] ENAUSDT | now=0.0949 | entry=0.0897 | PnL=+5.80%
2026-06-17 22:05:14,865 [INFO] [DATA] AAVEUSDT | now=77.6300 | entry=75.0100 | PnL=+3.49%
2026-06-17 22:05:14,998 [INFO] [DATA] UNIUSDT | now=3.3340 | entry=3.3250 | PnL=+0.27%
2026-06-17 22:05:15,140 [INFO] [DATA] NEARUSDT | now=2.3640 | entry=2.3100 | PnL=+2.34%
2026-06-17 22:05:15,497 [INFO] [DATA] ONDOUSDT | now=0.3814 | entry=0.3748 | PnL=+1.76%
2026-06-17 22:05:15,497 [INFO] [INVENTORY] 9/10 slots used — 1 vacant.
2026-06-17 22:05:15,630 [INFO] [LIQUIDITY] Free USDT: $0.00
2026-06-17 22:05:15,630 [INFO] [STANDBY] Insufficient USDT (need $10.00).
2026-06-17 22:05:15,630 [INFO] [SLEEP] Sleeping for 120s…
2026-06-17 22:07:15,644 [INFO] ======================================================================
2026-06-17 22:07:15,644 [INFO] [LOOP] Cycle #31 | 2026-06-17 22:07:15
2026-06-17 22:07:15,644 [INFO] [MONITOR] Evaluating 9 open positions…
2026-06-17 22:07:15,779 [INFO] [DATA] TRXUSDT | now=0.3213 | entry=0.3173 | PnL=+1.26%
2026-06-17 22:07:15,911 [INFO] [DATA] RLUSDUSDT | now=1.0009 | entry=1.0008 | PnL=+0.01%
2026-06-17 22:07:16,042 [INFO] [DATA] WLDUSDT | now=0.6623 | entry=0.6348 | PnL=+4.33%
2026-06-17 22:07:16,182 [INFO] [DATA] XLMUSDT | now=0.2275 | entry=0.2262 | PnL=+0.57%
2026-06-17 22:07:16,318 [INFO] [DATA] ENAUSDT | now=0.0950 | entry=0.0897 | PnL=+5.91%
2026-06-17 22:07:16,453 [INFO] [DATA] AAVEUSDT | now=77.6600 | entry=75.0100 | PnL=+3.53%
2026-06-17 22:07:16,590 [INFO] [DATA] UNIUSDT | now=3.3230 | entry=3.3250 | PnL=-0.06%
2026-06-17 22:07:16,726 [INFO] [DATA] NEARUSDT | now=2.3650 | entry=2.3100 | PnL=+2.38%
2026-06-17 22:07:16,864 [INFO] [DATA] ONDOUSDT | now=0.3816 | entry=0.3748 | PnL=+1.81%
2026-06-17 22:07:16,864 [INFO] [INVENTORY] 9/10 slots used — 1 vacant.
2026-06-17 22:07:17,005 [INFO] [LIQUIDITY] Free USDT: $0.00
2026-06-17 22:07:17,005 [INFO] [STANDBY] Insufficient USDT (need $10.00).
2026-06-17 22:07:17,005 [INFO] [SLEEP] Sleeping for 120s…
2026-06-17 22:09:17,015 [INFO] ======================================================================
2026-06-17 22:09:17,015 [INFO] [LOOP] Cycle #32 | 2026-06-17 22:09:17
2026-06-17 22:09:17,015 [INFO] [MONITOR] Evaluating 9 open positions…
2026-06-17 22:09:17,154 [INFO] [DATA] TRXUSDT | now=0.3214 | entry=0.3173 | PnL=+1.29%
2026-06-17 22:09:17,293 [INFO] [DATA] RLUSDUSDT | now=1.0009 | entry=1.0008 | PnL=+0.01%
2026-06-17 22:09:17,646 [INFO] [DATA] WLDUSDT | now=0.6641 | entry=0.6348 | PnL=+4.62%
2026-06-17 22:09:17,788 [INFO] [DATA] XLMUSDT | now=0.2281 | entry=0.2262 | PnL=+0.84%
2026-06-17 22:09:17,917 [INFO] [DATA] ENAUSDT | now=0.0953 | entry=0.0897 | PnL=+6.24%
2026-06-17 22:09:18,057 [INFO] [DATA] AAVEUSDT | now=77.5800 | entry=75.0100 | PnL=+3.43%
2026-06-17 22:09:18,191 [INFO] [DATA] UNIUSDT | now=3.3260 | entry=3.3250 | PnL=+0.03%
2026-06-17 22:09:18,331 [INFO] [DATA] NEARUSDT | now=2.3670 | entry=2.3100 | PnL=+2.47%
2026-06-17 22:09:18,470 [INFO] [DATA] ONDOUSDT | now=0.3805 | entry=0.3748 | PnL=+1.52%
2026-06-17 22:09:18,470 [INFO] [INVENTORY] 9/10 slots used — 1 vacant.
2026-06-17 22:09:18,605 [INFO] [LIQUIDITY] Free USDT: $0.00
2026-06-17 22:09:18,605 [INFO] [STANDBY] Insufficient USDT (need $10.00).
2026-06-17 22:09:18,605 [INFO] [SLEEP] Sleeping for 120s…
2026-06-17 22:11:18,619 [INFO] ======================================================================
2026-06-17 22:11:18,619 [INFO] [LOOP] Cycle #33 | 2026-06-17 22:11:18
2026-06-17 22:11:18,619 [INFO] [MONITOR] Evaluating 9 open positions…
2026-06-17 22:11:18,757 [INFO] [DATA] TRXUSDT | now=0.3214 | entry=0.3173 | PnL=+1.29%
2026-06-17 22:11:18,884 [INFO] [DATA] RLUSDUSDT | now=1.0009 | entry=1.0008 | PnL=+0.01%
2026-06-17 22:11:19,022 [INFO] [DATA] WLDUSDT | now=0.6638 | entry=0.6348 | PnL=+4.57%
2026-06-17 22:11:19,158 [INFO] [DATA] XLMUSDT | now=0.2282 | entry=0.2262 | PnL=+0.88%
2026-06-17 22:11:19,296 [INFO] [DATA] ENAUSDT | now=0.0952 | entry=0.0897 | PnL=+6.13%
2026-06-17 22:11:19,436 [INFO] [DATA] AAVEUSDT | now=77.3800 | entry=75.0100 | PnL=+3.16%
2026-06-17 22:11:19,576 [INFO] [DATA] UNIUSDT | now=3.3200 | entry=3.3250 | PnL=-0.15%
2026-06-17 22:11:19,713 [INFO] [DATA] NEARUSDT | now=2.3580 | entry=2.3100 | PnL=+2.08%
2026-06-17 22:11:19,851 [INFO] [DATA] ONDOUSDT | now=0.3805 | entry=0.3748 | PnL=+1.52%
2026-06-17 22:11:19,851 [INFO] [INVENTORY] 9/10 slots used — 1 vacant.
2026-06-17 22:11:19,994 [INFO] [LIQUIDITY] Free USDT: $0.00
2026-06-17 22:11:19,994 [INFO] [STANDBY] Insufficient USDT (need $10.00).
2026-06-17 22:11:19,994 [INFO] [SLEEP] Sleeping for 120s…
2026-06-17 22:13:19,999 [INFO] ======================================================================
2026-06-17 22:13:19,999 [INFO] [LOOP] Cycle #34 | 2026-06-17 22:13:19
2026-06-17 22:13:19,999 [INFO] [MONITOR] Evaluating 9 open positions…
2026-06-17 22:13:20,121 [INFO] [DATA] TRXUSDT | now=0.3214 | entry=0.3173 | PnL=+1.29%
2026-06-17 22:13:20,270 [INFO] [DATA] RLUSDUSDT | now=1.0010 | entry=1.0008 | PnL=+0.02%
2026-06-17 22:13:20,404 [INFO] [DATA] WLDUSDT | now=0.6683 | entry=0.6348 | PnL=+5.28%
2026-06-17 22:13:20,546 [INFO] [DATA] XLMUSDT | now=0.2269 | entry=0.2262 | PnL=+0.31%
2026-06-17 22:13:20,673 [INFO] [DATA] ENAUSDT | now=0.0952 | entry=0.0897 | PnL=+6.13%
2026-06-17 22:13:20,814 [INFO] [DATA] AAVEUSDT | now=77.2500 | entry=75.0100 | PnL=+2.99%
2026-06-17 22:13:20,949 [INFO] [DATA] UNIUSDT | now=3.3210 | entry=3.3250 | PnL=-0.12%
2026-06-17 22:13:21,087 [INFO] [DATA] NEARUSDT | now=2.3600 | entry=2.3100 | PnL=+2.16%
2026-06-17 22:13:21,218 [INFO] [DATA] ONDOUSDT | now=0.3803 | entry=0.3748 | PnL=+1.47%
2026-06-17 22:13:21,218 [INFO] [INVENTORY] 9/10 slots used — 1 vacant.
2026-06-17 22:13:21,360 [INFO] [LIQUIDITY] Free USDT: $0.00
2026-06-17 22:13:21,360 [INFO] [STANDBY] Insufficient USDT (need $10.00).
2026-06-17 22:13:21,360 [INFO] [SLEEP] Sleeping for 120s…
2026-06-17 22:15:21,364 [INFO] ======================================================================
2026-06-17 22:15:21,364 [INFO] [LOOP] Cycle #35 | 2026-06-17 22:15:21
2026-06-17 22:15:21,365 [INFO] [MONITOR] Evaluating 9 open positions…
2026-06-17 22:15:21,498 [INFO] [DATA] TRXUSDT | now=0.3214 | entry=0.3173 | PnL=+1.29%
2026-06-17 22:15:21,627 [INFO] [DATA] RLUSDUSDT | now=1.0009 | entry=1.0008 | PnL=+0.01%
2026-06-17 22:15:21,771 [INFO] [DATA] WLDUSDT | now=0.6656 | entry=0.6348 | PnL=+4.85%
2026-06-17 22:15:21,909 [INFO] [DATA] XLMUSDT | now=0.2273 | entry=0.2262 | PnL=+0.49%
2026-06-17 22:15:22,041 [INFO] [DATA] ENAUSDT | now=0.0952 | entry=0.0897 | PnL=+6.13%
2026-06-17 22:15:22,192 [INFO] [DATA] AAVEUSDT | now=77.2600 | entry=75.0100 | PnL=+3.00%
2026-06-17 22:15:22,318 [INFO] [DATA] UNIUSDT | now=3.3240 | entry=3.3250 | PnL=-0.03%
2026-06-17 22:15:22,456 [INFO] [DATA] NEARUSDT | now=2.3580 | entry=2.3100 | PnL=+2.08%
2026-06-17 22:15:22,595 [INFO] [DATA] ONDOUSDT | now=0.3798 | entry=0.3748 | PnL=+1.33%
2026-06-17 22:15:22,595 [INFO] [INVENTORY] 9/10 slots used — 1 vacant.
2026-06-17 22:15:22,744 [INFO] [LIQUIDITY] Free USDT: $0.00
2026-06-17 22:15:22,744 [INFO] [STANDBY] Insufficient USDT (need $10.00).
2026-06-17 22:15:22,744 [INFO] [SLEEP] Sleeping for 120s…
2026-06-17 22:17:22,745 [INFO] ======================================================================
2026-06-17 22:17:22,745 [INFO] [LOOP] Cycle #36 | 2026-06-17 22:17:22
2026-06-17 22:17:22,745 [INFO] [MONITOR] Evaluating 9 open positions…
2026-06-17 22:17:22,886 [INFO] [DATA] TRXUSDT | now=0.3215 | entry=0.3173 | PnL=+1.32%
2026-06-17 22:17:23,024 [INFO] [DATA] RLUSDUSDT | now=1.0009 | entry=1.0008 | PnL=+0.01%
2026-06-17 22:17:23,159 [INFO] [DATA] WLDUSDT | now=0.6645 | entry=0.6348 | PnL=+4.68%
2026-06-17 22:17:23,286 [INFO] [DATA] XLMUSDT | now=0.2267 | entry=0.2262 | PnL=+0.22%
2026-06-17 22:17:23,425 [INFO] [DATA] ENAUSDT | now=0.0942 | entry=0.0897 | PnL=+5.02%
2026-06-17 22:17:23,567 [INFO] [DATA] AAVEUSDT | now=77.2900 | entry=75.0100 | PnL=+3.04%
2026-06-17 22:17:23,694 [INFO] [DATA] UNIUSDT | now=3.3150 | entry=3.3250 | PnL=-0.30%
2026-06-17 22:17:23,838 [INFO] [DATA] NEARUSDT | now=2.3580 | entry=2.3100 | PnL=+2.08%
2026-06-17 22:17:24,190 [INFO] [DATA] ONDOUSDT | now=0.3796 | entry=0.3748 | PnL=+1.28%
2026-06-17 22:17:24,190 [INFO] [INVENTORY] 9/10 slots used — 1 vacant.
2026-06-17 22:17:24,329 [INFO] [LIQUIDITY] Free USDT: $0.00
2026-06-17 22:17:24,329 [INFO] [STANDBY] Insufficient USDT (need $10.00).
2026-06-17 22:17:24,329 [INFO] [SLEEP] Sleeping for 120s…
2026-06-17 22:19:24,332 [INFO] ======================================================================
2026-06-17 22:19:24,332 [INFO] [LOOP] Cycle #37 | 2026-06-17 22:19:24
2026-06-17 22:19:24,332 [INFO] [MONITOR] Evaluating 9 open positions…
2026-06-17 22:19:24,468 [INFO] [DATA] TRXUSDT | now=0.3215 | entry=0.3173 | PnL=+1.32%
2026-06-17 22:19:24,599 [INFO] [DATA] RLUSDUSDT | now=1.0010 | entry=1.0008 | PnL=+0.02%
2026-06-17 22:19:24,733 [INFO] [DATA] WLDUSDT | now=0.6641 | entry=0.6348 | PnL=+4.62%
2026-06-17 22:19:24,882 [INFO] [DATA] XLMUSDT | now=0.2256 | entry=0.2262 | PnL=-0.27%
2026-06-17 22:19:25,016 [INFO] [DATA] ENAUSDT | now=0.0936 | entry=0.0897 | PnL=+4.35%
2026-06-17 22:19:25,149 [INFO] [DATA] AAVEUSDT | now=77.1700 | entry=75.0100 | PnL=+2.88%
2026-06-17 22:19:25,284 [INFO] [DATA] UNIUSDT | now=3.3100 | entry=3.3250 | PnL=-0.45%
2026-06-17 22:19:25,419 [INFO] [DATA] NEARUSDT | now=2.3490 | entry=2.3100 | PnL=+1.69%
2026-06-17 22:19:25,566 [INFO] [DATA] ONDOUSDT | now=0.3787 | entry=0.3748 | PnL=+1.04%
2026-06-17 22:19:25,566 [INFO] [INVENTORY] 9/10 slots used — 1 vacant.
2026-06-17 22:19:25,700 [INFO] [LIQUIDITY] Free USDT: $0.00
2026-06-17 22:19:25,700 [INFO] [STANDBY] Insufficient USDT (need $10.00).
2026-06-17 22:19:25,700 [INFO] [SLEEP] Sleeping for 120s…
2026-06-17 22:21:25,709 [INFO] ======================================================================
2026-06-17 22:21:25,709 [INFO] [LOOP] Cycle #38 | 2026-06-17 22:21:25
2026-06-17 22:21:25,709 [INFO] [MONITOR] Evaluating 9 open positions…
2026-06-17 22:21:25,846 [INFO] [DATA] TRXUSDT | now=0.3214 | entry=0.3173 | PnL=+1.29%
2026-06-17 22:21:25,975 [INFO] [DATA] RLUSDUSDT | now=1.0009 | entry=1.0008 | PnL=+0.01%
2026-06-17 22:21:26,111 [INFO] [DATA] WLDUSDT | now=0.6645 | entry=0.6348 | PnL=+4.68%
2026-06-17 22:21:26,247 [INFO] [DATA] XLMUSDT | now=0.2254 | entry=0.2262 | PnL=-0.35%
2026-06-17 22:21:26,393 [INFO] [DATA] ENAUSDT | now=0.0934 | entry=0.0897 | PnL=+4.12%
2026-06-17 22:21:26,524 [INFO] [DATA] AAVEUSDT | now=77.0300 | entry=75.0100 | PnL=+2.69%
2026-06-17 22:21:26,661 [INFO] [DATA] UNIUSDT | now=3.3010 | entry=3.3250 | PnL=-0.72%
2026-06-17 22:21:26,813 [INFO] [DATA] NEARUSDT | now=2.3460 | entry=2.3100 | PnL=+1.56%
2026-06-17 22:21:26,938 [INFO] [DATA] ONDOUSDT | now=0.3781 | entry=0.3748 | PnL=+0.88%
2026-06-17 22:21:26,938 [INFO] [INVENTORY] 9/10 slots used — 1 vacant.
2026-06-17 22:21:27,077 [INFO] [LIQUIDITY] Free USDT: $0.00
2026-06-17 22:21:27,077 [INFO] [STANDBY] Insufficient USDT (need $10.00).
2026-06-17 22:21:27,077 [INFO] [SLEEP] Sleeping for 120s…
2026-06-17 22:23:27,091 [INFO] ======================================================================
2026-06-17 22:23:27,091 [INFO] [LOOP] Cycle #39 | 2026-06-17 22:23:27
2026-06-17 22:23:27,091 [INFO] [MONITOR] Evaluating 9 open positions…
2026-06-17 22:23:27,216 [INFO] [DATA] TRXUSDT | now=0.3214 | entry=0.3173 | PnL=+1.29%
2026-06-17 22:23:27,363 [INFO] [DATA] RLUSDUSDT | now=1.0009 | entry=1.0008 | PnL=+0.01%
2026-06-17 22:23:27,501 [INFO] [DATA] WLDUSDT | now=0.6635 | entry=0.6348 | PnL=+4.52%
2026-06-17 22:23:27,628 [INFO] [DATA] XLMUSDT | now=0.2264 | entry=0.2262 | PnL=+0.09%
2026-06-17 22:23:27,773 [INFO] [DATA] ENAUSDT | now=0.0927 | entry=0.0897 | PnL=+3.34%
2026-06-17 22:23:27,902 [INFO] [DATA] AAVEUSDT | now=76.7100 | entry=75.0100 | PnL=+2.27%
2026-06-17 22:23:28,036 [INFO] [DATA] UNIUSDT | now=3.2950 | entry=3.3250 | PnL=-0.90%
2026-06-17 22:23:28,184 [INFO] [DATA] NEARUSDT | now=2.3380 | entry=2.3100 | PnL=+1.21%
2026-06-17 22:23:28,307 [INFO] [DATA] ONDOUSDT | now=0.3770 | entry=0.3748 | PnL=+0.59%
2026-06-17 22:23:28,307 [INFO] [INVENTORY] 9/10 slots used — 1 vacant.
2026-06-17 22:23:28,450 [INFO] [LIQUIDITY] Free USDT: $0.00
2026-06-17 22:23:28,450 [INFO] [STANDBY] Insufficient USDT (need $10.00).
2026-06-17 22:23:28,450 [INFO] [SLEEP] Sleeping for 120s…
2026-06-17 22:25:28,462 [INFO] ======================================================================
2026-06-17 22:25:28,462 [INFO] [LOOP] Cycle #40 | 2026-06-17 22:25:28
2026-06-17 22:25:28,462 [INFO] [MONITOR] Evaluating 9 open positions…
2026-06-17 22:25:28,590 [INFO] [DATA] TRXUSDT | now=0.3215 | entry=0.3173 | PnL=+1.32%
2026-06-17 22:25:28,730 [INFO] [DATA] RLUSDUSDT | now=1.0009 | entry=1.0008 | PnL=+0.01%
2026-06-17 22:25:28,879 [INFO] [DATA] WLDUSDT | now=0.6666 | entry=0.6348 | PnL=+5.01%
2026-06-17 22:25:29,008 [INFO] [DATA] XLMUSDT | now=0.2269 | entry=0.2262 | PnL=+0.31%
2026-06-17 22:25:29,154 [INFO] [DATA] ENAUSDT | now=0.0930 | entry=0.0897 | PnL=+3.68%
2026-06-17 22:25:29,285 [INFO] [DATA] AAVEUSDT | now=76.8000 | entry=75.0100 | PnL=+2.39%
2026-06-17 22:25:29,424 [INFO] [DATA] UNIUSDT | now=3.2950 | entry=3.3250 | PnL=-0.90%
2026-06-17 22:25:29,577 [INFO] [DATA] NEARUSDT | now=2.3430 | entry=2.3100 | PnL=+1.43%
2026-06-17 22:25:29,715 [INFO] [DATA] ONDOUSDT | now=0.3776 | entry=0.3748 | PnL=+0.75%
2026-06-17 22:25:29,715 [INFO] [INVENTORY] 9/10 slots used — 1 vacant.
2026-06-17 22:25:29,858 [INFO] [LIQUIDITY] Free USDT: $0.00
2026-06-17 22:25:29,858 [INFO] [STANDBY] Insufficient USDT (need $10.00).
2026-06-17 22:25:29,858 [INFO] [SLEEP] Sleeping for 120s…
2026-06-17 22:27:29,859 [INFO] ======================================================================
2026-06-17 22:27:29,859 [INFO] [LOOP] Cycle #41 | 2026-06-17 22:27:29
2026-06-17 22:27:29,859 [INFO] [MONITOR] Evaluating 9 open positions…
2026-06-17 22:27:29,995 [INFO] [DATA] TRXUSDT | now=0.3215 | entry=0.3173 | PnL=+1.32%
2026-06-17 22:27:30,125 [INFO] [DATA] RLUSDUSDT | now=1.0009 | entry=1.0008 | PnL=+0.01%
2026-06-17 22:27:30,261 [INFO] [DATA] WLDUSDT | now=0.6674 | entry=0.6348 | PnL=+5.14%
2026-06-17 22:27:30,413 [INFO] [DATA] XLMUSDT | now=0.2269 | entry=0.2262 | PnL=+0.31%
2026-06-17 22:27:30,542 [INFO] [DATA] ENAUSDT | now=0.0929 | entry=0.0897 | PnL=+3.57%
2026-06-17 22:27:30,695 [INFO] [DATA] AAVEUSDT | now=76.7200 | entry=75.0100 | PnL=+2.28%
2026-06-17 22:27:30,822 [INFO] [DATA] UNIUSDT | now=3.3020 | entry=3.3250 | PnL=-0.69%
2026-06-17 22:27:30,972 [INFO] [DATA] NEARUSDT | now=2.3440 | entry=2.3100 | PnL=+1.47%
2026-06-17 22:27:31,099 [INFO] [DATA] ONDOUSDT | now=0.3783 | entry=0.3748 | PnL=+0.93%
2026-06-17 22:27:31,099 [INFO] [INVENTORY] 9/10 slots used — 1 vacant.
2026-06-17 22:27:31,237 [INFO] [LIQUIDITY] Free USDT: $0.00
2026-06-17 22:27:31,252 [INFO] [STANDBY] Insufficient USDT (need $10.00).
2026-06-17 22:27:31,252 [INFO] [SLEEP] Sleeping for 120s…
2026-06-17 22:29:31,253 [INFO] ======================================================================
2026-06-17 22:29:31,253 [INFO] [LOOP] Cycle #42 | 2026-06-17 22:29:31
2026-06-17 22:29:31,253 [INFO] [MONITOR] Evaluating 9 open positions…
2026-06-17 22:29:31,391 [INFO] [DATA] TRXUSDT | now=0.3216 | entry=0.3173 | PnL=+1.36%
2026-06-17 22:29:31,532 [INFO] [DATA] RLUSDUSDT | now=1.0009 | entry=1.0008 | PnL=+0.01%
2026-06-17 22:29:31,659 [INFO] [DATA] WLDUSDT | now=0.6743 | entry=0.6348 | PnL=+6.22%
2026-06-17 22:29:31,808 [INFO] [DATA] XLMUSDT | now=0.2265 | entry=0.2262 | PnL=+0.13%
2026-06-17 22:29:31,937 [INFO] [DATA] ENAUSDT | now=0.0929 | entry=0.0897 | PnL=+3.57%
2026-06-17 22:29:32,086 [INFO] [DATA] AAVEUSDT | now=76.6500 | entry=75.0100 | PnL=+2.19%
2026-06-17 22:29:32,213 [INFO] [DATA] UNIUSDT | now=3.2890 | entry=3.3250 | PnL=-1.08%
2026-06-17 22:29:32,363 [INFO] [DATA] NEARUSDT | now=2.3400 | entry=2.3100 | PnL=+1.30%
2026-06-17 22:29:32,490 [INFO] [DATA] ONDOUSDT | now=0.3778 | entry=0.3748 | PnL=+0.80%
2026-06-17 22:29:32,490 [INFO] [INVENTORY] 9/10 slots used — 1 vacant.
2026-06-17 22:29:32,627 [INFO] [LIQUIDITY] Free USDT: $0.00
2026-06-17 22:29:32,627 [INFO] [STANDBY] Insufficient USDT (need $10.00).
2026-06-17 22:29:32,627 [INFO] [SLEEP] Sleeping for 120s…
2026-06-17 22:31:32,642 [INFO] ======================================================================
2026-06-17 22:31:32,643 [INFO] [LOOP] Cycle #43 | 2026-06-17 22:31:32
2026-06-17 22:31:32,643 [INFO] [MONITOR] Evaluating 9 open positions…
2026-06-17 22:31:32,768 [INFO] [DATA] TRXUSDT | now=0.3216 | entry=0.3173 | PnL=+1.36%
2026-06-17 22:31:32,911 [INFO] [DATA] RLUSDUSDT | now=1.0008 | entry=1.0008 | PnL=+0.00%
2026-06-17 22:31:33,047 [INFO] [DATA] WLDUSDT | now=0.6722 | entry=0.6348 | PnL=+5.89%
2026-06-17 22:31:33,194 [INFO] [DATA] XLMUSDT | now=0.2259 | entry=0.2262 | PnL=-0.13%
2026-06-17 22:31:33,323 [INFO] [DATA] ENAUSDT | now=0.0929 | entry=0.0897 | PnL=+3.57%
2026-06-17 22:31:33,472 [INFO] [DATA] AAVEUSDT | now=76.5600 | entry=75.0100 | PnL=+2.07%
2026-06-17 22:31:33,603 [INFO] [DATA] UNIUSDT | now=3.2930 | entry=3.3250 | PnL=-0.96%
2026-06-17 22:31:33,743 [INFO] [DATA] NEARUSDT | now=2.3360 | entry=2.3100 | PnL=+1.13%
2026-06-17 22:31:33,890 [INFO] [DATA] ONDOUSDT | now=0.3783 | entry=0.3748 | PnL=+0.93%
2026-06-17 22:31:33,890 [INFO] [INVENTORY] 9/10 slots used — 1 vacant.
2026-06-17 22:31:34,031 [INFO] [LIQUIDITY] Free USDT: $0.00
2026-06-17 22:31:34,031 [INFO] [STANDBY] Insufficient USDT (need $10.00).
2026-06-17 22:31:34,031 [INFO] [SLEEP] Sleeping for 120s…
2026-06-17 22:33:34,033 [INFO] ======================================================================
2026-06-17 22:33:34,033 [INFO] [LOOP] Cycle #44 | 2026-06-17 22:33:34
2026-06-17 22:33:34,033 [INFO] [MONITOR] Evaluating 9 open positions…
2026-06-17 22:33:34,160 [INFO] [DATA] TRXUSDT | now=0.3216 | entry=0.3173 | PnL=+1.36%
2026-06-17 22:33:34,298 [INFO] [DATA] RLUSDUSDT | now=1.0009 | entry=1.0008 | PnL=+0.01%
2026-06-17 22:33:34,440 [INFO] [DATA] WLDUSDT | now=0.6720 | entry=0.6348 | PnL=+5.86%
2026-06-17 22:33:34,577 [INFO] [DATA] XLMUSDT | now=0.2262 | entry=0.2262 | PnL=+0.00%
2026-06-17 22:33:34,717 [INFO] [DATA] ENAUSDT | now=0.0931 | entry=0.0897 | PnL=+3.79%
2026-06-17 22:33:34,872 [INFO] [DATA] AAVEUSDT | now=76.7600 | entry=75.0100 | PnL=+2.33%
2026-06-17 22:33:35,008 [INFO] [DATA] UNIUSDT | now=3.2940 | entry=3.3250 | PnL=-0.93%
2026-06-17 22:33:35,150 [INFO] [DATA] NEARUSDT | now=2.3380 | entry=2.3100 | PnL=+1.21%
2026-06-17 22:33:35,276 [INFO] [DATA] ONDOUSDT | now=0.3781 | entry=0.3748 | PnL=+0.88%
2026-06-17 22:33:35,276 [INFO] [INVENTORY] 9/10 slots used — 1 vacant.
2026-06-17 22:33:35,417 [INFO] [LIQUIDITY] Free USDT: $0.00
2026-06-17 22:33:35,417 [INFO] [STANDBY] Insufficient USDT (need $10.00).
2026-06-17 22:33:35,417 [INFO] [SLEEP] Sleeping for 120s…
2026-06-17 22:35:35,431 [INFO] ======================================================================
2026-06-17 22:35:35,431 [INFO] [LOOP] Cycle #45 | 2026-06-17 22:35:35
2026-06-17 22:35:35,431 [INFO] [MONITOR] Evaluating 9 open positions…
2026-06-17 22:35:35,570 [INFO] [DATA] TRXUSDT | now=0.3215 | entry=0.3173 | PnL=+1.32%
2026-06-17 22:35:35,700 [INFO] [DATA] RLUSDUSDT | now=1.0009 | entry=1.0008 | PnL=+0.01%
2026-06-17 22:35:35,849 [INFO] [DATA] WLDUSDT | now=0.6737 | entry=0.6348 | PnL=+6.13%
2026-06-17 22:35:35,987 [INFO] [DATA] XLMUSDT | now=0.2261 | entry=0.2262 | PnL=-0.04%
2026-06-17 22:35:36,129 [INFO] [DATA] ENAUSDT | now=0.0931 | entry=0.0897 | PnL=+3.79%
2026-06-17 22:35:36,254 [INFO] [DATA] AAVEUSDT | now=76.8500 | entry=75.0100 | PnL=+2.45%
2026-06-17 22:35:36,404 [INFO] [DATA] UNIUSDT | now=3.2870 | entry=3.3250 | PnL=-1.14%
2026-06-17 22:35:36,539 [INFO] [DATA] NEARUSDT | now=2.3380 | entry=2.3100 | PnL=+1.21%
2026-06-17 22:35:36,671 [INFO] [DATA] ONDOUSDT | now=0.3783 | entry=0.3748 | PnL=+0.93%
2026-06-17 22:35:36,671 [INFO] [INVENTORY] 9/10 slots used — 1 vacant.
2026-06-17 22:35:36,809 [INFO] [LIQUIDITY] Free USDT: $0.00
2026-06-17 22:35:36,809 [INFO] [STANDBY] Insufficient USDT (need $10.00).
2026-06-17 22:35:36,824 [INFO] [SLEEP] Sleeping for 120s…
2026-06-17 22:37:36,825 [INFO] ======================================================================
2026-06-17 22:37:36,825 [INFO] [LOOP] Cycle #46 | 2026-06-17 22:37:36
2026-06-17 22:37:36,825 [INFO] [MONITOR] Evaluating 9 open positions…
2026-06-17 22:37:36,956 [INFO] [DATA] TRXUSDT | now=0.3213 | entry=0.3173 | PnL=+1.26%
2026-06-17 22:37:37,089 [INFO] [DATA] RLUSDUSDT | now=1.0009 | entry=1.0008 | PnL=+0.01%
2026-06-17 22:37:37,246 [INFO] [DATA] WLDUSDT | now=0.6696 | entry=0.6348 | PnL=+5.48%
2026-06-17 22:37:37,388 [INFO] [DATA] XLMUSDT | now=0.2261 | entry=0.2262 | PnL=-0.04%
2026-06-17 22:37:37,515 [INFO] [DATA] ENAUSDT | now=0.0923 | entry=0.0897 | PnL=+2.90%
2026-06-17 22:37:37,653 [INFO] [DATA] AAVEUSDT | now=76.5200 | entry=75.0100 | PnL=+2.01%
2026-06-17 22:37:37,806 [INFO] [DATA] UNIUSDT | now=3.2770 | entry=3.3250 | PnL=-1.44%
2026-06-17 22:37:37,937 [INFO] [DATA] NEARUSDT | now=2.3330 | entry=2.3100 | PnL=+1.00%
2026-06-17 22:37:38,084 [INFO] [DATA] ONDOUSDT | now=0.3767 | entry=0.3748 | PnL=+0.51%
2026-06-17 22:37:38,084 [INFO] [INVENTORY] 9/10 slots used — 1 vacant.
2026-06-17 22:37:38,212 [INFO] [LIQUIDITY] Free USDT: $0.00
2026-06-17 22:37:38,212 [INFO] [STANDBY] Insufficient USDT (need $10.00).
2026-06-17 22:37:38,212 [INFO] [SLEEP] Sleeping for 120s…
2026-06-17 22:39:38,225 [INFO] ======================================================================
2026-06-17 22:39:38,225 [INFO] [LOOP] Cycle #47 | 2026-06-17 22:39:38
2026-06-17 22:39:38,225 [INFO] [MONITOR] Evaluating 9 open positions…
2026-06-17 22:39:38,364 [INFO] [DATA] TRXUSDT | now=0.3214 | entry=0.3173 | PnL=+1.29%
2026-06-17 22:39:38,487 [INFO] [DATA] RLUSDUSDT | now=1.0009 | entry=1.0008 | PnL=+0.01%
2026-06-17 22:39:38,643 [INFO] [DATA] WLDUSDT | now=0.6712 | entry=0.6348 | PnL=+5.73%
2026-06-17 22:39:38,768 [INFO] [DATA] XLMUSDT | now=0.2252 | entry=0.2262 | PnL=-0.44%
2026-06-17 22:39:38,910 [INFO] [DATA] ENAUSDT | now=0.0929 | entry=0.0897 | PnL=+3.57%
2026-06-17 22:39:39,048 [INFO] [DATA] AAVEUSDT | now=76.7100 | entry=75.0100 | PnL=+2.27%
2026-06-17 22:39:39,206 [INFO] [DATA] UNIUSDT | now=3.2860 | entry=3.3250 | PnL=-1.17%
2026-06-17 22:39:39,331 [INFO] [DATA] NEARUSDT | now=2.3380 | entry=2.3100 | PnL=+1.21%
2026-06-17 22:39:39,480 [INFO] [DATA] ONDOUSDT | now=0.3779 | entry=0.3748 | PnL=+0.83%
2026-06-17 22:39:39,480 [INFO] [INVENTORY] 9/10 slots used — 1 vacant.
2026-06-17 22:39:39,626 [INFO] [LIQUIDITY] Free USDT: $0.00
2026-06-17 22:39:39,626 [INFO] [STANDBY] Insufficient USDT (need $10.00).
2026-06-17 22:39:39,626 [INFO] [SLEEP] Sleeping for 120s…
2026-06-17 22:41:39,629 [INFO] ======================================================================
2026-06-17 22:41:39,629 [INFO] [LOOP] Cycle #48 | 2026-06-17 22:41:39
2026-06-17 22:41:39,629 [INFO] [MONITOR] Evaluating 9 open positions…
2026-06-17 22:41:39,771 [INFO] [DATA] TRXUSDT | now=0.3214 | entry=0.3173 | PnL=+1.29%
2026-06-17 22:41:39,925 [INFO] [DATA] RLUSDUSDT | now=1.0008 | entry=1.0008 | PnL=+0.00%
2026-06-17 22:41:40,052 [INFO] [DATA] WLDUSDT | now=0.6686 | entry=0.6348 | PnL=+5.32%
2026-06-17 22:41:40,197 [INFO] [DATA] XLMUSDT | now=0.2257 | entry=0.2262 | PnL=-0.22%
2026-06-17 22:41:40,326 [INFO] [DATA] ENAUSDT | now=0.0929 | entry=0.0897 | PnL=+3.57%
2026-06-17 22:41:40,476 [INFO] [DATA] AAVEUSDT | now=76.7500 | entry=75.0100 | PnL=+2.32%
2026-06-17 22:41:40,616 [INFO] [DATA] UNIUSDT | now=3.2880 | entry=3.3250 | PnL=-1.11%
2026-06-17 22:41:40,768 [INFO] [DATA] NEARUSDT | now=2.3360 | entry=2.3100 | PnL=+1.13%
2026-06-17 22:41:40,902 [INFO] [DATA] ONDOUSDT | now=0.3785 | entry=0.3748 | PnL=+0.99%
2026-06-17 22:41:40,902 [INFO] [INVENTORY] 9/10 slots used — 1 vacant.
2026-06-17 22:41:41,052 [INFO] [LIQUIDITY] Free USDT: $0.00
2026-06-17 22:41:41,052 [INFO] [STANDBY] Insufficient USDT (need $10.00).
2026-06-17 22:41:41,052 [INFO] [SLEEP] Sleeping for 120s…
2026-06-17 22:43:41,053 [INFO] ======================================================================
2026-06-17 22:43:41,053 [INFO] [LOOP] Cycle #49 | 2026-06-17 22:43:41
2026-06-17 22:43:41,053 [INFO] [MONITOR] Evaluating 9 open positions…
2026-06-17 22:43:41,180 [INFO] [DATA] TRXUSDT | now=0.3214 | entry=0.3173 | PnL=+1.29%
2026-06-17 22:43:41,321 [INFO] [DATA] RLUSDUSDT | now=1.0009 | entry=1.0008 | PnL=+0.01%
2026-06-17 22:43:41,470 [INFO] [DATA] WLDUSDT | now=0.6721 | entry=0.6348 | PnL=+5.88%
2026-06-17 22:43:41,599 [INFO] [DATA] XLMUSDT | now=0.2263 | entry=0.2262 | PnL=+0.04%
2026-06-17 22:43:41,753 [INFO] [DATA] ENAUSDT | now=0.0929 | entry=0.0897 | PnL=+3.57%
2026-06-17 22:43:41,893 [INFO] [DATA] AAVEUSDT | now=76.7700 | entry=75.0100 | PnL=+2.35%
2026-06-17 22:43:42,030 [INFO] [DATA] UNIUSDT | now=3.2930 | entry=3.3250 | PnL=-0.96%
2026-06-17 22:43:42,157 [INFO] [DATA] NEARUSDT | now=2.3370 | entry=2.3100 | PnL=+1.17%
2026-06-17 22:43:42,310 [INFO] [DATA] ONDOUSDT | now=0.3788 | entry=0.3748 | PnL=+1.07%
2026-06-17 22:43:42,310 [INFO] [INVENTORY] 9/10 slots used — 1 vacant.
2026-06-17 22:43:42,453 [INFO] [LIQUIDITY] Free USDT: $0.00
2026-06-17 22:43:42,454 [INFO] [STANDBY] Insufficient USDT (need $10.00).
2026-06-17 22:43:42,454 [INFO] [SLEEP] Sleeping for 120s…
2026-06-17 22:45:42,455 [INFO] ======================================================================
2026-06-17 22:45:42,455 [INFO] [LOOP] Cycle #50 | 2026-06-17 22:45:42
2026-06-17 22:45:42,455 [INFO] [MONITOR] Evaluating 9 open positions…
2026-06-17 22:45:42,582 [INFO] [DATA] TRXUSDT | now=0.3213 | entry=0.3173 | PnL=+1.26%
2026-06-17 22:45:42,731 [INFO] [DATA] RLUSDUSDT | now=1.0008 | entry=1.0008 | PnL=+0.00%
2026-06-17 22:45:42,870 [INFO] [DATA] WLDUSDT | now=0.6730 | entry=0.6348 | PnL=+6.02%
2026-06-17 22:45:43,007 [INFO] [DATA] XLMUSDT | now=0.2268 | entry=0.2262 | PnL=+0.27%
2026-06-17 22:45:43,146 [INFO] [DATA] ENAUSDT | now=0.0933 | entry=0.0897 | PnL=+4.01%
2026-06-17 22:45:43,284 [INFO] [DATA] AAVEUSDT | now=76.8600 | entry=75.0100 | PnL=+2.47%
2026-06-17 22:45:43,420 [INFO] [DATA] UNIUSDT | now=3.2900 | entry=3.3250 | PnL=-1.05%
2026-06-17 22:45:43,550 [INFO] [DATA] NEARUSDT | now=2.3410 | entry=2.3100 | PnL=+1.34%
2026-06-17 22:45:43,687 [INFO] [DATA] ONDOUSDT | now=0.3785 | entry=0.3748 | PnL=+0.99%
2026-06-17 22:45:43,702 [INFO] [INVENTORY] 9/10 slots used — 1 vacant.
2026-06-17 22:45:43,836 [INFO] [LIQUIDITY] Free USDT: $0.00
2026-06-17 22:45:43,836 [INFO] [STANDBY] Insufficient USDT (need $10.00).
2026-06-17 22:45:43,836 [INFO] [SLEEP] Sleeping for 120s…
2026-06-17 22:47:43,842 [INFO] ======================================================================
2026-06-17 22:47:43,842 [INFO] [LOOP] Cycle #51 | 2026-06-17 22:47:43
2026-06-17 22:47:43,842 [INFO] [MONITOR] Evaluating 9 open positions…
2026-06-17 22:47:43,981 [INFO] [DATA] TRXUSDT | now=0.3214 | entry=0.3173 | PnL=+1.29%
2026-06-17 22:47:44,113 [INFO] [DATA] RLUSDUSDT | now=1.0009 | entry=1.0008 | PnL=+0.01%
2026-06-17 22:47:44,250 [INFO] [DATA] WLDUSDT | now=0.6798 | entry=0.6348 | PnL=+7.09%
2026-06-17 22:47:44,395 [INFO] [DATA] XLMUSDT | now=0.2269 | entry=0.2262 | PnL=+0.31%
2026-06-17 22:47:44,533 [INFO] [DATA] ENAUSDT | now=0.0936 | entry=0.0897 | PnL=+4.35%
2026-06-17 22:47:44,668 [INFO] [DATA] AAVEUSDT | now=76.9700 | entry=75.0100 | PnL=+2.61%
2026-06-17 22:47:44,797 [INFO] [DATA] UNIUSDT | now=3.2960 | entry=3.3250 | PnL=-0.87%
2026-06-17 22:47:44,947 [INFO] [DATA] NEARUSDT | now=2.3460 | entry=2.3100 | PnL=+1.56%
2026-06-17 22:47:45,081 [INFO] [DATA] ONDOUSDT | now=0.3795 | entry=0.3748 | PnL=+1.25%
2026-06-17 22:47:45,081 [INFO] [INVENTORY] 9/10 slots used — 1 vacant.
2026-06-17 22:47:45,215 [INFO] [LIQUIDITY] Free USDT: $0.00
2026-06-17 22:47:45,230 [INFO] [STANDBY] Insufficient USDT (need $10.00).
2026-06-17 22:47:45,230 [INFO] [SLEEP] Sleeping for 120s…
2026-06-17 22:49:45,231 [INFO] ======================================================================
2026-06-17 22:49:45,231 [INFO] [LOOP] Cycle #52 | 2026-06-17 22:49:45
2026-06-17 22:49:45,231 [INFO] [MONITOR] Evaluating 9 open positions…
2026-06-17 22:49:45,375 [INFO] [DATA] TRXUSDT | now=0.3216 | entry=0.3173 | PnL=+1.36%
2026-06-17 22:49:45,501 [INFO] [DATA] RLUSDUSDT | now=1.0008 | entry=1.0008 | PnL=+0.00%
2026-06-17 22:49:45,640 [INFO] [DATA] WLDUSDT | now=0.6781 | entry=0.6348 | PnL=+6.82%
2026-06-17 22:49:45,779 [INFO] [DATA] XLMUSDT | now=0.2268 | entry=0.2262 | PnL=+0.27%
2026-06-17 22:49:45,930 [INFO] [DATA] ENAUSDT | now=0.0935 | entry=0.0897 | PnL=+4.24%
2026-06-17 22:49:46,059 [INFO] [DATA] AAVEUSDT | now=77.0100 | entry=75.0100 | PnL=+2.67%
2026-06-17 22:49:46,196 [INFO] [DATA] UNIUSDT | now=3.2920 | entry=3.3250 | PnL=-0.99%
2026-06-17 22:49:46,344 [INFO] [DATA] NEARUSDT | now=2.3460 | entry=2.3100 | PnL=+1.56%
2026-06-17 22:49:46,701 [INFO] [DATA] ONDOUSDT | now=0.3792 | entry=0.3748 | PnL=+1.17%
2026-06-17 22:49:46,701 [INFO] [INVENTORY] 9/10 slots used — 1 vacant.
2026-06-17 22:49:46,849 [INFO] [LIQUIDITY] Free USDT: $0.00
2026-06-17 22:49:46,849 [INFO] [STANDBY] Insufficient USDT (need $10.00).
2026-06-17 22:49:46,849 [INFO] [SLEEP] Sleeping for 120s…
2026-06-17 22:51:46,851 [INFO] ======================================================================
2026-06-17 22:51:46,851 [INFO] [LOOP] Cycle #53 | 2026-06-17 22:51:46
2026-06-17 22:51:46,851 [INFO] [MONITOR] Evaluating 9 open positions…
2026-06-17 22:51:46,987 [INFO] [DATA] TRXUSDT | now=0.3216 | entry=0.3173 | PnL=+1.36%
2026-06-17 22:51:47,111 [INFO] [DATA] RLUSDUSDT | now=1.0009 | entry=1.0008 | PnL=+0.01%
2026-06-17 22:51:47,251 [INFO] [DATA] WLDUSDT | now=0.6768 | entry=0.6348 | PnL=+6.62%
2026-06-17 22:51:47,391 [INFO] [DATA] XLMUSDT | now=0.2270 | entry=0.2262 | PnL=+0.35%
2026-06-17 22:51:47,529 [INFO] [DATA] ENAUSDT | now=0.0936 | entry=0.0897 | PnL=+4.35%
2026-06-17 22:51:47,665 [INFO] [DATA] AAVEUSDT | now=77.0400 | entry=75.0100 | PnL=+2.71%
2026-06-17 22:51:47,804 [INFO] [DATA] UNIUSDT | now=3.2870 | entry=3.3250 | PnL=-1.14%
2026-06-17 22:51:47,941 [INFO] [DATA] NEARUSDT | now=2.3520 | entry=2.3100 | PnL=+1.82%
2026-06-17 22:51:48,081 [INFO] [DATA] ONDOUSDT | now=0.3805 | entry=0.3748 | PnL=+1.52%
2026-06-17 22:51:48,081 [INFO] [INVENTORY] 9/10 slots used — 1 vacant.
2026-06-17 22:51:48,218 [INFO] [LIQUIDITY] Free USDT: $0.00
2026-06-17 22:51:48,218 [INFO] [STANDBY] Insufficient USDT (need $10.00).
2026-06-17 22:51:48,218 [INFO] [SLEEP] Sleeping for 120s…
2026-06-17 22:53:48,233 [INFO] ======================================================================
2026-06-17 22:53:48,233 [INFO] [LOOP] Cycle #54 | 2026-06-17 22:53:48
2026-06-17 22:53:48,233 [INFO] [MONITOR] Evaluating 9 open positions…
2026-06-17 22:53:48,371 [INFO] [DATA] TRXUSDT | now=0.3216 | entry=0.3173 | PnL=+1.36%
2026-06-17 22:53:48,508 [INFO] [DATA] RLUSDUSDT | now=1.0008 | entry=1.0008 | PnL=+0.00%
2026-06-17 22:53:48,644 [INFO] [DATA] WLDUSDT | now=0.6756 | entry=0.6348 | PnL=+6.43%
2026-06-17 22:53:48,786 [INFO] [DATA] XLMUSDT | now=0.2269 | entry=0.2262 | PnL=+0.31%
2026-06-17 22:53:48,908 [INFO] [DATA] ENAUSDT | now=0.0939 | entry=0.0897 | PnL=+4.68%
2026-06-17 22:53:49,058 [INFO] [DATA] AAVEUSDT | now=76.9900 | entry=75.0100 | PnL=+2.64%
2026-06-17 22:53:49,191 [INFO] [DATA] UNIUSDT | now=3.2900 | entry=3.3250 | PnL=-1.05%
2026-06-17 22:53:49,326 [INFO] [DATA] NEARUSDT | now=2.3500 | entry=2.3100 | PnL=+1.73%
2026-06-17 22:53:49,475 [INFO] [DATA] ONDOUSDT | now=0.3800 | entry=0.3748 | PnL=+1.39%
2026-06-17 22:53:49,475 [INFO] [INVENTORY] 9/10 slots used — 1 vacant.
2026-06-17 22:53:49,609 [INFO] [LIQUIDITY] Free USDT: $0.00
2026-06-17 22:53:49,609 [INFO] [STANDBY] Insufficient USDT (need $10.00).
2026-06-17 22:53:49,609 [INFO] [SLEEP] Sleeping for 120s…
2026-06-17 22:55:49,618 [INFO] ======================================================================
2026-06-17 22:55:49,618 [INFO] [LOOP] Cycle #55 | 2026-06-17 22:55:49
2026-06-17 22:55:49,618 [INFO] [MONITOR] Evaluating 9 open positions…
2026-06-17 22:55:49,758 [INFO] [DATA] TRXUSDT | now=0.3216 | entry=0.3173 | PnL=+1.36%
2026-06-17 22:55:49,882 [INFO] [DATA] RLUSDUSDT | now=1.0009 | entry=1.0008 | PnL=+0.01%
2026-06-17 22:55:50,021 [INFO] [DATA] WLDUSDT | now=0.6773 | entry=0.6348 | PnL=+6.70%
2026-06-17 22:55:50,160 [INFO] [DATA] XLMUSDT | now=0.2275 | entry=0.2262 | PnL=+0.57%
2026-06-17 22:55:50,298 [INFO] [DATA] ENAUSDT | now=0.0939 | entry=0.0897 | PnL=+4.68%
2026-06-17 22:55:50,435 [INFO] [DATA] AAVEUSDT | now=77.1000 | entry=75.0100 | PnL=+2.79%
2026-06-17 22:55:50,574 [INFO] [DATA] UNIUSDT | now=3.2960 | entry=3.3250 | PnL=-0.87%
2026-06-17 22:55:50,712 [INFO] [DATA] NEARUSDT | now=2.3520 | entry=2.3100 | PnL=+1.82%
2026-06-17 22:55:50,849 [INFO] [DATA] ONDOUSDT | now=0.3806 | entry=0.3748 | PnL=+1.55%
2026-06-17 22:55:50,864 [INFO] [INVENTORY] 9/10 slots used — 1 vacant.
2026-06-17 22:55:50,990 [INFO] [LIQUIDITY] Free USDT: $0.00
2026-06-17 22:55:50,990 [INFO] [STANDBY] Insufficient USDT (need $10.00).
2026-06-17 22:55:50,990 [INFO] [SLEEP] Sleeping for 120s…
2026-06-17 22:57:51,004 [INFO] ======================================================================
2026-06-17 22:57:51,004 [INFO] [LOOP] Cycle #56 | 2026-06-17 22:57:51
2026-06-17 22:57:51,004 [INFO] [MONITOR] Evaluating 9 open positions…
2026-06-17 22:57:51,141 [INFO] [DATA] TRXUSDT | now=0.3215 | entry=0.3173 | PnL=+1.32%
2026-06-17 22:57:51,266 [INFO] [DATA] RLUSDUSDT | now=1.0009 | entry=1.0008 | PnL=+0.01%
2026-06-17 22:57:51,412 [INFO] [DATA] WLDUSDT | now=0.6764 | entry=0.6348 | PnL=+6.55%
2026-06-17 22:57:51,531 [INFO] [DATA] XLMUSDT | now=0.2272 | entry=0.2262 | PnL=+0.44%
2026-06-17 22:57:51,678 [INFO] [DATA] ENAUSDT | now=0.0934 | entry=0.0897 | PnL=+4.12%
2026-06-17 22:57:51,812 [INFO] [DATA] AAVEUSDT | now=76.9700 | entry=75.0100 | PnL=+2.61%
2026-06-17 22:57:51,945 [INFO] [DATA] UNIUSDT | now=3.2940 | entry=3.3250 | PnL=-0.93%
2026-06-17 22:57:52,084 [INFO] [DATA] NEARUSDT | now=2.3460 | entry=2.3100 | PnL=+1.56%
2026-06-17 22:57:52,224 [INFO] [DATA] ONDOUSDT | now=0.3803 | entry=0.3748 | PnL=+1.47%
2026-06-17 22:57:52,224 [INFO] [INVENTORY] 9/10 slots used — 1 vacant.
2026-06-17 22:57:52,344 [INFO] [LIQUIDITY] Free USDT: $0.00
2026-06-17 22:57:52,359 [INFO] [STANDBY] Insufficient USDT (need $10.00).
2026-06-17 22:57:52,359 [INFO] [SLEEP] Sleeping for 120s…
2026-06-17 22:59:52,359 [INFO] ======================================================================
2026-06-17 22:59:52,359 [INFO] [LOOP] Cycle #57 | 2026-06-17 22:59:52
2026-06-17 22:59:52,359 [INFO] [MONITOR] Evaluating 9 open positions…
2026-06-17 22:59:52,500 [INFO] [DATA] TRXUSDT | now=0.3215 | entry=0.3173 | PnL=+1.32%
2026-06-17 22:59:52,630 [INFO] [DATA] RLUSDUSDT | now=1.0008 | entry=1.0008 | PnL=+0.00%
2026-06-17 22:59:52,785 [INFO] [DATA] WLDUSDT | now=0.6791 | entry=0.6348 | PnL=+6.98%
2026-06-17 22:59:52,912 [INFO] [DATA] XLMUSDT | now=0.2279 | entry=0.2262 | PnL=+0.75%
2026-06-17 22:59:53,049 [INFO] [DATA] ENAUSDT | now=0.0937 | entry=0.0897 | PnL=+4.46%
2026-06-17 22:59:53,189 [INFO] [DATA] AAVEUSDT | now=77.0700 | entry=75.0100 | PnL=+2.75%
2026-06-17 22:59:53,327 [INFO] [DATA] UNIUSDT | now=3.2970 | entry=3.3250 | PnL=-0.84%
2026-06-17 22:59:53,465 [INFO] [DATA] NEARUSDT | now=2.3560 | entry=2.3100 | PnL=+1.99%
2026-06-17 22:59:53,620 [INFO] [DATA] ONDOUSDT | now=0.3808 | entry=0.3748 | PnL=+1.60%
2026-06-17 22:59:53,620 [INFO] [INVENTORY] 9/10 slots used — 1 vacant.
2026-06-17 22:59:53,747 [INFO] [LIQUIDITY] Free USDT: $0.00
2026-06-17 22:59:53,747 [INFO] [STANDBY] Insufficient USDT (need $10.00).
2026-06-17 22:59:53,747 [INFO] [SLEEP] Sleeping for 120s…
2026-06-17 23:01:53,759 [INFO] ======================================================================
2026-06-17 23:01:53,759 [INFO] [LOOP] Cycle #58 | 2026-06-17 23:01:53
2026-06-17 23:01:53,759 [INFO] [MONITOR] Evaluating 9 open positions…
2026-06-17 23:01:53,897 [INFO] [DATA] TRXUSDT | now=0.3217 | entry=0.3173 | PnL=+1.39%
2026-06-17 23:01:54,026 [INFO] [DATA] RLUSDUSDT | now=1.0008 | entry=1.0008 | PnL=+0.00%
2026-06-17 23:01:54,168 [INFO] [DATA] WLDUSDT | now=0.6786 | entry=0.6348 | PnL=+6.90%
2026-06-17 23:01:54,299 [INFO] [DATA] XLMUSDT | now=0.2280 | entry=0.2262 | PnL=+0.80%
2026-06-17 23:01:54,453 [INFO] [DATA] ENAUSDT | now=0.0940 | entry=0.0897 | PnL=+4.79%
2026-06-17 23:01:54,579 [INFO] [DATA] AAVEUSDT | now=77.1400 | entry=75.0100 | PnL=+2.84%
2026-06-17 23:01:54,719 [INFO] [DATA] UNIUSDT | now=3.2930 | entry=3.3250 | PnL=-0.96%
2026-06-17 23:01:54,858 [INFO] [DATA] NEARUSDT | now=2.3420 | entry=2.3100 | PnL=+1.39%
2026-06-17 23:01:54,998 [INFO] [DATA] ONDOUSDT | now=0.3807 | entry=0.3748 | PnL=+1.57%
2026-06-17 23:01:55,013 [INFO] [INVENTORY] 9/10 slots used — 1 vacant.
2026-06-17 23:01:55,152 [INFO] [LIQUIDITY] Free USDT: $0.00
2026-06-17 23:01:55,152 [INFO] [STANDBY] Insufficient USDT (need $10.00).
2026-06-17 23:01:55,152 [INFO] [SLEEP] Sleeping for 120s…
2026-06-17 23:03:55,154 [INFO] ======================================================================
2026-06-17 23:03:55,154 [INFO] [LOOP] Cycle #59 | 2026-06-17 23:03:55
2026-06-17 23:03:55,154 [INFO] [MONITOR] Evaluating 9 open positions…
2026-06-17 23:03:55,293 [INFO] [DATA] TRXUSDT | now=0.3217 | entry=0.3173 | PnL=+1.39%
2026-06-17 23:03:55,422 [INFO] [DATA] RLUSDUSDT | now=1.0008 | entry=1.0008 | PnL=+0.00%
2026-06-17 23:03:55,561 [INFO] [DATA] WLDUSDT | now=0.6759 | entry=0.6348 | PnL=+6.47%
2026-06-17 23:03:55,697 [INFO] [DATA] XLMUSDT | now=0.2282 | entry=0.2262 | PnL=+0.88%
2026-06-17 23:03:55,836 [INFO] [DATA] ENAUSDT | now=0.0938 | entry=0.0897 | PnL=+4.57%
2026-06-17 23:03:55,976 [INFO] [DATA] AAVEUSDT | now=77.2200 | entry=75.0100 | PnL=+2.95%
2026-06-17 23:03:56,117 [INFO] [DATA] UNIUSDT | now=3.2940 | entry=3.3250 | PnL=-0.93%
2026-06-17 23:03:56,271 [INFO] [DATA] NEARUSDT | now=2.3400 | entry=2.3100 | PnL=+1.30%
2026-06-17 23:03:56,409 [INFO] [DATA] ONDOUSDT | now=0.3814 | entry=0.3748 | PnL=+1.76%
2026-06-17 23:03:56,409 [INFO] [INVENTORY] 9/10 slots used — 1 vacant.
2026-06-17 23:03:56,536 [INFO] [LIQUIDITY] Free USDT: $0.00
2026-06-17 23:03:56,536 [INFO] [STANDBY] Insufficient USDT (need $10.00).
2026-06-17 23:03:56,536 [INFO] [SLEEP] Sleeping for 120s…
2026-06-17 23:05:56,550 [INFO] ======================================================================
2026-06-17 23:05:56,550 [INFO] [LOOP] Cycle #60 | 2026-06-17 23:05:56
2026-06-17 23:05:56,550 [INFO] [MONITOR] Evaluating 9 open positions…
2026-06-17 23:05:56,689 [INFO] [DATA] TRXUSDT | now=0.3217 | entry=0.3173 | PnL=+1.39%
2026-06-17 23:05:56,815 [INFO] [DATA] RLUSDUSDT | now=1.0008 | entry=1.0008 | PnL=+0.00%
2026-06-17 23:05:56,952 [INFO] [DATA] WLDUSDT | now=0.6701 | entry=0.6348 | PnL=+5.56%
2026-06-17 23:05:57,094 [INFO] [DATA] XLMUSDT | now=0.2263 | entry=0.2262 | PnL=+0.04%
2026-06-17 23:05:57,232 [INFO] [DATA] ENAUSDT | now=0.0933 | entry=0.0897 | PnL=+4.01%
2026-06-17 23:05:57,370 [INFO] [DATA] AAVEUSDT | now=77.1300 | entry=75.0100 | PnL=+2.83%
2026-06-17 23:05:57,510 [INFO] [DATA] UNIUSDT | now=3.2880 | entry=3.3250 | PnL=-1.11%
2026-06-17 23:05:57,648 [INFO] [DATA] NEARUSDT | now=2.3390 | entry=2.3100 | PnL=+1.26%
2026-06-17 23:05:57,789 [INFO] [DATA] ONDOUSDT | now=0.3802 | entry=0.3748 | PnL=+1.44%
2026-06-17 23:05:57,789 [INFO] [INVENTORY] 9/10 slots used — 1 vacant.
2026-06-17 23:05:57,925 [INFO] [LIQUIDITY] Free USDT: $0.00
2026-06-17 23:05:57,925 [INFO] [STANDBY] Insufficient USDT (need $10.00).
2026-06-17 23:05:57,925 [INFO] [SLEEP] Sleeping for 120s…
2026-06-17 23:07:57,940 [INFO] ======================================================================
2026-06-17 23:07:57,940 [INFO] [LOOP] Cycle #61 | 2026-06-17 23:07:57
2026-06-17 23:07:57,940 [INFO] [MONITOR] Evaluating 9 open positions…
2026-06-17 23:07:58,077 [INFO] [DATA] TRXUSDT | now=0.3217 | entry=0.3173 | PnL=+1.39%
2026-06-17 23:07:58,211 [INFO] [DATA] RLUSDUSDT | now=1.0008 | entry=1.0008 | PnL=+0.00%
2026-06-17 23:07:58,346 [INFO] [DATA] WLDUSDT | now=0.6686 | entry=0.6348 | PnL=+5.32%
2026-06-17 23:07:58,481 [INFO] [DATA] XLMUSDT | now=0.2265 | entry=0.2262 | PnL=+0.13%
2026-06-17 23:07:58,621 [INFO] [DATA] ENAUSDT | now=0.0940 | entry=0.0897 | PnL=+4.79%
2026-06-17 23:07:58,760 [INFO] [DATA] AAVEUSDT | now=77.2000 | entry=75.0100 | PnL=+2.92%
2026-06-17 23:07:58,914 [INFO] [DATA] UNIUSDT | now=3.2920 | entry=3.3250 | PnL=-0.99%
2026-06-17 23:07:59,040 [INFO] [DATA] NEARUSDT | now=2.3380 | entry=2.3100 | PnL=+1.21%
2026-06-17 23:07:59,182 [INFO] [DATA] ONDOUSDT | now=0.3800 | entry=0.3748 | PnL=+1.39%
2026-06-17 23:07:59,182 [INFO] [INVENTORY] 9/10 slots used — 1 vacant.
2026-06-17 23:07:59,333 [INFO] [LIQUIDITY] Free USDT: $0.00
2026-06-17 23:07:59,333 [INFO] [STANDBY] Insufficient USDT (need $10.00).
2026-06-17 23:07:59,333 [INFO] [SLEEP] Sleeping for 120s…
2026-06-17 23:09:59,336 [INFO] ======================================================================
2026-06-17 23:09:59,336 [INFO] [LOOP] Cycle #62 | 2026-06-17 23:09:59
2026-06-17 23:09:59,336 [INFO] [MONITOR] Evaluating 9 open positions…
2026-06-17 23:09:59,475 [INFO] [DATA] TRXUSDT | now=0.3217 | entry=0.3173 | PnL=+1.39%
2026-06-17 23:09:59,602 [INFO] [DATA] RLUSDUSDT | now=1.0008 | entry=1.0008 | PnL=+0.00%
2026-06-17 23:09:59,742 [INFO] [DATA] WLDUSDT | now=0.6698 | entry=0.6348 | PnL=+5.51%
2026-06-17 23:09:59,880 [INFO] [DATA] XLMUSDT | now=0.2258 | entry=0.2262 | PnL=-0.18%
2026-06-17 23:10:00,017 [INFO] [DATA] ENAUSDT | now=0.0940 | entry=0.0897 | PnL=+4.79%
2026-06-17 23:10:00,147 [INFO] [DATA] AAVEUSDT | now=77.0900 | entry=75.0100 | PnL=+2.77%
2026-06-17 23:10:00,289 [INFO] [DATA] UNIUSDT | now=3.2910 | entry=3.3250 | PnL=-1.02%
2026-06-17 23:10:00,442 [INFO] [DATA] NEARUSDT | now=2.3340 | entry=2.3100 | PnL=+1.04%
2026-06-17 23:10:00,570 [INFO] [DATA] ONDOUSDT | now=0.3799 | entry=0.3748 | PnL=+1.36%
2026-06-17 23:10:00,570 [INFO] [INVENTORY] 9/10 slots used — 1 vacant.
2026-06-17 23:10:00,707 [INFO] [LIQUIDITY] Free USDT: $0.00
2026-06-17 23:10:00,707 [INFO] [STANDBY] Insufficient USDT (need $10.00).
2026-06-17 23:10:00,707 [INFO] [SLEEP] Sleeping for 120s…
2026-06-17 23:12:00,721 [INFO] ======================================================================
2026-06-17 23:12:00,721 [INFO] [LOOP] Cycle #63 | 2026-06-17 23:12:00
2026-06-17 23:12:00,721 [INFO] [MONITOR] Evaluating 9 open positions…
2026-06-17 23:12:00,862 [INFO] [DATA] TRXUSDT | now=0.3216 | entry=0.3173 | PnL=+1.36%
2026-06-17 23:12:00,988 [INFO] [DATA] RLUSDUSDT | now=1.0008 | entry=1.0008 | PnL=+0.00%
2026-06-17 23:12:01,128 [INFO] [DATA] WLDUSDT | now=0.6673 | entry=0.6348 | PnL=+5.12%
2026-06-17 23:12:01,265 [INFO] [DATA] XLMUSDT | now=0.2257 | entry=0.2262 | PnL=-0.22%
2026-06-17 23:12:01,405 [INFO] [DATA] ENAUSDT | now=0.0940 | entry=0.0897 | PnL=+4.79%
2026-06-17 23:12:01,545 [INFO] [DATA] AAVEUSDT | now=76.8100 | entry=75.0100 | PnL=+2.40%
2026-06-17 23:12:01,684 [INFO] [DATA] UNIUSDT | now=3.2810 | entry=3.3250 | PnL=-1.32%
2026-06-17 23:12:01,824 [INFO] [DATA] NEARUSDT | now=2.3280 | entry=2.3100 | PnL=+0.78%
2026-06-17 23:12:01,961 [INFO] [DATA] ONDOUSDT | now=0.3789 | entry=0.3748 | PnL=+1.09%
2026-06-17 23:12:01,961 [INFO] [INVENTORY] 9/10 slots used — 1 vacant.
2026-06-17 23:12:02,096 [INFO] [LIQUIDITY] Free USDT: $0.00
2026-06-17 23:12:02,096 [INFO] [STANDBY] Insufficient USDT (need $10.00).
2026-06-17 23:12:02,096 [INFO] [SLEEP] Sleeping for 120s…
2026-06-17 23:14:02,111 [INFO] ======================================================================
2026-06-17 23:14:02,111 [INFO] [LOOP] Cycle #64 | 2026-06-17 23:14:02
2026-06-17 23:14:02,111 [INFO] [MONITOR] Evaluating 9 open positions…
2026-06-17 23:14:02,250 [INFO] [DATA] TRXUSDT | now=0.3215 | entry=0.3173 | PnL=+1.32%
2026-06-17 23:14:02,380 [INFO] [DATA] RLUSDUSDT | now=1.0008 | entry=1.0008 | PnL=+0.00%
2026-06-17 23:14:02,512 [INFO] [DATA] WLDUSDT | now=0.6663 | entry=0.6348 | PnL=+4.96%
2026-06-17 23:14:02,652 [INFO] [DATA] XLMUSDT | now=0.2255 | entry=0.2262 | PnL=-0.31%
2026-06-17 23:14:02,791 [INFO] [DATA] ENAUSDT | now=0.0944 | entry=0.0897 | PnL=+5.24%
2026-06-17 23:14:02,929 [INFO] [DATA] AAVEUSDT | now=76.7400 | entry=75.0100 | PnL=+2.31%
2026-06-17 23:14:03,067 [INFO] [DATA] UNIUSDT | now=3.2850 | entry=3.3250 | PnL=-1.20%
2026-06-17 23:14:03,207 [INFO] [DATA] NEARUSDT | now=2.3270 | entry=2.3100 | PnL=+0.74%
2026-06-17 23:14:03,343 [INFO] [DATA] ONDOUSDT | now=0.3788 | entry=0.3748 | PnL=+1.07%
2026-06-17 23:14:03,343 [INFO] [INVENTORY] 9/10 slots used — 1 vacant.
2026-06-17 23:14:03,490 [INFO] [LIQUIDITY] Free USDT: $0.00
2026-06-17 23:14:03,490 [INFO] [STANDBY] Insufficient USDT (need $10.00).
2026-06-17 23:14:03,490 [INFO] [SLEEP] Sleeping for 120s…
2026-06-17 23:16:03,498 [INFO] ======================================================================
2026-06-17 23:16:03,498 [INFO] [LOOP] Cycle #65 | 2026-06-17 23:16:03
2026-06-17 23:16:03,498 [INFO] [MONITOR] Evaluating 9 open positions…
2026-06-17 23:16:03,639 [INFO] [DATA] TRXUSDT | now=0.3214 | entry=0.3173 | PnL=+1.29%
2026-06-17 23:16:03,769 [INFO] [DATA] RLUSDUSDT | now=1.0008 | entry=1.0008 | PnL=+0.00%
2026-06-17 23:16:03,904 [INFO] [DATA] WLDUSDT | now=0.6657 | entry=0.6348 | PnL=+4.87%
2026-06-17 23:16:04,058 [INFO] [DATA] XLMUSDT | now=0.2256 | entry=0.2262 | PnL=-0.27%
2026-06-17 23:16:04,189 [INFO] [DATA] ENAUSDT | now=0.0945 | entry=0.0897 | PnL=+5.35%
2026-06-17 23:16:04,325 [INFO] [DATA] AAVEUSDT | now=76.7500 | entry=75.0100 | PnL=+2.32%
2026-06-17 23:16:04,469 [INFO] [DATA] UNIUSDT | now=3.2780 | entry=3.3250 | PnL=-1.41%
2026-06-17 23:16:04,599 [INFO] [DATA] NEARUSDT | now=2.3250 | entry=2.3100 | PnL=+0.65%
2026-06-17 23:16:04,735 [INFO] [DATA] ONDOUSDT | now=0.3785 | entry=0.3748 | PnL=+0.99%
2026-06-17 23:16:04,735 [INFO] [INVENTORY] 9/10 slots used — 1 vacant.
2026-06-17 23:16:04,875 [INFO] [LIQUIDITY] Free USDT: $0.00
2026-06-17 23:16:04,875 [INFO] [STANDBY] Insufficient USDT (need $10.00).
2026-06-17 23:16:04,875 [INFO] [SLEEP] Sleeping for 120s…
2026-06-17 23:18:04,886 [INFO] ======================================================================
2026-06-17 23:18:04,886 [INFO] [LOOP] Cycle #66 | 2026-06-17 23:18:04
2026-06-17 23:18:04,886 [INFO] [MONITOR] Evaluating 9 open positions…
2026-06-17 23:18:05,025 [INFO] [DATA] TRXUSDT | now=0.3214 | entry=0.3173 | PnL=+1.29%
2026-06-17 23:18:05,155 [INFO] [DATA] RLUSDUSDT | now=1.0008 | entry=1.0008 | PnL=+0.00%
2026-06-17 23:18:05,292 [INFO] [DATA] WLDUSDT | now=0.6646 | entry=0.6348 | PnL=+4.69%
2026-06-17 23:18:05,428 [INFO] [DATA] XLMUSDT | now=0.2257 | entry=0.2262 | PnL=-0.22%
2026-06-17 23:18:05,569 [INFO] [DATA] ENAUSDT | now=0.0944 | entry=0.0897 | PnL=+5.24%
2026-06-17 23:18:05,723 [INFO] [DATA] AAVEUSDT | now=76.6600 | entry=75.0100 | PnL=+2.20%
2026-06-17 23:18:05,849 [INFO] [DATA] UNIUSDT | now=3.2750 | entry=3.3250 | PnL=-1.50%
2026-06-17 23:18:05,985 [INFO] [DATA] NEARUSDT | now=2.3230 | entry=2.3100 | PnL=+0.56%
2026-06-17 23:18:06,138 [INFO] [DATA] ONDOUSDT | now=0.3779 | entry=0.3748 | PnL=+0.83%
2026-06-17 23:18:06,138 [INFO] [INVENTORY] 9/10 slots used — 1 vacant.
2026-06-17 23:18:06,271 [INFO] [LIQUIDITY] Free USDT: $0.00
2026-06-17 23:18:06,271 [INFO] [STANDBY] Insufficient USDT (need $10.00).
2026-06-17 23:18:06,271 [INFO] [SLEEP] Sleeping for 120s…
2026-06-17 23:20:06,283 [INFO] ======================================================================
2026-06-17 23:20:06,283 [INFO] [LOOP] Cycle #67 | 2026-06-17 23:20:06
2026-06-17 23:20:06,283 [INFO] [MONITOR] Evaluating 9 open positions…
2026-06-17 23:20:06,421 [INFO] [DATA] TRXUSDT | now=0.3214 | entry=0.3173 | PnL=+1.29%
2026-06-17 23:20:06,553 [INFO] [DATA] RLUSDUSDT | now=1.0009 | entry=1.0008 | PnL=+0.01%
2026-06-17 23:20:06,693 [INFO] [DATA] WLDUSDT | now=0.6638 | entry=0.6348 | PnL=+4.57%
2026-06-17 23:20:06,819 [INFO] [DATA] XLMUSDT | now=0.2258 | entry=0.2262 | PnL=-0.18%
2026-06-17 23:20:06,972 [INFO] [DATA] ENAUSDT | now=0.0940 | entry=0.0897 | PnL=+4.79%
2026-06-17 23:20:07,323 [INFO] [DATA] AAVEUSDT | now=76.7300 | entry=75.0100 | PnL=+2.29%
2026-06-17 23:20:07,459 [INFO] [DATA] UNIUSDT | now=3.2880 | entry=3.3250 | PnL=-1.11%
2026-06-17 23:20:07,598 [INFO] [DATA] NEARUSDT | now=2.3260 | entry=2.3100 | PnL=+0.69%
2026-06-17 23:20:07,737 [INFO] [DATA] ONDOUSDT | now=0.3782 | entry=0.3748 | PnL=+0.91%
2026-06-17 23:20:07,737 [INFO] [INVENTORY] 9/10 slots used — 1 vacant.
2026-06-17 23:20:08,102 [INFO] [LIQUIDITY] Free USDT: $0.00
2026-06-17 23:20:08,102 [INFO] [STANDBY] Insufficient USDT (need $10.00).
2026-06-17 23:20:08,102 [INFO] [SLEEP] Sleeping for 120s…
2026-06-17 23:22:08,117 [INFO] ======================================================================
2026-06-17 23:22:08,117 [INFO] [LOOP] Cycle #68 | 2026-06-17 23:22:08
2026-06-17 23:22:08,117 [INFO] [MONITOR] Evaluating 9 open positions…
2026-06-17 23:22:08,258 [INFO] [DATA] TRXUSDT | now=0.3215 | entry=0.3173 | PnL=+1.32%
2026-06-17 23:22:08,398 [INFO] [DATA] RLUSDUSDT | now=1.0009 | entry=1.0008 | PnL=+0.01%
2026-06-17 23:22:08,526 [INFO] [DATA] WLDUSDT | now=0.6659 | entry=0.6348 | PnL=+4.90%
2026-06-17 23:22:08,665 [INFO] [DATA] XLMUSDT | now=0.2267 | entry=0.2262 | PnL=+0.22%
2026-06-17 23:22:08,817 [INFO] [DATA] ENAUSDT | now=0.0943 | entry=0.0897 | PnL=+5.13%
2026-06-17 23:22:08,947 [INFO] [DATA] AAVEUSDT | now=76.9500 | entry=75.0100 | PnL=+2.59%
2026-06-17 23:22:09,082 [INFO] [DATA] UNIUSDT | now=3.2960 | entry=3.3250 | PnL=-0.87%
2026-06-17 23:22:09,224 [INFO] [DATA] NEARUSDT | now=2.3360 | entry=2.3100 | PnL=+1.13%
2026-06-17 23:22:09,367 [INFO] [DATA] ONDOUSDT | now=0.3796 | entry=0.3748 | PnL=+1.28%
2026-06-17 23:22:09,367 [INFO] [INVENTORY] 9/10 slots used — 1 vacant.
2026-06-17 23:22:09,497 [INFO] [LIQUIDITY] Free USDT: $0.00
2026-06-17 23:22:09,497 [INFO] [STANDBY] Insufficient USDT (need $10.00).
2026-06-17 23:22:09,497 [INFO] [SLEEP] Sleeping for 120s…
2026-06-17 23:24:09,509 [INFO] ======================================================================
2026-06-17 23:24:09,509 [INFO] [LOOP] Cycle #69 | 2026-06-17 23:24:09
2026-06-17 23:24:09,509 [INFO] [MONITOR] Evaluating 9 open positions…
2026-06-17 23:24:09,895 [INFO] [DATA] TRXUSDT | now=0.3216 | entry=0.3173 | PnL=+1.36%
2026-06-17 23:24:10,036 [INFO] [DATA] RLUSDUSDT | now=1.0009 | entry=1.0008 | PnL=+0.01%
2026-06-17 23:24:10,186 [INFO] [DATA] WLDUSDT | now=0.6699 | entry=0.6348 | PnL=+5.53%
2026-06-17 23:24:10,316 [INFO] [DATA] XLMUSDT | now=0.2271 | entry=0.2262 | PnL=+0.40%
2026-06-17 23:24:10,451 [INFO] [DATA] ENAUSDT | now=0.0949 | entry=0.0897 | PnL=+5.80%
2026-06-17 23:24:10,592 [INFO] [DATA] AAVEUSDT | now=77.1200 | entry=75.0100 | PnL=+2.81%
2026-06-17 23:24:10,731 [INFO] [DATA] UNIUSDT | now=3.3050 | entry=3.3250 | PnL=-0.60%
2026-06-17 23:24:10,870 [INFO] [DATA] NEARUSDT | now=2.3420 | entry=2.3100 | PnL=+1.39%
2026-06-17 23:24:11,008 [INFO] [DATA] ONDOUSDT | now=0.3817 | entry=0.3748 | PnL=+1.84%
2026-06-17 23:24:11,008 [INFO] [INVENTORY] 9/10 slots used — 1 vacant.
2026-06-17 23:24:11,145 [INFO] [LIQUIDITY] Free USDT: $0.00
2026-06-17 23:24:11,160 [INFO] [STANDBY] Insufficient USDT (need $10.00).
2026-06-17 23:24:11,160 [INFO] [SLEEP] Sleeping for 120s…
2026-06-17 23:26:11,162 [INFO] ======================================================================
2026-06-17 23:26:11,162 [INFO] [LOOP] Cycle #70 | 2026-06-17 23:26:11
2026-06-17 23:26:11,162 [INFO] [MONITOR] Evaluating 9 open positions…
2026-06-17 23:26:11,304 [INFO] [DATA] TRXUSDT | now=0.3216 | entry=0.3173 | PnL=+1.36%
2026-06-17 23:26:11,429 [INFO] [DATA] RLUSDUSDT | now=1.0008 | entry=1.0008 | PnL=+0.00%
2026-06-17 23:26:11,569 [INFO] [DATA] WLDUSDT | now=0.6686 | entry=0.6348 | PnL=+5.32%
2026-06-17 23:26:11,708 [INFO] [DATA] XLMUSDT | now=0.2264 | entry=0.2262 | PnL=+0.09%
2026-06-17 23:26:11,849 [INFO] [DATA] ENAUSDT | now=0.0952 | entry=0.0897 | PnL=+6.13%
2026-06-17 23:26:11,983 [INFO] [DATA] AAVEUSDT | now=76.8300 | entry=75.0100 | PnL=+2.43%
2026-06-17 23:26:12,123 [INFO] [DATA] UNIUSDT | now=3.3060 | entry=3.3250 | PnL=-0.57%
2026-06-17 23:26:12,261 [INFO] [DATA] NEARUSDT | now=2.3380 | entry=2.3100 | PnL=+1.21%
2026-06-17 23:26:12,399 [INFO] [DATA] ONDOUSDT | now=0.3809 | entry=0.3748 | PnL=+1.63%
2026-06-17 23:26:12,399 [INFO] [INVENTORY] 9/10 slots used — 1 vacant.
2026-06-17 23:26:12,539 [INFO] [LIQUIDITY] Free USDT: $0.00
2026-06-17 23:26:12,539 [INFO] [STANDBY] Insufficient USDT (need $10.00).
2026-06-17 23:26:12,539 [INFO] [SLEEP] Sleeping for 120s…
2026-06-17 23:28:12,553 [INFO] ======================================================================
2026-06-17 23:28:12,553 [INFO] [LOOP] Cycle #71 | 2026-06-17 23:28:12
2026-06-17 23:28:12,553 [INFO] [MONITOR] Evaluating 9 open positions…
2026-06-17 23:28:12,691 [INFO] [DATA] TRXUSDT | now=0.3216 | entry=0.3173 | PnL=+1.36%
2026-06-17 23:28:12,822 [INFO] [DATA] RLUSDUSDT | now=1.0008 | entry=1.0008 | PnL=+0.00%
2026-06-17 23:28:12,956 [INFO] [DATA] WLDUSDT | now=0.6693 | entry=0.6348 | PnL=+5.43%
2026-06-17 23:28:13,095 [INFO] [DATA] XLMUSDT | now=0.2269 | entry=0.2262 | PnL=+0.31%
2026-06-17 23:28:13,233 [INFO] [DATA] ENAUSDT | now=0.0951 | entry=0.0897 | PnL=+6.02%
2026-06-17 23:28:13,370 [INFO] [DATA] AAVEUSDT | now=76.8400 | entry=75.0100 | PnL=+2.44%
2026-06-17 23:28:13,510 [INFO] [DATA] UNIUSDT | now=3.3060 | entry=3.3250 | PnL=-0.57%
2026-06-17 23:28:13,649 [INFO] [DATA] NEARUSDT | now=2.3350 | entry=2.3100 | PnL=+1.08%
2026-06-17 23:28:13,787 [INFO] [DATA] ONDOUSDT | now=0.3803 | entry=0.3748 | PnL=+1.47%
2026-06-17 23:28:13,787 [INFO] [INVENTORY] 9/10 slots used — 1 vacant.
2026-06-17 23:28:13,939 [INFO] [LIQUIDITY] Free USDT: $0.00
2026-06-17 23:28:13,939 [INFO] [STANDBY] Insufficient USDT (need $10.00).
2026-06-17 23:28:13,939 [INFO] [SLEEP] Sleeping for 120s…
2026-06-17 23:30:13,940 [INFO] ======================================================================
2026-06-17 23:30:13,940 [INFO] [LOOP] Cycle #72 | 2026-06-17 23:30:13
2026-06-17 23:30:13,940 [INFO] [MONITOR] Evaluating 9 open positions…
2026-06-17 23:30:14,080 [INFO] [DATA] TRXUSDT | now=0.3209 | entry=0.3173 | PnL=+1.13%
2026-06-17 23:30:14,214 [INFO] [DATA] RLUSDUSDT | now=1.0008 | entry=1.0008 | PnL=+0.00%
2026-06-17 23:30:14,348 [INFO] [DATA] WLDUSDT | now=0.6585 | entry=0.6348 | PnL=+3.73%
2026-06-17 23:30:14,482 [INFO] [DATA] XLMUSDT | now=0.2245 | entry=0.2262 | PnL=-0.75%
2026-06-17 23:30:14,622 [INFO] [DATA] ENAUSDT | now=0.0934 | entry=0.0897 | PnL=+4.12%
2026-06-17 23:30:14,759 [INFO] [DATA] AAVEUSDT | now=75.9100 | entry=75.0100 | PnL=+1.20%
2026-06-17 23:30:14,898 [INFO] [DATA] UNIUSDT | now=3.2740 | entry=3.3250 | PnL=-1.53%
2026-06-17 23:30:15,036 [INFO] [DATA] NEARUSDT | now=2.3040 | entry=2.3100 | PnL=-0.26%
2026-06-17 23:30:15,176 [INFO] [DATA] ONDOUSDT | now=0.3748 | entry=0.3748 | PnL=+0.00%
2026-06-17 23:30:15,176 [INFO] [INVENTORY] 9/10 slots used — 1 vacant.
2026-06-17 23:30:15,312 [INFO] [LIQUIDITY] Free USDT: $0.00
2026-06-17 23:30:15,327 [INFO] [STANDBY] Insufficient USDT (need $10.00).
2026-06-17 23:30:15,327 [INFO] [SLEEP] Sleeping for 120s…
2026-06-17 23:32:15,328 [INFO] ======================================================================
2026-06-17 23:32:15,328 [INFO] [LOOP] Cycle #73 | 2026-06-17 23:32:15
2026-06-17 23:32:15,328 [INFO] [MONITOR] Evaluating 9 open positions…
2026-06-17 23:32:15,466 [INFO] [DATA] TRXUSDT | now=0.3210 | entry=0.3173 | PnL=+1.17%
2026-06-17 23:32:15,599 [INFO] [DATA] RLUSDUSDT | now=1.0008 | entry=1.0008 | PnL=+0.00%
2026-06-17 23:32:15,731 [INFO] [DATA] WLDUSDT | now=0.6591 | entry=0.6348 | PnL=+3.83%
2026-06-17 23:32:15,869 [INFO] [DATA] XLMUSDT | now=0.2245 | entry=0.2262 | PnL=-0.75%
2026-06-17 23:32:16,006 [INFO] [DATA] ENAUSDT | now=0.0936 | entry=0.0897 | PnL=+4.35%
2026-06-17 23:32:16,140 [INFO] [DATA] AAVEUSDT | now=75.8600 | entry=75.0100 | PnL=+1.13%
2026-06-17 23:32:16,279 [INFO] [DATA] UNIUSDT | now=3.2720 | entry=3.3250 | PnL=-1.59%
2026-06-17 23:32:16,420 [INFO] [DATA] NEARUSDT | now=2.3030 | entry=2.3100 | PnL=-0.30%
2026-06-17 23:32:16,557 [INFO] [DATA] ONDOUSDT | now=0.3749 | entry=0.3748 | PnL=+0.03%
2026-06-17 23:32:16,557 [INFO] [INVENTORY] 9/10 slots used — 1 vacant.
2026-06-17 23:32:16,697 [INFO] [LIQUIDITY] Free USDT: $0.00
2026-06-17 23:32:16,697 [INFO] [STANDBY] Insufficient USDT (need $10.00).
2026-06-17 23:32:16,697 [INFO] [SLEEP] Sleeping for 120s…
2026-06-17 23:34:16,711 [INFO] ======================================================================
2026-06-17 23:34:16,711 [INFO] [LOOP] Cycle #74 | 2026-06-17 23:34:16
2026-06-17 23:34:16,711 [INFO] [MONITOR] Evaluating 9 open positions…
2026-06-17 23:34:16,850 [INFO] [DATA] TRXUSDT | now=0.3208 | entry=0.3173 | PnL=+1.10%
2026-06-17 23:34:16,980 [INFO] [DATA] RLUSDUSDT | now=1.0008 | entry=1.0008 | PnL=+0.00%
2026-06-17 23:34:17,116 [INFO] [DATA] WLDUSDT | now=0.6588 | entry=0.6348 | PnL=+3.78%
2026-06-17 23:34:17,266 [INFO] [DATA] XLMUSDT | now=0.2243 | entry=0.2262 | PnL=-0.84%
2026-06-17 23:34:17,393 [INFO] [DATA] ENAUSDT | now=0.0934 | entry=0.0897 | PnL=+4.12%
2026-06-17 23:34:17,531 [INFO] [DATA] AAVEUSDT | now=75.4700 | entry=75.0100 | PnL=+0.61%
2026-06-17 23:34:17,670 [INFO] [DATA] UNIUSDT | now=3.2660 | entry=3.3250 | PnL=-1.77%
2026-06-17 23:34:17,811 [INFO] [DATA] NEARUSDT | now=2.3030 | entry=2.3100 | PnL=-0.30%
2026-06-17 23:34:17,949 [INFO] [DATA] ONDOUSDT | now=0.3741 | entry=0.3748 | PnL=-0.19%
2026-06-17 23:34:17,964 [INFO] [INVENTORY] 9/10 slots used — 1 vacant.
2026-06-17 23:34:18,093 [INFO] [LIQUIDITY] Free USDT: $0.00
2026-06-17 23:34:18,093 [INFO] [STANDBY] Insufficient USDT (need $10.00).
2026-06-17 23:34:18,093 [INFO] [SLEEP] Sleeping for 120s…
2026-06-17 23:36:18,103 [INFO] ======================================================================
2026-06-17 23:36:18,103 [INFO] [LOOP] Cycle #75 | 2026-06-17 23:36:18
2026-06-17 23:36:18,103 [INFO] [MONITOR] Evaluating 9 open positions…
2026-06-17 23:36:18,241 [INFO] [DATA] TRXUSDT | now=0.3208 | entry=0.3173 | PnL=+1.10%
2026-06-17 23:36:18,372 [INFO] [DATA] RLUSDUSDT | now=1.0008 | entry=1.0008 | PnL=+0.00%
2026-06-17 23:36:18,503 [INFO] [DATA] WLDUSDT | now=0.6553 | entry=0.6348 | PnL=+3.23%
2026-06-17 23:36:18,645 [INFO] [DATA] XLMUSDT | now=0.2246 | entry=0.2262 | PnL=-0.71%
2026-06-17 23:36:18,782 [INFO] [DATA] ENAUSDT | now=0.0935 | entry=0.0897 | PnL=+4.24%
2026-06-17 23:36:18,922 [INFO] [DATA] AAVEUSDT | now=75.6500 | entry=75.0100 | PnL=+0.85%
2026-06-17 23:36:19,077 [INFO] [DATA] UNIUSDT | now=3.2610 | entry=3.3250 | PnL=-1.92%
2026-06-17 23:36:19,207 [INFO] [DATA] NEARUSDT | now=2.2900 | entry=2.3100 | PnL=-0.87%
2026-06-17 23:36:19,346 [INFO] [DATA] ONDOUSDT | now=0.3740 | entry=0.3748 | PnL=-0.21%
2026-06-17 23:36:19,361 [INFO] [INVENTORY] 9/10 slots used — 1 vacant.
2026-06-17 23:36:19,490 [INFO] [LIQUIDITY] Free USDT: $0.00
2026-06-17 23:36:19,490 [INFO] [STANDBY] Insufficient USDT (need $10.00).
2026-06-17 23:36:19,490 [INFO] [SLEEP] Sleeping for 120s…
2026-06-17 23:38:19,501 [INFO] ======================================================================
2026-06-17 23:38:19,501 [INFO] [LOOP] Cycle #76 | 2026-06-17 23:38:19
2026-06-17 23:38:19,501 [INFO] [MONITOR] Evaluating 9 open positions…
2026-06-17 23:38:19,642 [INFO] [DATA] TRXUSDT | now=0.3207 | entry=0.3173 | PnL=+1.07%
2026-06-17 23:38:19,782 [INFO] [DATA] RLUSDUSDT | now=1.0008 | entry=1.0008 | PnL=+0.00%
2026-06-17 23:38:19,911 [INFO] [DATA] WLDUSDT | now=0.6608 | entry=0.6348 | PnL=+4.10%
2026-06-17 23:38:20,046 [INFO] [DATA] XLMUSDT | now=0.2248 | entry=0.2262 | PnL=-0.62%
2026-06-17 23:38:20,192 [INFO] [DATA] ENAUSDT | now=0.0940 | entry=0.0897 | PnL=+4.79%
2026-06-17 23:38:20,323 [INFO] [DATA] AAVEUSDT | now=75.8900 | entry=75.0100 | PnL=+1.17%
2026-06-17 23:38:20,476 [INFO] [DATA] UNIUSDT | now=3.2740 | entry=3.3250 | PnL=-1.53%
2026-06-17 23:38:20,604 [INFO] [DATA] NEARUSDT | now=2.3010 | entry=2.3100 | PnL=-0.39%
2026-06-17 23:38:20,744 [INFO] [DATA] ONDOUSDT | now=0.3751 | entry=0.3748 | PnL=+0.08%
2026-06-17 23:38:20,744 [INFO] [INVENTORY] 9/10 slots used — 1 vacant.
2026-06-17 23:38:20,882 [INFO] [LIQUIDITY] Free USDT: $0.00
2026-06-17 23:38:20,882 [INFO] [STANDBY] Insufficient USDT (need $10.00).
2026-06-17 23:38:20,882 [INFO] [SLEEP] Sleeping for 120s…
2026-06-17 23:40:20,894 [INFO] ======================================================================
2026-06-17 23:40:20,894 [INFO] [LOOP] Cycle #77 | 2026-06-17 23:40:20
2026-06-17 23:40:20,894 [INFO] [MONITOR] Evaluating 9 open positions…
2026-06-17 23:40:21,033 [INFO] [DATA] TRXUSDT | now=0.3208 | entry=0.3173 | PnL=+1.10%
2026-06-17 23:40:21,162 [INFO] [DATA] RLUSDUSDT | now=1.0008 | entry=1.0008 | PnL=+0.00%
2026-06-17 23:40:21,296 [INFO] [DATA] WLDUSDT | now=0.6585 | entry=0.6348 | PnL=+3.73%
2026-06-17 23:40:21,447 [INFO] [DATA] XLMUSDT | now=0.2251 | entry=0.2262 | PnL=-0.49%
2026-06-17 23:40:21,572 [INFO] [DATA] ENAUSDT | now=0.0937 | entry=0.0897 | PnL=+4.46%
2026-06-17 23:40:21,711 [INFO] [DATA] AAVEUSDT | now=76.0600 | entry=75.0100 | PnL=+1.40%
2026-06-17 23:40:21,848 [INFO] [DATA] UNIUSDT | now=3.2880 | entry=3.3250 | PnL=-1.11%
2026-06-17 23:40:21,988 [INFO] [DATA] NEARUSDT | now=2.2960 | entry=2.3100 | PnL=-0.61%
2026-06-17 23:40:22,125 [INFO] [DATA] ONDOUSDT | now=0.3748 | entry=0.3748 | PnL=+0.00%
2026-06-17 23:40:22,125 [INFO] [INVENTORY] 9/10 slots used — 1 vacant.
2026-06-17 23:40:22,264 [INFO] [LIQUIDITY] Free USDT: $0.00
2026-06-17 23:40:22,264 [INFO] [STANDBY] Insufficient USDT (need $10.00).
2026-06-17 23:40:22,264 [INFO] [SLEEP] Sleeping for 120s…
2026-06-17 23:42:22,279 [INFO] ======================================================================
2026-06-17 23:42:22,279 [INFO] [LOOP] Cycle #78 | 2026-06-17 23:42:22
2026-06-17 23:42:22,279 [INFO] [MONITOR] Evaluating 9 open positions…
2026-06-17 23:42:22,414 [INFO] [DATA] TRXUSDT | now=0.3209 | entry=0.3173 | PnL=+1.13%
2026-06-17 23:42:22,540 [INFO] [DATA] RLUSDUSDT | now=1.0008 | entry=1.0008 | PnL=+0.00%
2026-06-17 23:42:22,679 [INFO] [DATA] WLDUSDT | now=0.6621 | entry=0.6348 | PnL=+4.30%
2026-06-17 23:42:22,816 [INFO] [DATA] XLMUSDT | now=0.2247 | entry=0.2262 | PnL=-0.66%
2026-06-17 23:42:22,954 [INFO] [DATA] ENAUSDT | now=0.0937 | entry=0.0897 | PnL=+4.46%
2026-06-17 23:42:23,093 [INFO] [DATA] AAVEUSDT | now=76.0300 | entry=75.0100 | PnL=+1.36%
2026-06-17 23:42:23,233 [INFO] [DATA] UNIUSDT | now=3.2840 | entry=3.3250 | PnL=-1.23%
2026-06-17 23:42:23,377 [INFO] [DATA] NEARUSDT | now=2.2980 | entry=2.3100 | PnL=-0.52%
2026-06-17 23:42:23,519 [INFO] [DATA] ONDOUSDT | now=0.3755 | entry=0.3748 | PnL=+0.19%
2026-06-17 23:42:23,519 [INFO] [INVENTORY] 9/10 slots used — 1 vacant.
2026-06-17 23:42:23,650 [INFO] [LIQUIDITY] Free USDT: $0.00
2026-06-17 23:42:23,650 [INFO] [STANDBY] Insufficient USDT (need $10.00).
2026-06-17 23:42:23,650 [INFO] [SLEEP] Sleeping for 120s…
2026-06-17 23:44:23,662 [INFO] ======================================================================
2026-06-17 23:44:23,662 [INFO] [LOOP] Cycle #79 | 2026-06-17 23:44:23
2026-06-17 23:44:23,662 [INFO] [MONITOR] Evaluating 9 open positions…
2026-06-17 23:44:23,802 [INFO] [DATA] TRXUSDT | now=0.3208 | entry=0.3173 | PnL=+1.10%
2026-06-17 23:44:23,931 [INFO] [DATA] RLUSDUSDT | now=1.0008 | entry=1.0008 | PnL=+0.00%
2026-06-17 23:44:24,065 [INFO] [DATA] WLDUSDT | now=0.6605 | entry=0.6348 | PnL=+4.05%
2026-06-17 23:44:24,208 [INFO] [DATA] XLMUSDT | now=0.2241 | entry=0.2262 | PnL=-0.93%
2026-06-17 23:44:24,343 [INFO] [DATA] ENAUSDT | now=0.0932 | entry=0.0897 | PnL=+3.90%
2026-06-17 23:44:24,481 [INFO] [DATA] AAVEUSDT | now=75.6900 | entry=75.0100 | PnL=+0.91%
2026-06-17 23:44:24,617 [INFO] [DATA] UNIUSDT | now=3.2680 | entry=3.3250 | PnL=-1.71%
2026-06-17 23:44:24,755 [INFO] [DATA] NEARUSDT | now=2.2860 | entry=2.3100 | PnL=-1.04%
2026-06-17 23:44:24,895 [INFO] [DATA] ONDOUSDT | now=0.3750 | entry=0.3748 | PnL=+0.05%
2026-06-17 23:44:24,895 [INFO] [INVENTORY] 9/10 slots used — 1 vacant.
2026-06-17 23:44:25,032 [INFO] [LIQUIDITY] Free USDT: $0.00
2026-06-17 23:44:25,032 [INFO] [STANDBY] Insufficient USDT (need $10.00).
2026-06-17 23:44:25,032 [INFO] [SLEEP] Sleeping for 120s…
2026-06-17 23:46:25,045 [INFO] ======================================================================
2026-06-17 23:46:25,045 [INFO] [LOOP] Cycle #80 | 2026-06-17 23:46:25
2026-06-17 23:46:25,045 [INFO] [MONITOR] Evaluating 9 open positions…
2026-06-17 23:46:25,185 [INFO] [DATA] TRXUSDT | now=0.3209 | entry=0.3173 | PnL=+1.13%
2026-06-17 23:46:25,314 [INFO] [DATA] RLUSDUSDT | now=1.0009 | entry=1.0008 | PnL=+0.01%
2026-06-17 23:46:25,450 [INFO] [DATA] WLDUSDT | now=0.6637 | entry=0.6348 | PnL=+4.55%
2026-06-17 23:46:25,587 [INFO] [DATA] XLMUSDT | now=0.2247 | entry=0.2262 | PnL=-0.66%
2026-06-17 23:46:25,727 [INFO] [DATA] ENAUSDT | now=0.0936 | entry=0.0897 | PnL=+4.35%
2026-06-17 23:46:25,866 [INFO] [DATA] AAVEUSDT | now=75.8300 | entry=75.0100 | PnL=+1.09%
2026-06-17 23:46:26,006 [INFO] [DATA] UNIUSDT | now=3.2780 | entry=3.3250 | PnL=-1.41%
2026-06-17 23:46:26,142 [INFO] [DATA] NEARUSDT | now=2.2890 | entry=2.3100 | PnL=-0.91%
2026-06-17 23:46:26,281 [INFO] [DATA] ONDOUSDT | now=0.3752 | entry=0.3748 | PnL=+0.11%
2026-06-17 23:46:26,281 [INFO] [INVENTORY] 9/10 slots used — 1 vacant.
2026-06-17 23:46:26,417 [INFO] [LIQUIDITY] Free USDT: $0.00
2026-06-17 23:46:26,417 [INFO] [STANDBY] Insufficient USDT (need $10.00).
2026-06-17 23:46:26,417 [INFO] [SLEEP] Sleeping for 120s…
2026-06-17 23:48:26,429 [INFO] ======================================================================
2026-06-17 23:48:26,429 [INFO] [LOOP] Cycle #81 | 2026-06-17 23:48:26
2026-06-17 23:48:26,429 [INFO] [MONITOR] Evaluating 9 open positions…
2026-06-17 23:48:26,570 [INFO] [DATA] TRXUSDT | now=0.3209 | entry=0.3173 | PnL=+1.13%
2026-06-17 23:48:26,699 [INFO] [DATA] RLUSDUSDT | now=1.0008 | entry=1.0008 | PnL=+0.00%
2026-06-17 23:48:26,834 [INFO] [DATA] WLDUSDT | now=0.6622 | entry=0.6348 | PnL=+4.32%
2026-06-17 23:48:26,974 [INFO] [DATA] XLMUSDT | now=0.2246 | entry=0.2262 | PnL=-0.71%
2026-06-17 23:48:27,113 [INFO] [DATA] ENAUSDT | now=0.0935 | entry=0.0897 | PnL=+4.24%
2026-06-17 23:48:27,252 [INFO] [DATA] AAVEUSDT | now=75.8600 | entry=75.0100 | PnL=+1.13%
2026-06-17 23:48:27,389 [INFO] [DATA] UNIUSDT | now=3.2750 | entry=3.3250 | PnL=-1.50%
2026-06-17 23:48:27,527 [INFO] [DATA] NEARUSDT | now=2.2880 | entry=2.3100 | PnL=-0.95%
2026-06-17 23:48:27,666 [INFO] [DATA] ONDOUSDT | now=0.3750 | entry=0.3748 | PnL=+0.05%
2026-06-17 23:48:27,666 [INFO] [INVENTORY] 9/10 slots used — 1 vacant.
2026-06-17 23:48:27,804 [INFO] [LIQUIDITY] Free USDT: $0.00
2026-06-17 23:48:27,804 [INFO] [STANDBY] Insufficient USDT (need $10.00).
2026-06-17 23:48:27,804 [INFO] [SLEEP] Sleeping for 120s…
2026-06-17 23:50:27,819 [INFO] ======================================================================
2026-06-17 23:50:27,819 [INFO] [LOOP] Cycle #82 | 2026-06-17 23:50:27
2026-06-17 23:50:27,819 [INFO] [MONITOR] Evaluating 9 open positions…
2026-06-17 23:50:27,958 [INFO] [DATA] TRXUSDT | now=0.3208 | entry=0.3173 | PnL=+1.10%
2026-06-17 23:50:28,088 [INFO] [DATA] RLUSDUSDT | now=1.0008 | entry=1.0008 | PnL=+0.00%
2026-06-17 23:50:28,223 [INFO] [DATA] WLDUSDT | now=0.6643 | entry=0.6348 | PnL=+4.65%
2026-06-17 23:50:28,362 [INFO] [DATA] XLMUSDT | now=0.2245 | entry=0.2262 | PnL=-0.75%
2026-06-17 23:50:28,501 [INFO] [DATA] ENAUSDT | now=0.0940 | entry=0.0897 | PnL=+4.79%
2026-06-17 23:50:28,640 [INFO] [DATA] AAVEUSDT | now=75.8300 | entry=75.0100 | PnL=+1.09%
2026-06-17 23:50:28,777 [INFO] [DATA] UNIUSDT | now=3.2750 | entry=3.3250 | PnL=-1.50%
2026-06-17 23:50:28,913 [INFO] [DATA] NEARUSDT | now=2.2920 | entry=2.3100 | PnL=-0.78%
2026-06-17 23:50:29,052 [INFO] [DATA] ONDOUSDT | now=0.3752 | entry=0.3748 | PnL=+0.11%
2026-06-17 23:50:29,052 [INFO] [INVENTORY] 9/10 slots used — 1 vacant.
2026-06-17 23:50:29,191 [INFO] [LIQUIDITY] Free USDT: $0.00
2026-06-17 23:50:29,191 [INFO] [STANDBY] Insufficient USDT (need $10.00).
2026-06-17 23:50:29,191 [INFO] [SLEEP] Sleeping for 120s…
2026-06-17 23:52:29,206 [INFO] ======================================================================
2026-06-17 23:52:29,206 [INFO] [LOOP] Cycle #83 | 2026-06-17 23:52:29
2026-06-17 23:52:29,206 [INFO] [MONITOR] Evaluating 9 open positions…
2026-06-17 23:52:29,344 [INFO] [DATA] TRXUSDT | now=0.3207 | entry=0.3173 | PnL=+1.07%
2026-06-17 23:52:29,477 [INFO] [DATA] RLUSDUSDT | now=1.0008 | entry=1.0008 | PnL=+0.00%
2026-06-17 23:52:29,609 [INFO] [DATA] WLDUSDT | now=0.6625 | entry=0.6348 | PnL=+4.36%
2026-06-17 23:52:29,747 [INFO] [DATA] XLMUSDT | now=0.2243 | entry=0.2262 | PnL=-0.84%
2026-06-17 23:52:29,886 [INFO] [DATA] ENAUSDT | now=0.0936 | entry=0.0897 | PnL=+4.35%
2026-06-17 23:52:30,024 [INFO] [DATA] AAVEUSDT | now=75.8700 | entry=75.0100 | PnL=+1.15%
2026-06-17 23:52:30,163 [INFO] [DATA] UNIUSDT | now=3.2710 | entry=3.3250 | PnL=-1.62%
2026-06-17 23:52:30,301 [INFO] [DATA] NEARUSDT | now=2.2970 | entry=2.3100 | PnL=-0.56%
2026-06-17 23:52:30,440 [INFO] [DATA] ONDOUSDT | now=0.3750 | entry=0.3748 | PnL=+0.05%
2026-06-17 23:52:30,440 [INFO] [INVENTORY] 9/10 slots used — 1 vacant.
2026-06-17 23:52:30,593 [INFO] [LIQUIDITY] Free USDT: $0.00
2026-06-17 23:52:30,593 [INFO] [STANDBY] Insufficient USDT (need $10.00).
2026-06-17 23:52:30,593 [INFO] [SLEEP] Sleeping for 120s…
2026-06-17 23:54:30,594 [INFO] ======================================================================
2026-06-17 23:54:30,594 [INFO] [LOOP] Cycle #84 | 2026-06-17 23:54:30
2026-06-17 23:54:30,594 [INFO] [MONITOR] Evaluating 9 open positions…
2026-06-17 23:54:30,733 [INFO] [DATA] TRXUSDT | now=0.3208 | entry=0.3173 | PnL=+1.10%
2026-06-17 23:54:30,865 [INFO] [DATA] RLUSDUSDT | now=1.0007 | entry=1.0008 | PnL=-0.01%
2026-06-17 23:54:31,003 [INFO] [DATA] WLDUSDT | now=0.6611 | entry=0.6348 | PnL=+4.14%
2026-06-17 23:54:31,137 [INFO] [DATA] XLMUSDT | now=0.2240 | entry=0.2262 | PnL=-0.97%
2026-06-17 23:54:31,284 [INFO] [DATA] ENAUSDT | now=0.0932 | entry=0.0897 | PnL=+3.90%
2026-06-17 23:54:31,413 [INFO] [DATA] AAVEUSDT | now=75.5800 | entry=75.0100 | PnL=+0.76%
2026-06-17 23:54:31,555 [INFO] [DATA] UNIUSDT | now=3.2670 | entry=3.3250 | PnL=-1.74%
2026-06-17 23:54:31,682 [INFO] [DATA] NEARUSDT | now=2.2850 | entry=2.3100 | PnL=-1.08%
2026-06-17 23:54:31,818 [INFO] [DATA] ONDOUSDT | now=0.3736 | entry=0.3748 | PnL=-0.32%
2026-06-17 23:54:31,818 [INFO] [INVENTORY] 9/10 slots used — 1 vacant.
2026-06-17 23:54:31,957 [INFO] [LIQUIDITY] Free USDT: $0.00
2026-06-17 23:54:31,957 [INFO] [STANDBY] Insufficient USDT (need $10.00).
2026-06-17 23:54:31,957 [INFO] [SLEEP] Sleeping for 120s…
2026-06-17 23:56:31,969 [INFO] ======================================================================
2026-06-17 23:56:31,969 [INFO] [LOOP] Cycle #85 | 2026-06-17 23:56:31
2026-06-17 23:56:31,969 [INFO] [MONITOR] Evaluating 9 open positions…
2026-06-17 23:56:32,109 [INFO] [DATA] TRXUSDT | now=0.3207 | entry=0.3173 | PnL=+1.07%
2026-06-17 23:56:32,238 [INFO] [DATA] RLUSDUSDT | now=1.0008 | entry=1.0008 | PnL=+0.00%
2026-06-17 23:56:32,599 [INFO] [DATA] WLDUSDT | now=0.6585 | entry=0.6348 | PnL=+3.73%
2026-06-17 23:56:32,730 [INFO] [DATA] XLMUSDT | now=0.2242 | entry=0.2262 | PnL=-0.88%
2026-06-17 23:56:32,870 [INFO] [DATA] ENAUSDT | now=0.0933 | entry=0.0897 | PnL=+4.01%
2026-06-17 23:56:33,006 [INFO] [DATA] AAVEUSDT | now=75.7400 | entry=75.0100 | PnL=+0.97%
2026-06-17 23:56:33,143 [INFO] [DATA] UNIUSDT | now=3.2770 | entry=3.3250 | PnL=-1.44%
2026-06-17 23:56:33,282 [INFO] [DATA] NEARUSDT | now=2.2840 | entry=2.3100 | PnL=-1.13%
2026-06-17 23:56:33,418 [INFO] [DATA] ONDOUSDT | now=0.3739 | entry=0.3748 | PnL=-0.24%
2026-06-17 23:56:33,418 [INFO] [INVENTORY] 9/10 slots used — 1 vacant.
2026-06-17 23:56:33,556 [INFO] [LIQUIDITY] Free USDT: $0.00
2026-06-17 23:56:33,556 [INFO] [STANDBY] Insufficient USDT (need $10.00).
2026-06-17 23:56:33,556 [INFO] [SLEEP] Sleeping for 120s…
2026-06-17 23:58:33,568 [INFO] ======================================================================
2026-06-17 23:58:33,568 [INFO] [LOOP] Cycle #86 | 2026-06-17 23:58:33
2026-06-17 23:58:33,568 [INFO] [MONITOR] Evaluating 9 open positions…
2026-06-17 23:58:33,706 [INFO] [DATA] TRXUSDT | now=0.3204 | entry=0.3173 | PnL=+0.98%
2026-06-17 23:58:33,836 [INFO] [DATA] RLUSDUSDT | now=1.0008 | entry=1.0008 | PnL=+0.00%
2026-06-17 23:58:33,970 [INFO] [DATA] WLDUSDT | now=0.6585 | entry=0.6348 | PnL=+3.73%
2026-06-17 23:58:34,334 [INFO] [DATA] XLMUSDT | now=0.2243 | entry=0.2262 | PnL=-0.84%
2026-06-17 23:58:34,473 [INFO] [DATA] ENAUSDT | now=0.0929 | entry=0.0897 | PnL=+3.57%
2026-06-17 23:58:34,601 [INFO] [DATA] AAVEUSDT | now=75.6100 | entry=75.0100 | PnL=+0.80%
2026-06-17 23:58:34,740 [INFO] [DATA] UNIUSDT | now=3.2720 | entry=3.3250 | PnL=-1.59%
2026-06-17 23:58:34,878 [INFO] [DATA] NEARUSDT | now=2.2890 | entry=2.3100 | PnL=-0.91%
2026-06-17 23:58:35,016 [INFO] [DATA] ONDOUSDT | now=0.3733 | entry=0.3748 | PnL=-0.40%
2026-06-17 23:58:35,016 [INFO] [INVENTORY] 9/10 slots used — 1 vacant.
2026-06-17 23:58:35,153 [INFO] [LIQUIDITY] Free USDT: $0.00
2026-06-17 23:58:35,153 [INFO] [STANDBY] Insufficient USDT (need $10.00).
2026-06-17 23:58:35,153 [INFO] [SLEEP] Sleeping for 120s…
2026-06-18 00:00:35,167 [INFO] ======================================================================
2026-06-18 00:00:35,167 [INFO] [LOOP] Cycle #87 | 2026-06-18 00:00:35
2026-06-18 00:00:35,167 [INFO] [MONITOR] Evaluating 9 open positions…
2026-06-18 00:00:35,307 [INFO] [DATA] TRXUSDT | now=0.3205 | entry=0.3173 | PnL=+1.01%
2026-06-18 00:00:35,439 [INFO] [DATA] RLUSDUSDT | now=1.0008 | entry=1.0008 | PnL=+0.00%
2026-06-18 00:00:35,578 [INFO] [DATA] WLDUSDT | now=0.6610 | entry=0.6348 | PnL=+4.13%
2026-06-18 00:00:35,705 [INFO] [DATA] XLMUSDT | now=0.2247 | entry=0.2262 | PnL=-0.66%
2026-06-18 00:00:35,842 [INFO] [DATA] ENAUSDT | now=0.0927 | entry=0.0897 | PnL=+3.34%
2026-06-18 00:00:35,981 [INFO] [DATA] AAVEUSDT | now=75.8700 | entry=75.0100 | PnL=+1.15%
2026-06-18 00:00:36,121 [INFO] [DATA] UNIUSDT | now=3.2810 | entry=3.3250 | PnL=-1.32%
2026-06-18 00:00:36,259 [INFO] [DATA] NEARUSDT | now=2.2960 | entry=2.3100 | PnL=-0.61%
2026-06-18 00:00:36,397 [INFO] [DATA] ONDOUSDT | now=0.3750 | entry=0.3748 | PnL=+0.05%
2026-06-18 00:00:36,397 [INFO] [INVENTORY] 9/10 slots used — 1 vacant.
2026-06-18 00:00:36,546 [INFO] [LIQUIDITY] Free USDT: $0.00
2026-06-18 00:00:36,546 [INFO] [STANDBY] Insufficient USDT (need $10.00).
2026-06-18 00:00:36,546 [INFO] [SLEEP] Sleeping for 120s…
2026-06-18 00:02:36,547 [INFO] ======================================================================
2026-06-18 00:02:36,547 [INFO] [LOOP] Cycle #88 | 2026-06-18 00:02:36
2026-06-18 00:02:36,547 [INFO] [MONITOR] Evaluating 9 open positions…
2026-06-18 00:02:36,687 [INFO] [DATA] TRXUSDT | now=0.3207 | entry=0.3173 | PnL=+1.07%
2026-06-18 00:02:36,815 [INFO] [DATA] RLUSDUSDT | now=1.0008 | entry=1.0008 | PnL=+0.00%
2026-06-18 00:02:36,952 [INFO] [DATA] WLDUSDT | now=0.6610 | entry=0.6348 | PnL=+4.13%
2026-06-18 00:02:37,089 [INFO] [DATA] XLMUSDT | now=0.2245 | entry=0.2262 | PnL=-0.75%
2026-06-18 00:02:37,228 [INFO] [DATA] ENAUSDT | now=0.0931 | entry=0.0897 | PnL=+3.79%
2026-06-18 00:02:37,367 [INFO] [DATA] AAVEUSDT | now=75.7500 | entry=75.0100 | PnL=+0.99%
2026-06-18 00:02:37,507 [INFO] [DATA] UNIUSDT | now=3.2800 | entry=3.3250 | PnL=-1.35%
2026-06-18 00:02:37,643 [INFO] [DATA] NEARUSDT | now=2.2940 | entry=2.3100 | PnL=-0.69%
2026-06-18 00:02:37,778 [INFO] [DATA] ONDOUSDT | now=0.3748 | entry=0.3748 | PnL=+0.00%
2026-06-18 00:02:37,778 [INFO] [INVENTORY] 9/10 slots used — 1 vacant.
2026-06-18 00:02:37,918 [INFO] [LIQUIDITY] Free USDT: $0.00
2026-06-18 00:02:37,918 [INFO] [STANDBY] Insufficient USDT (need $10.00).
2026-06-18 00:02:37,918 [INFO] [SLEEP] Sleeping for 120s…
2026-06-18 00:04:37,929 [INFO] ======================================================================
2026-06-18 00:04:37,929 [INFO] [LOOP] Cycle #89 | 2026-06-18 00:04:37
2026-06-18 00:04:37,929 [INFO] [MONITOR] Evaluating 9 open positions…
2026-06-18 00:04:38,069 [INFO] [DATA] TRXUSDT | now=0.3206 | entry=0.3173 | PnL=+1.04%
2026-06-18 00:04:38,198 [INFO] [DATA] RLUSDUSDT | now=1.0008 | entry=1.0008 | PnL=+0.00%
2026-06-18 00:04:38,334 [INFO] [DATA] WLDUSDT | now=0.6611 | entry=0.6348 | PnL=+4.14%
2026-06-18 00:04:38,477 [INFO] [DATA] XLMUSDT | now=0.2242 | entry=0.2262 | PnL=-0.88%
2026-06-18 00:04:38,606 [INFO] [DATA] ENAUSDT | now=0.0929 | entry=0.0897 | PnL=+3.57%
2026-06-18 00:04:38,745 [INFO] [DATA] AAVEUSDT | now=75.6600 | entry=75.0100 | PnL=+0.87%
2026-06-18 00:04:39,107 [INFO] [DATA] UNIUSDT | now=3.2720 | entry=3.3250 | PnL=-1.59%
2026-06-18 00:04:39,250 [INFO] [DATA] NEARUSDT | now=2.2890 | entry=2.3100 | PnL=-0.91%
2026-06-18 00:04:39,380 [INFO] [DATA] ONDOUSDT | now=0.3742 | entry=0.3748 | PnL=-0.16%
2026-06-18 00:04:39,380 [INFO] [INVENTORY] 9/10 slots used — 1 vacant.
2026-06-18 00:04:39,515 [INFO] [LIQUIDITY] Free USDT: $0.00
2026-06-18 00:04:39,515 [INFO] [STANDBY] Insufficient USDT (need $10.00).
2026-06-18 00:04:39,515 [INFO] [SLEEP] Sleeping for 120s…
2026-06-18 00:06:39,530 [INFO] ======================================================================
2026-06-18 00:06:39,530 [INFO] [LOOP] Cycle #90 | 2026-06-18 00:06:39
2026-06-18 00:06:39,530 [INFO] [MONITOR] Evaluating 9 open positions…
2026-06-18 00:06:39,669 [INFO] [DATA] TRXUSDT | now=0.3209 | entry=0.3173 | PnL=+1.13%
2026-06-18 00:06:39,801 [INFO] [DATA] RLUSDUSDT | now=1.0008 | entry=1.0008 | PnL=+0.00%
2026-06-18 00:06:39,937 [INFO] [DATA] WLDUSDT | now=0.6623 | entry=0.6348 | PnL=+4.33%
2026-06-18 00:06:40,073 [INFO] [DATA] XLMUSDT | now=0.2251 | entry=0.2262 | PnL=-0.49%
2026-06-18 00:06:40,219 [INFO] [DATA] ENAUSDT | now=0.0932 | entry=0.0897 | PnL=+3.90%
2026-06-18 00:06:40,353 [INFO] [DATA] AAVEUSDT | now=75.9100 | entry=75.0100 | PnL=+1.20%
2026-06-18 00:06:40,482 [INFO] [DATA] UNIUSDT | now=3.2860 | entry=3.3250 | PnL=-1.17%
2026-06-18 00:06:40,620 [INFO] [DATA] NEARUSDT | now=2.3000 | entry=2.3100 | PnL=-0.43%
2026-06-18 00:06:40,759 [INFO] [DATA] ONDOUSDT | now=0.3757 | entry=0.3748 | PnL=+0.24%
2026-06-18 00:06:40,759 [INFO] [INVENTORY] 9/10 slots used — 1 vacant.
2026-06-18 00:06:40,896 [INFO] [LIQUIDITY] Free USDT: $0.00
2026-06-18 00:06:40,911 [INFO] [STANDBY] Insufficient USDT (need $10.00).
2026-06-18 00:06:40,911 [INFO] [SLEEP] Sleeping for 120s…
2026-06-18 00:08:40,911 [INFO] ======================================================================
2026-06-18 00:08:40,911 [INFO] [LOOP] Cycle #91 | 2026-06-18 00:08:40
2026-06-18 00:08:40,911 [INFO] [MONITOR] Evaluating 9 open positions…
2026-06-18 00:08:41,052 [INFO] [DATA] TRXUSDT | now=0.3209 | entry=0.3173 | PnL=+1.13%
2026-06-18 00:08:41,180 [INFO] [DATA] RLUSDUSDT | now=1.0008 | entry=1.0008 | PnL=+0.00%
2026-06-18 00:08:41,316 [INFO] [DATA] WLDUSDT | now=0.6645 | entry=0.6348 | PnL=+4.68%
2026-06-18 00:08:41,454 [INFO] [DATA] XLMUSDT | now=0.2259 | entry=0.2262 | PnL=-0.13%
2026-06-18 00:08:41,593 [INFO] [DATA] ENAUSDT | now=0.0938 | entry=0.0897 | PnL=+4.57%
2026-06-18 00:08:41,744 [INFO] [DATA] AAVEUSDT | now=76.0700 | entry=75.0100 | PnL=+1.41%
2026-06-18 00:08:41,870 [INFO] [DATA] UNIUSDT | now=3.2960 | entry=3.3250 | PnL=-0.87%
2026-06-18 00:08:42,009 [INFO] [DATA] NEARUSDT | now=2.3160 | entry=2.3100 | PnL=+0.26%
2026-06-18 00:08:42,152 [INFO] [DATA] ONDOUSDT | now=0.3777 | entry=0.3748 | PnL=+0.77%
2026-06-18 00:08:42,152 [INFO] [INVENTORY] 9/10 slots used — 1 vacant.
2026-06-18 00:08:42,284 [INFO] [LIQUIDITY] Free USDT: $0.00
2026-06-18 00:08:42,284 [INFO] [STANDBY] Insufficient USDT (need $10.00).
2026-06-18 00:08:42,284 [INFO] [SLEEP] Sleeping for 120s…
2026-06-18 00:10:42,295 [INFO] ======================================================================
2026-06-18 00:10:42,295 [INFO] [LOOP] Cycle #92 | 2026-06-18 00:10:42
2026-06-18 00:10:42,295 [INFO] [MONITOR] Evaluating 9 open positions…
2026-06-18 00:10:42,434 [INFO] [DATA] TRXUSDT | now=0.3209 | entry=0.3173 | PnL=+1.13%
2026-06-18 00:10:42,564 [INFO] [DATA] RLUSDUSDT | now=1.0008 | entry=1.0008 | PnL=+0.00%
2026-06-18 00:10:42,697 [INFO] [DATA] WLDUSDT | now=0.6630 | entry=0.6348 | PnL=+4.44%
2026-06-18 00:10:42,835 [INFO] [DATA] XLMUSDT | now=0.2260 | entry=0.2262 | PnL=-0.09%
2026-06-18 00:10:42,974 [INFO] [DATA] ENAUSDT | now=0.0940 | entry=0.0897 | PnL=+4.79%
2026-06-18 00:10:43,113 [INFO] [DATA] AAVEUSDT | now=76.1200 | entry=75.0100 | PnL=+1.48%
2026-06-18 00:10:43,252 [INFO] [DATA] UNIUSDT | now=3.3030 | entry=3.3250 | PnL=-0.66%
2026-06-18 00:10:43,390 [INFO] [DATA] NEARUSDT | now=2.3240 | entry=2.3100 | PnL=+0.61%
2026-06-18 00:10:43,529 [INFO] [DATA] ONDOUSDT | now=0.3778 | entry=0.3748 | PnL=+0.80%
2026-06-18 00:10:43,529 [INFO] [INVENTORY] 9/10 slots used — 1 vacant.
2026-06-18 00:10:43,667 [INFO] [LIQUIDITY] Free USDT: $0.00
2026-06-18 00:10:43,667 [INFO] [STANDBY] Insufficient USDT (need $10.00).
2026-06-18 00:10:43,667 [INFO] [SLEEP] Sleeping for 120s…
2026-06-18 00:12:43,678 [INFO] ======================================================================
2026-06-18 00:12:43,678 [INFO] [LOOP] Cycle #93 | 2026-06-18 00:12:43
2026-06-18 00:12:43,678 [INFO] [MONITOR] Evaluating 9 open positions…
2026-06-18 00:12:43,818 [INFO] [DATA] TRXUSDT | now=0.3210 | entry=0.3173 | PnL=+1.17%
2026-06-18 00:12:43,947 [INFO] [DATA] RLUSDUSDT | now=1.0008 | entry=1.0008 | PnL=+0.00%
2026-06-18 00:12:44,084 [INFO] [DATA] WLDUSDT | now=0.6690 | entry=0.6348 | PnL=+5.39%
2026-06-18 00:12:44,223 [INFO] [DATA] XLMUSDT | now=0.2273 | entry=0.2262 | PnL=+0.49%
2026-06-18 00:12:44,378 [INFO] [DATA] ENAUSDT | now=0.0957 | entry=0.0897 | PnL=+6.69%
2026-06-18 00:12:44,518 [INFO] [DATA] AAVEUSDT | now=76.7800 | entry=75.0100 | PnL=+2.36%
2026-06-18 00:12:44,657 [INFO] [DATA] UNIUSDT | now=3.3250 | entry=3.3250 | PnL=+0.00%
2026-06-18 00:12:44,793 [INFO] [DATA] NEARUSDT | now=2.3400 | entry=2.3100 | PnL=+1.30%
2026-06-18 00:12:44,928 [INFO] [DATA] ONDOUSDT | now=0.3816 | entry=0.3748 | PnL=+1.81%
2026-06-18 00:12:44,928 [INFO] [INVENTORY] 9/10 slots used — 1 vacant.
2026-06-18 00:12:45,067 [INFO] [LIQUIDITY] Free USDT: $0.00
2026-06-18 00:12:45,067 [INFO] [STANDBY] Insufficient USDT (need $10.00).
2026-06-18 00:12:45,067 [INFO] [SLEEP] Sleeping for 120s…
2026-06-18 00:14:45,080 [INFO] ======================================================================
2026-06-18 00:14:45,080 [INFO] [LOOP] Cycle #94 | 2026-06-18 00:14:45
2026-06-18 00:14:45,080 [INFO] [MONITOR] Evaluating 9 open positions…
2026-06-18 00:14:45,218 [INFO] [DATA] TRXUSDT | now=0.3212 | entry=0.3173 | PnL=+1.23%
2026-06-18 00:14:45,348 [INFO] [DATA] RLUSDUSDT | now=1.0008 | entry=1.0008 | PnL=+0.00%
2026-06-18 00:14:45,482 [INFO] [DATA] WLDUSDT | now=0.6704 | entry=0.6348 | PnL=+5.61%
2026-06-18 00:14:45,622 [INFO] [DATA] XLMUSDT | now=0.2276 | entry=0.2262 | PnL=+0.62%
2026-06-18 00:14:45,760 [INFO] [DATA] ENAUSDT | now=0.0958 | entry=0.0897 | PnL=+6.80%
2026-06-18 00:14:45,899 [INFO] [DATA] AAVEUSDT | now=76.6900 | entry=75.0100 | PnL=+2.24%
2026-06-18 00:14:46,038 [INFO] [DATA] UNIUSDT | now=3.3170 | entry=3.3250 | PnL=-0.24%
2026-06-18 00:14:46,176 [INFO] [DATA] NEARUSDT | now=2.3360 | entry=2.3100 | PnL=+1.13%
2026-06-18 00:14:46,313 [INFO] [DATA] ONDOUSDT | now=0.3819 | entry=0.3748 | PnL=+1.89%
2026-06-18 00:14:46,313 [INFO] [INVENTORY] 9/10 slots used — 1 vacant.
2026-06-18 00:14:46,452 [INFO] [LIQUIDITY] Free USDT: $0.00
2026-06-18 00:14:46,452 [INFO] [STANDBY] Insufficient USDT (need $10.00).
2026-06-18 00:14:46,452 [INFO] [SLEEP] Sleeping for 120s…
2026-06-18 00:16:46,465 [INFO] ======================================================================
2026-06-18 00:16:46,465 [INFO] [LOOP] Cycle #95 | 2026-06-18 00:16:46
2026-06-18 00:16:46,465 [INFO] [MONITOR] Evaluating 9 open positions…
2026-06-18 00:16:46,606 [INFO] [DATA] TRXUSDT | now=0.3211 | entry=0.3173 | PnL=+1.20%
2026-06-18 00:16:46,733 [INFO] [DATA] RLUSDUSDT | now=1.0009 | entry=1.0008 | PnL=+0.01%
2026-06-18 00:16:46,870 [INFO] [DATA] WLDUSDT | now=0.6666 | entry=0.6348 | PnL=+5.01%
2026-06-18 00:16:47,007 [INFO] [DATA] XLMUSDT | now=0.2274 | entry=0.2262 | PnL=+0.53%
2026-06-18 00:16:47,147 [INFO] [DATA] ENAUSDT | now=0.0957 | entry=0.0897 | PnL=+6.69%
2026-06-18 00:16:47,284 [INFO] [DATA] AAVEUSDT | now=76.7100 | entry=75.0100 | PnL=+2.27%
2026-06-18 00:16:47,420 [INFO] [DATA] UNIUSDT | now=3.3150 | entry=3.3250 | PnL=-0.30%
2026-06-18 00:16:47,559 [INFO] [DATA] NEARUSDT | now=2.3390 | entry=2.3100 | PnL=+1.26%
2026-06-18 00:16:47,697 [INFO] [DATA] ONDOUSDT | now=0.3812 | entry=0.3748 | PnL=+1.71%
2026-06-18 00:16:47,697 [INFO] [INVENTORY] 9/10 slots used — 1 vacant.
2026-06-18 00:16:47,836 [INFO] [LIQUIDITY] Free USDT: $0.00
2026-06-18 00:16:47,836 [INFO] [STANDBY] Insufficient USDT (need $10.00).
2026-06-18 00:16:47,836 [INFO] [SLEEP] Sleeping for 120s…
2026-06-18 00:18:47,846 [INFO] ======================================================================
2026-06-18 00:18:47,846 [INFO] [LOOP] Cycle #96 | 2026-06-18 00:18:47
2026-06-18 00:18:47,846 [INFO] [MONITOR] Evaluating 9 open positions…
2026-06-18 00:18:47,985 [INFO] [DATA] TRXUSDT | now=0.3211 | entry=0.3173 | PnL=+1.20%
2026-06-18 00:18:48,114 [INFO] [DATA] RLUSDUSDT | now=1.0008 | entry=1.0008 | PnL=+0.00%
2026-06-18 00:18:48,249 [INFO] [DATA] WLDUSDT | now=0.6669 | entry=0.6348 | PnL=+5.06%
2026-06-18 00:18:48,389 [INFO] [DATA] XLMUSDT | now=0.2274 | entry=0.2262 | PnL=+0.53%
2026-06-18 00:18:48,527 [INFO] [DATA] ENAUSDT | now=0.0955 | entry=0.0897 | PnL=+6.47%
2026-06-18 00:18:48,664 [INFO] [DATA] AAVEUSDT | now=76.7600 | entry=75.0100 | PnL=+2.33%
2026-06-18 00:18:48,802 [INFO] [DATA] UNIUSDT | now=3.3120 | entry=3.3250 | PnL=-0.39%
2026-06-18 00:18:48,938 [INFO] [DATA] NEARUSDT | now=2.3390 | entry=2.3100 | PnL=+1.26%
2026-06-18 00:18:49,079 [INFO] [DATA] ONDOUSDT | now=0.3822 | entry=0.3748 | PnL=+1.97%
2026-06-18 00:18:49,079 [INFO] [INVENTORY] 9/10 slots used — 1 vacant.
2026-06-18 00:18:49,217 [INFO] [LIQUIDITY] Free USDT: $0.00
2026-06-18 00:18:49,217 [INFO] [STANDBY] Insufficient USDT (need $10.00).
2026-06-18 00:18:49,217 [INFO] [SLEEP] Sleeping for 120s…
2026-06-18 00:20:49,232 [INFO] ======================================================================
2026-06-18 00:20:49,232 [INFO] [LOOP] Cycle #97 | 2026-06-18 00:20:49
2026-06-18 00:20:49,232 [INFO] [MONITOR] Evaluating 9 open positions…
2026-06-18 00:20:49,372 [INFO] [DATA] TRXUSDT | now=0.3212 | entry=0.3173 | PnL=+1.23%
2026-06-18 00:20:49,506 [INFO] [DATA] RLUSDUSDT | now=1.0008 | entry=1.0008 | PnL=+0.00%
2026-06-18 00:20:49,636 [INFO] [DATA] WLDUSDT | now=0.6660 | entry=0.6348 | PnL=+4.91%
2026-06-18 00:20:49,775 [INFO] [DATA] XLMUSDT | now=0.2281 | entry=0.2262 | PnL=+0.84%
2026-06-18 00:20:49,915 [INFO] [DATA] ENAUSDT | now=0.0953 | entry=0.0897 | PnL=+6.24%
2026-06-18 00:20:50,060 [INFO] [DATA] AAVEUSDT | now=76.7600 | entry=75.0100 | PnL=+2.33%
2026-06-18 00:20:50,189 [INFO] [DATA] UNIUSDT | now=3.3070 | entry=3.3250 | PnL=-0.54%
2026-06-18 00:20:50,326 [INFO] [DATA] NEARUSDT | now=2.3390 | entry=2.3100 | PnL=+1.26%
2026-06-18 00:20:50,465 [INFO] [DATA] ONDOUSDT | now=0.3819 | entry=0.3748 | PnL=+1.89%
2026-06-18 00:20:50,465 [INFO] [INVENTORY] 9/10 slots used — 1 vacant.
2026-06-18 00:20:50,620 [INFO] [LIQUIDITY] Free USDT: $0.00
2026-06-18 00:20:50,620 [INFO] [STANDBY] Insufficient USDT (need $10.00).
2026-06-18 00:20:50,620 [INFO] [SLEEP] Sleeping for 120s…
2026-06-18 00:22:50,621 [INFO] ======================================================================
2026-06-18 00:22:50,621 [INFO] [LOOP] Cycle #98 | 2026-06-18 00:22:50
2026-06-18 00:22:50,621 [INFO] [MONITOR] Evaluating 9 open positions…
2026-06-18 00:22:50,760 [INFO] [DATA] TRXUSDT | now=0.3212 | entry=0.3173 | PnL=+1.23%
2026-06-18 00:22:50,891 [INFO] [DATA] RLUSDUSDT | now=1.0008 | entry=1.0008 | PnL=+0.00%
2026-06-18 00:22:51,024 [INFO] [DATA] WLDUSDT | now=0.6662 | entry=0.6348 | PnL=+4.95%
2026-06-18 00:22:51,168 [INFO] [DATA] XLMUSDT | now=0.2272 | entry=0.2262 | PnL=+0.44%
2026-06-18 00:22:51,296 [INFO] [DATA] ENAUSDT | now=0.0947 | entry=0.0897 | PnL=+5.57%
2026-06-18 00:22:51,433 [INFO] [DATA] AAVEUSDT | now=76.6000 | entry=75.0100 | PnL=+2.12%
2026-06-18 00:22:51,573 [INFO] [DATA] UNIUSDT | now=3.3090 | entry=3.3250 | PnL=-0.48%
2026-06-18 00:22:51,708 [INFO] [DATA] NEARUSDT | now=2.3380 | entry=2.3100 | PnL=+1.21%
2026-06-18 00:22:51,846 [INFO] [DATA] ONDOUSDT | now=0.3808 | entry=0.3748 | PnL=+1.60%
2026-06-18 00:22:51,846 [INFO] [INVENTORY] 9/10 slots used — 1 vacant.
2026-06-18 00:22:51,986 [INFO] [LIQUIDITY] Free USDT: $0.00
2026-06-18 00:22:51,986 [INFO] [STANDBY] Insufficient USDT (need $10.00).
2026-06-18 00:22:51,986 [INFO] [SLEEP] Sleeping for 120s…
2026-06-18 00:24:51,999 [INFO] ======================================================================
2026-06-18 00:24:51,999 [INFO] [LOOP] Cycle #99 | 2026-06-18 00:24:51
2026-06-18 00:24:51,999 [INFO] [MONITOR] Evaluating 9 open positions…
2026-06-18 00:24:52,138 [INFO] [DATA] TRXUSDT | now=0.3212 | entry=0.3173 | PnL=+1.23%
2026-06-18 00:24:52,268 [INFO] [DATA] RLUSDUSDT | now=1.0008 | entry=1.0008 | PnL=+0.00%
2026-06-18 00:24:52,632 [INFO] [DATA] WLDUSDT | now=0.6624 | entry=0.6348 | PnL=+4.35%
2026-06-18 00:24:52,978 [INFO] [DATA] XLMUSDT | now=0.2270 | entry=0.2262 | PnL=+0.35%
2026-06-18 00:24:53,118 [INFO] [DATA] ENAUSDT | now=0.0945 | entry=0.0897 | PnL=+5.35%
2026-06-18 00:24:53,254 [INFO] [DATA] AAVEUSDT | now=76.3900 | entry=75.0100 | PnL=+1.84%
2026-06-18 00:24:53,395 [INFO] [DATA] UNIUSDT | now=3.3120 | entry=3.3250 | PnL=-0.39%
2026-06-18 00:24:53,535 [INFO] [DATA] NEARUSDT | now=2.3290 | entry=2.3100 | PnL=+0.82%
2026-06-18 00:24:53,670 [INFO] [DATA] ONDOUSDT | now=0.3794 | entry=0.3748 | PnL=+1.23%
2026-06-18 00:24:53,670 [INFO] [INVENTORY] 9/10 slots used — 1 vacant.
2026-06-18 00:24:53,812 [INFO] [LIQUIDITY] Free USDT: $0.00
2026-06-18 00:24:53,812 [INFO] [STANDBY] Insufficient USDT (need $10.00).
2026-06-18 00:24:53,812 [INFO] [SLEEP] Sleeping for 120s…
2026-06-18 00:26:53,823 [INFO] ======================================================================
2026-06-18 00:26:53,823 [INFO] [LOOP] Cycle #100 | 2026-06-18 00:26:53
2026-06-18 00:26:53,823 [INFO] [MONITOR] Evaluating 9 open positions…
2026-06-18 00:26:53,962 [INFO] [DATA] TRXUSDT | now=0.3209 | entry=0.3173 | PnL=+1.13%
2026-06-18 00:26:54,094 [INFO] [DATA] RLUSDUSDT | now=1.0008 | entry=1.0008 | PnL=+0.00%
2026-06-18 00:26:54,230 [INFO] [DATA] WLDUSDT | now=0.6607 | entry=0.6348 | PnL=+4.08%
2026-06-18 00:26:54,366 [INFO] [DATA] XLMUSDT | now=0.2267 | entry=0.2262 | PnL=+0.22%
2026-06-18 00:26:54,504 [INFO] [DATA] ENAUSDT | now=0.0939 | entry=0.0897 | PnL=+4.68%
2026-06-18 00:26:54,643 [INFO] [DATA] AAVEUSDT | now=76.0200 | entry=75.0100 | PnL=+1.35%
2026-06-18 00:26:54,789 [INFO] [DATA] UNIUSDT | now=3.2910 | entry=3.3250 | PnL=-1.02%
2026-06-18 00:26:54,921 [INFO] [DATA] NEARUSDT | now=2.3190 | entry=2.3100 | PnL=+0.39%
2026-06-18 00:26:55,053 [INFO] [DATA] ONDOUSDT | now=0.3773 | entry=0.3748 | PnL=+0.67%
2026-06-18 00:26:55,053 [INFO] [INVENTORY] 9/10 slots used — 1 vacant.
2026-06-18 00:26:55,192 [INFO] [LIQUIDITY] Free USDT: $0.00
2026-06-18 00:26:55,192 [INFO] [STANDBY] Insufficient USDT (need $10.00).
2026-06-18 00:26:55,192 [INFO] [SLEEP] Sleeping for 120s…
2026-06-18 00:28:55,204 [INFO] ======================================================================
2026-06-18 00:28:55,204 [INFO] [LOOP] Cycle #101 | 2026-06-18 00:28:55
2026-06-18 00:28:55,204 [INFO] [MONITOR] Evaluating 9 open positions…
2026-06-18 00:28:55,343 [INFO] [DATA] TRXUSDT | now=0.3208 | entry=0.3173 | PnL=+1.10%
2026-06-18 00:28:55,480 [INFO] [DATA] RLUSDUSDT | now=1.0009 | entry=1.0008 | PnL=+0.01%
2026-06-18 00:28:55,619 [INFO] [DATA] WLDUSDT | now=0.6576 | entry=0.6348 | PnL=+3.59%
2026-06-18 00:28:55,747 [INFO] [DATA] XLMUSDT | now=0.2265 | entry=0.2262 | PnL=+0.13%
2026-06-18 00:28:55,885 [INFO] [DATA] ENAUSDT | now=0.0940 | entry=0.0897 | PnL=+4.79%
2026-06-18 00:28:56,022 [INFO] [DATA] AAVEUSDT | now=76.0100 | entry=75.0100 | PnL=+1.33%
2026-06-18 00:28:56,160 [INFO] [DATA] UNIUSDT | now=3.2760 | entry=3.3250 | PnL=-1.47%
2026-06-18 00:28:56,301 [INFO] [DATA] NEARUSDT | now=2.3150 | entry=2.3100 | PnL=+0.22%
2026-06-18 00:28:56,434 [INFO] [DATA] ONDOUSDT | now=0.3778 | entry=0.3748 | PnL=+0.80%
2026-06-18 00:28:56,434 [INFO] [INVENTORY] 9/10 slots used — 1 vacant.
2026-06-18 00:28:56,573 [INFO] [LIQUIDITY] Free USDT: $0.00
2026-06-18 00:28:56,573 [INFO] [STANDBY] Insufficient USDT (need $10.00).
2026-06-18 00:28:56,573 [INFO] [SLEEP] Sleeping for 120s…
2026-06-18 00:30:56,585 [INFO] ======================================================================
2026-06-18 00:30:56,585 [INFO] [LOOP] Cycle #102 | 2026-06-18 00:30:56
2026-06-18 00:30:56,585 [INFO] [MONITOR] Evaluating 9 open positions…
2026-06-18 00:30:56,724 [INFO] [DATA] TRXUSDT | now=0.3209 | entry=0.3173 | PnL=+1.13%
2026-06-18 00:30:56,856 [INFO] [DATA] RLUSDUSDT | now=1.0008 | entry=1.0008 | PnL=+0.00%
2026-06-18 00:30:56,989 [INFO] [DATA] WLDUSDT | now=0.6567 | entry=0.6348 | PnL=+3.45%
2026-06-18 00:30:57,127 [INFO] [DATA] XLMUSDT | now=0.2266 | entry=0.2262 | PnL=+0.18%
2026-06-18 00:30:57,266 [INFO] [DATA] ENAUSDT | now=0.0941 | entry=0.0897 | PnL=+4.91%
2026-06-18 00:30:57,406 [INFO] [DATA] AAVEUSDT | now=76.0300 | entry=75.0100 | PnL=+1.36%
2026-06-18 00:30:57,543 [INFO] [DATA] UNIUSDT | now=3.2800 | entry=3.3250 | PnL=-1.35%
2026-06-18 00:30:57,687 [INFO] [DATA] NEARUSDT | now=2.3160 | entry=2.3100 | PnL=+0.26%
2026-06-18 00:30:57,820 [INFO] [DATA] ONDOUSDT | now=0.3789 | entry=0.3748 | PnL=+1.09%
2026-06-18 00:30:57,820 [INFO] [INVENTORY] 9/10 slots used — 1 vacant.
2026-06-18 00:30:57,957 [INFO] [LIQUIDITY] Free USDT: $0.00
2026-06-18 00:30:57,957 [INFO] [STANDBY] Insufficient USDT (need $10.00).
2026-06-18 00:30:57,957 [INFO] [SLEEP] Sleeping for 120s…
2026-06-18 00:32:57,969 [INFO] ======================================================================
2026-06-18 00:32:57,969 [INFO] [LOOP] Cycle #103 | 2026-06-18 00:32:57
2026-06-18 00:32:57,969 [INFO] [MONITOR] Evaluating 9 open positions…
2026-06-18 00:32:58,108 [INFO] [DATA] TRXUSDT | now=0.3209 | entry=0.3173 | PnL=+1.13%
2026-06-18 00:32:58,238 [INFO] [DATA] RLUSDUSDT | now=1.0008 | entry=1.0008 | PnL=+0.00%
2026-06-18 00:32:58,377 [INFO] [DATA] WLDUSDT | now=0.6582 | entry=0.6348 | PnL=+3.69%
2026-06-18 00:32:58,512 [INFO] [DATA] XLMUSDT | now=0.2260 | entry=0.2262 | PnL=-0.09%
2026-06-18 00:32:58,651 [INFO] [DATA] ENAUSDT | now=0.0939 | entry=0.0897 | PnL=+4.68%
2026-06-18 00:32:58,790 [INFO] [DATA] AAVEUSDT | now=75.9800 | entry=75.0100 | PnL=+1.29%
2026-06-18 00:32:58,926 [INFO] [DATA] UNIUSDT | now=3.2680 | entry=3.3250 | PnL=-1.71%
2026-06-18 00:32:59,063 [INFO] [DATA] NEARUSDT | now=2.3160 | entry=2.3100 | PnL=+0.26%
2026-06-18 00:32:59,204 [INFO] [DATA] ONDOUSDT | now=0.3781 | entry=0.3748 | PnL=+0.88%
2026-06-18 00:32:59,204 [INFO] [INVENTORY] 9/10 slots used — 1 vacant.
2026-06-18 00:32:59,569 [INFO] [LIQUIDITY] Free USDT: $0.00
2026-06-18 00:32:59,569 [INFO] [STANDBY] Insufficient USDT (need $10.00).
2026-06-18 00:32:59,569 [INFO] [SLEEP] Sleeping for 120s…
2026-06-18 00:34:59,574 [INFO] ======================================================================
2026-06-18 00:34:59,574 [INFO] [LOOP] Cycle #104 | 2026-06-18 00:34:59
2026-06-18 00:34:59,574 [INFO] [MONITOR] Evaluating 9 open positions…
2026-06-18 00:34:59,713 [INFO] [DATA] TRXUSDT | now=0.3209 | entry=0.3173 | PnL=+1.13%
2026-06-18 00:35:00,067 [INFO] [DATA] RLUSDUSDT | now=1.0008 | entry=1.0008 | PnL=+0.00%
2026-06-18 00:35:00,182 [INFO] [DATA] WLDUSDT | now=0.6571 | entry=0.6348 | PnL=+3.51%
2026-06-18 00:35:00,303 [INFO] [DATA] XLMUSDT | now=0.2255 | entry=0.2262 | PnL=-0.31%
2026-06-18 00:35:00,424 [INFO] [DATA] ENAUSDT | now=0.0936 | entry=0.0897 | PnL=+4.35%
2026-06-18 00:35:00,542 [INFO] [DATA] AAVEUSDT | now=75.7800 | entry=75.0100 | PnL=+1.03%
2026-06-18 00:35:00,665 [INFO] [DATA] UNIUSDT | now=3.2640 | entry=3.3250 | PnL=-1.83%
2026-06-18 00:35:00,782 [INFO] [DATA] NEARUSDT | now=2.3120 | entry=2.3100 | PnL=+0.09%
2026-06-18 00:35:00,901 [INFO] [DATA] ONDOUSDT | now=0.3766 | entry=0.3748 | PnL=+0.48%
2026-06-18 00:35:00,901 [INFO] [INVENTORY] 9/10 slots used — 1 vacant.
2026-06-18 00:35:01,017 [INFO] [LIQUIDITY] Free USDT: $0.00
2026-06-18 00:35:01,017 [INFO] [STANDBY] Insufficient USDT (need $10.00).
2026-06-18 00:35:01,017 [INFO] [SLEEP] Sleeping for 120s…
2026-06-18 00:37:01,026 [INFO] ======================================================================
2026-06-18 00:37:01,026 [INFO] [LOOP] Cycle #105 | 2026-06-18 00:37:01
2026-06-18 00:37:01,026 [INFO] [MONITOR] Evaluating 9 open positions…
2026-06-18 00:37:01,148 [INFO] [DATA] TRXUSDT | now=0.3209 | entry=0.3173 | PnL=+1.13%
2026-06-18 00:37:01,271 [INFO] [DATA] RLUSDUSDT | now=1.0008 | entry=1.0008 | PnL=+0.00%
2026-06-18 00:37:01,382 [INFO] [DATA] WLDUSDT | now=0.6584 | entry=0.6348 | PnL=+3.72%
2026-06-18 00:37:01,505 [INFO] [DATA] XLMUSDT | now=0.2265 | entry=0.2262 | PnL=+0.13%
2026-06-18 00:37:01,614 [INFO] [DATA] ENAUSDT | now=0.0939 | entry=0.0897 | PnL=+4.68%
2026-06-18 00:37:01,737 [INFO] [DATA] AAVEUSDT | now=75.8300 | entry=75.0100 | PnL=+1.09%
2026-06-18 00:37:01,857 [INFO] [DATA] UNIUSDT | now=3.2620 | entry=3.3250 | PnL=-1.89%
2026-06-18 00:37:01,976 [INFO] [DATA] NEARUSDT | now=2.3190 | entry=2.3100 | PnL=+0.39%
2026-06-18 00:37:02,104 [INFO] [DATA] ONDOUSDT | now=0.3771 | entry=0.3748 | PnL=+0.61%
2026-06-18 00:37:02,104 [INFO] [INVENTORY] 9/10 slots used — 1 vacant.
2026-06-18 00:37:02,220 [INFO] [LIQUIDITY] Free USDT: $0.00
2026-06-18 00:37:02,220 [INFO] [STANDBY] Insufficient USDT (need $10.00).
2026-06-18 00:37:02,220 [INFO] [SLEEP] Sleeping for 120s…
2026-06-18 00:39:02,227 [INFO] ======================================================================
2026-06-18 00:39:02,227 [INFO] [LOOP] Cycle #106 | 2026-06-18 00:39:02
2026-06-18 00:39:02,227 [INFO] [MONITOR] Evaluating 9 open positions…
2026-06-18 00:39:02,349 [INFO] [DATA] TRXUSDT | now=0.3208 | entry=0.3173 | PnL=+1.10%
2026-06-18 00:39:02,461 [INFO] [DATA] RLUSDUSDT | now=1.0008 | entry=1.0008 | PnL=+0.00%
2026-06-18 00:39:02,581 [INFO] [DATA] WLDUSDT | now=0.6564 | entry=0.6348 | PnL=+3.40%
2026-06-18 00:39:02,700 [INFO] [DATA] XLMUSDT | now=0.2253 | entry=0.2262 | PnL=-0.40%
2026-06-18 00:39:02,821 [INFO] [DATA] ENAUSDT | now=0.0937 | entry=0.0897 | PnL=+4.46%
2026-06-18 00:39:02,942 [INFO] [DATA] AAVEUSDT | now=75.6200 | entry=75.0100 | PnL=+0.81%
2026-06-18 00:39:03,063 [INFO] [DATA] UNIUSDT | now=3.2560 | entry=3.3250 | PnL=-2.08%
2026-06-18 00:39:03,185 [INFO] [DATA] NEARUSDT | now=2.3100 | entry=2.3100 | PnL=+0.00%
2026-06-18 00:39:03,309 [INFO] [DATA] ONDOUSDT | now=0.3757 | entry=0.3748 | PnL=+0.24%
2026-06-18 00:39:03,309 [INFO] [INVENTORY] 9/10 slots used — 1 vacant.
2026-06-18 00:39:03,427 [INFO] [LIQUIDITY] Free USDT: $0.00
2026-06-18 00:39:03,427 [INFO] [STANDBY] Insufficient USDT (need $10.00).
2026-06-18 00:39:03,427 [INFO] [SLEEP] Sleeping for 120s…
2026-06-18 00:41:03,435 [INFO] ======================================================================
2026-06-18 00:41:03,435 [INFO] [LOOP] Cycle #107 | 2026-06-18 00:41:03
2026-06-18 00:41:03,435 [INFO] [MONITOR] Evaluating 9 open positions…
2026-06-18 00:41:03,556 [INFO] [DATA] TRXUSDT | now=0.3207 | entry=0.3173 | PnL=+1.07%
2026-06-18 00:41:03,674 [INFO] [DATA] RLUSDUSDT | now=1.0008 | entry=1.0008 | PnL=+0.00%
2026-06-18 00:41:03,791 [INFO] [DATA] WLDUSDT | now=0.6573 | entry=0.6348 | PnL=+3.54%
2026-06-18 00:41:03,905 [INFO] [DATA] XLMUSDT | now=0.2249 | entry=0.2262 | PnL=-0.57%
2026-06-18 00:41:04,025 [INFO] [DATA] ENAUSDT | now=0.0935 | entry=0.0897 | PnL=+4.24%
2026-06-18 00:41:04,147 [INFO] [DATA] AAVEUSDT | now=75.5200 | entry=75.0100 | PnL=+0.68%
2026-06-18 00:41:04,475 [INFO] [DATA] UNIUSDT | now=3.2540 | entry=3.3250 | PnL=-2.14%
2026-06-18 00:41:04,590 [INFO] [DATA] NEARUSDT | now=2.3030 | entry=2.3100 | PnL=-0.30%
2026-06-18 00:41:04,910 [INFO] [DATA] ONDOUSDT | now=0.3757 | entry=0.3748 | PnL=+0.24%
2026-06-18 00:41:04,910 [INFO] [INVENTORY] 9/10 slots used — 1 vacant.
2026-06-18 00:41:05,033 [INFO] [LIQUIDITY] Free USDT: $0.00
2026-06-18 00:41:05,033 [INFO] [STANDBY] Insufficient USDT (need $10.00).
2026-06-18 00:41:05,033 [INFO] [SLEEP] Sleeping for 120s…
2026-06-18 00:43:05,035 [INFO] ======================================================================
2026-06-18 00:43:05,035 [INFO] [LOOP] Cycle #108 | 2026-06-18 00:43:05
2026-06-18 00:43:05,035 [INFO] [MONITOR] Evaluating 9 open positions…
2026-06-18 00:43:05,156 [INFO] [DATA] TRXUSDT | now=0.3208 | entry=0.3173 | PnL=+1.10%
2026-06-18 00:43:05,272 [INFO] [DATA] RLUSDUSDT | now=1.0008 | entry=1.0008 | PnL=+0.00%
2026-06-18 00:43:05,388 [INFO] [DATA] WLDUSDT | now=0.6606 | entry=0.6348 | PnL=+4.06%
2026-06-18 00:43:05,507 [INFO] [DATA] XLMUSDT | now=0.2265 | entry=0.2262 | PnL=+0.13%
2026-06-18 00:43:05,629 [INFO] [DATA] ENAUSDT | now=0.0940 | entry=0.0897 | PnL=+4.79%
2026-06-18 00:43:05,946 [INFO] [DATA] AAVEUSDT | now=76.0300 | entry=75.0100 | PnL=+1.36%
2026-06-18 00:43:06,075 [INFO] [DATA] UNIUSDT | now=3.2720 | entry=3.3250 | PnL=-1.59%
2026-06-18 00:43:06,179 [INFO] [DATA] NEARUSDT | now=2.3210 | entry=2.3100 | PnL=+0.48%
2026-06-18 00:43:06,304 [INFO] [DATA] ONDOUSDT | now=0.3806 | entry=0.3748 | PnL=+1.55%
2026-06-18 00:43:06,304 [INFO] [INVENTORY] 9/10 slots used — 1 vacant.
2026-06-18 00:43:06,424 [INFO] [LIQUIDITY] Free USDT: $0.00
2026-06-18 00:43:06,424 [INFO] [STANDBY] Insufficient USDT (need $10.00).
2026-06-18 00:43:06,424 [INFO] [SLEEP] Sleeping for 120s…
2026-06-18 00:45:06,433 [INFO] ======================================================================
2026-06-18 00:45:06,433 [INFO] [LOOP] Cycle #109 | 2026-06-18 00:45:06
2026-06-18 00:45:06,433 [INFO] [MONITOR] Evaluating 9 open positions…
2026-06-18 00:45:06,552 [INFO] [DATA] TRXUSDT | now=0.3207 | entry=0.3173 | PnL=+1.07%
2026-06-18 00:45:06,668 [INFO] [DATA] RLUSDUSDT | now=1.0007 | entry=1.0008 | PnL=-0.01%
2026-06-18 00:45:06,783 [INFO] [DATA] WLDUSDT | now=0.6609 | entry=0.6348 | PnL=+4.11%
2026-06-18 00:45:06,902 [INFO] [DATA] XLMUSDT | now=0.2259 | entry=0.2262 | PnL=-0.13%
2026-06-18 00:45:07,024 [INFO] [DATA] ENAUSDT | now=0.0935 | entry=0.0897 | PnL=+4.24%
2026-06-18 00:45:07,146 [INFO] [DATA] AAVEUSDT | now=75.6600 | entry=75.0100 | PnL=+0.87%
2026-06-18 00:45:07,256 [INFO] [DATA] UNIUSDT | now=3.2620 | entry=3.3250 | PnL=-1.89%
2026-06-18 00:45:07,380 [INFO] [DATA] NEARUSDT | now=2.3130 | entry=2.3100 | PnL=+0.13%
2026-06-18 00:45:07,504 [INFO] [DATA] ONDOUSDT | now=0.3796 | entry=0.3748 | PnL=+1.28%
2026-06-18 00:45:07,505 [INFO] [INVENTORY] 9/10 slots used — 1 vacant.
2026-06-18 00:45:07,621 [INFO] [LIQUIDITY] Free USDT: $0.00
2026-06-18 00:45:07,621 [INFO] [STANDBY] Insufficient USDT (need $10.00).
2026-06-18 00:45:07,621 [INFO] [SLEEP] Sleeping for 120s…
2026-06-18 00:47:07,626 [INFO] ======================================================================
2026-06-18 00:47:07,626 [INFO] [LOOP] Cycle #110 | 2026-06-18 00:47:07
2026-06-18 00:47:07,626 [INFO] [MONITOR] Evaluating 9 open positions…
2026-06-18 00:47:07,747 [INFO] [DATA] TRXUSDT | now=0.3207 | entry=0.3173 | PnL=+1.07%
2026-06-18 00:47:07,854 [INFO] [DATA] RLUSDUSDT | now=1.0008 | entry=1.0008 | PnL=+0.00%
2026-06-18 00:47:07,976 [INFO] [DATA] WLDUSDT | now=0.6585 | entry=0.6348 | PnL=+3.73%
2026-06-18 00:47:08,098 [INFO] [DATA] XLMUSDT | now=0.2252 | entry=0.2262 | PnL=-0.44%
2026-06-18 00:47:08,219 [INFO] [DATA] ENAUSDT | now=0.0931 | entry=0.0897 | PnL=+3.79%
2026-06-18 00:47:08,338 [INFO] [DATA] AAVEUSDT | now=75.2800 | entry=75.0100 | PnL=+0.36%
2026-06-18 00:47:08,450 [INFO] [DATA] UNIUSDT | now=3.2400 | entry=3.3250 | PnL=-2.56%
2026-06-18 00:47:08,575 [INFO] [DATA] NEARUSDT | now=2.3030 | entry=2.3100 | PnL=-0.30%
2026-06-18 00:47:08,702 [INFO] [DATA] ONDOUSDT | now=0.3776 | entry=0.3748 | PnL=+0.75%
2026-06-18 00:47:08,703 [INFO] [INVENTORY] 9/10 slots used — 1 vacant.
2026-06-18 00:47:08,824 [INFO] [LIQUIDITY] Free USDT: $0.00
2026-06-18 00:47:08,824 [INFO] [STANDBY] Insufficient USDT (need $10.00).
2026-06-18 00:47:08,824 [INFO] [SLEEP] Sleeping for 120s…
2026-06-18 00:49:08,826 [INFO] ======================================================================
2026-06-18 00:49:08,826 [INFO] [LOOP] Cycle #111 | 2026-06-18 00:49:08
2026-06-18 00:49:08,826 [INFO] [MONITOR] Evaluating 9 open positions…
2026-06-18 00:49:08,948 [INFO] [DATA] TRXUSDT | now=0.3201 | entry=0.3173 | PnL=+0.88%
2026-06-18 00:49:09,065 [INFO] [DATA] RLUSDUSDT | now=1.0007 | entry=1.0008 | PnL=-0.01%
2026-06-18 00:49:09,181 [INFO] [DATA] WLDUSDT | now=0.6515 | entry=0.6348 | PnL=+2.63%
2026-06-18 00:49:09,318 [INFO] [DATA] XLMUSDT | now=0.2239 | entry=0.2262 | PnL=-1.02%
2026-06-18 00:49:09,429 [INFO] [DATA] ENAUSDT | now=0.0923 | entry=0.0897 | PnL=+2.90%
2026-06-18 00:49:09,548 [INFO] [DATA] AAVEUSDT | now=74.8600 | entry=75.0100 | PnL=-0.20%
2026-06-18 00:49:09,668 [INFO] [DATA] UNIUSDT | now=3.2260 | entry=3.3250 | PnL=-2.98%
2026-06-18 00:49:09,790 [INFO] [DATA] NEARUSDT | now=2.2800 | entry=2.3100 | PnL=-1.30%
2026-06-18 00:49:09,918 [INFO] [DATA] ONDOUSDT | now=0.3746 | entry=0.3748 | PnL=-0.05%
2026-06-18 00:49:09,918 [INFO] [INVENTORY] 9/10 slots used — 1 vacant.
2026-06-18 00:49:10,037 [INFO] [LIQUIDITY] Free USDT: $0.00
2026-06-18 00:49:10,037 [INFO] [STANDBY] Insufficient USDT (need $10.00).
2026-06-18 00:49:10,037 [INFO] [SLEEP] Sleeping for 120s…
2026-06-18 00:51:10,044 [INFO] ======================================================================
2026-06-18 00:51:10,044 [INFO] [LOOP] Cycle #112 | 2026-06-18 00:51:10
2026-06-18 00:51:10,044 [INFO] [MONITOR] Evaluating 9 open positions…
2026-06-18 00:51:10,166 [INFO] [DATA] TRXUSDT | now=0.3200 | entry=0.3173 | PnL=+0.85%
2026-06-18 00:51:10,282 [INFO] [DATA] RLUSDUSDT | now=1.0007 | entry=1.0008 | PnL=-0.01%
2026-06-18 00:51:10,396 [INFO] [DATA] WLDUSDT | now=0.6570 | entry=0.6348 | PnL=+3.50%
2026-06-18 00:51:10,516 [INFO] [DATA] XLMUSDT | now=0.2244 | entry=0.2262 | PnL=-0.80%
2026-06-18 00:51:10,636 [INFO] [DATA] ENAUSDT | now=0.0924 | entry=0.0897 | PnL=+3.01%
2026-06-18 00:51:10,755 [INFO] [DATA] AAVEUSDT | now=75.0500 | entry=75.0100 | PnL=+0.05%
2026-06-18 00:51:10,874 [INFO] [DATA] UNIUSDT | now=3.2300 | entry=3.3250 | PnL=-2.86%
2026-06-18 00:51:10,995 [INFO] [DATA] NEARUSDT | now=2.2860 | entry=2.3100 | PnL=-1.04%
2026-06-18 00:51:11,123 [INFO] [DATA] ONDOUSDT | now=0.3755 | entry=0.3748 | PnL=+0.19%
2026-06-18 00:51:11,124 [INFO] [INVENTORY] 9/10 slots used — 1 vacant.
2026-06-18 00:51:11,239 [INFO] [LIQUIDITY] Free USDT: $0.00
2026-06-18 00:51:11,239 [INFO] [STANDBY] Insufficient USDT (need $10.00).
2026-06-18 00:51:11,239 [INFO] [SLEEP] Sleeping for 120s…
2026-06-18 00:53:11,248 [INFO] ======================================================================
2026-06-18 00:53:11,248 [INFO] [LOOP] Cycle #113 | 2026-06-18 00:53:11
2026-06-18 00:53:11,248 [INFO] [MONITOR] Evaluating 9 open positions…
2026-06-18 00:53:11,367 [INFO] [DATA] TRXUSDT | now=0.3202 | entry=0.3173 | PnL=+0.91%
2026-06-18 00:53:11,486 [INFO] [DATA] RLUSDUSDT | now=1.0007 | entry=1.0008 | PnL=-0.01%
2026-06-18 00:53:11,599 [INFO] [DATA] WLDUSDT | now=0.6544 | entry=0.6348 | PnL=+3.09%
2026-06-18 00:53:11,719 [INFO] [DATA] XLMUSDT | now=0.2237 | entry=0.2262 | PnL=-1.11%
2026-06-18 00:53:11,841 [INFO] [DATA] ENAUSDT | now=0.0921 | entry=0.0897 | PnL=+2.68%
2026-06-18 00:53:11,963 [INFO] [DATA] AAVEUSDT | now=74.8400 | entry=75.0100 | PnL=-0.23%
2026-06-18 00:53:12,082 [INFO] [DATA] UNIUSDT | now=3.2240 | entry=3.3250 | PnL=-3.04%
2026-06-18 00:53:12,205 [INFO] [DATA] NEARUSDT | now=2.2760 | entry=2.3100 | PnL=-1.47%
2026-06-18 00:53:12,329 [INFO] [DATA] ONDOUSDT | now=0.3737 | entry=0.3748 | PnL=-0.29%
2026-06-18 00:53:12,329 [INFO] [INVENTORY] 9/10 slots used — 1 vacant.
2026-06-18 00:53:12,444 [INFO] [LIQUIDITY] Free USDT: $0.00
2026-06-18 00:53:12,444 [INFO] [STANDBY] Insufficient USDT (need $10.00).
2026-06-18 00:53:12,444 [INFO] [SLEEP] Sleeping for 120s…
2026-06-18 00:55:12,456 [INFO] ======================================================================
2026-06-18 00:55:12,456 [INFO] [LOOP] Cycle #114 | 2026-06-18 00:55:12
2026-06-18 00:55:12,456 [INFO] [MONITOR] Evaluating 9 open positions…
2026-06-18 00:55:12,575 [INFO] [DATA] TRXUSDT | now=0.3199 | entry=0.3173 | PnL=+0.82%
2026-06-18 00:55:12,694 [INFO] [DATA] RLUSDUSDT | now=1.0007 | entry=1.0008 | PnL=-0.01%
2026-06-18 00:55:12,807 [INFO] [DATA] WLDUSDT | now=0.6563 | entry=0.6348 | PnL=+3.39%
2026-06-18 00:55:12,929 [INFO] [DATA] XLMUSDT | now=0.2244 | entry=0.2262 | PnL=-0.80%
2026-06-18 00:55:13,051 [INFO] [DATA] ENAUSDT | now=0.0925 | entry=0.0897 | PnL=+3.12%
2026-06-18 00:55:13,165 [INFO] [DATA] AAVEUSDT | now=74.8300 | entry=75.0100 | PnL=-0.24%
2026-06-18 00:55:13,283 [INFO] [DATA] UNIUSDT | now=3.2330 | entry=3.3250 | PnL=-2.77%
2026-06-18 00:55:13,402 [INFO] [DATA] NEARUSDT | now=2.2780 | entry=2.3100 | PnL=-1.39%
2026-06-18 00:55:13,531 [INFO] [DATA] ONDOUSDT | now=0.3742 | entry=0.3748 | PnL=-0.16%
2026-06-18 00:55:13,531 [INFO] [INVENTORY] 9/10 slots used — 1 vacant.
2026-06-18 00:55:13,645 [INFO] [LIQUIDITY] Free USDT: $0.00
2026-06-18 00:55:13,645 [INFO] [STANDBY] Insufficient USDT (need $10.00).
2026-06-18 00:55:13,645 [INFO] [SLEEP] Sleeping for 120s…
2026-06-18 00:57:13,657 [INFO] ======================================================================
2026-06-18 00:57:13,657 [INFO] [LOOP] Cycle #115 | 2026-06-18 00:57:13
2026-06-18 00:57:13,657 [INFO] [MONITOR] Evaluating 9 open positions…
2026-06-18 00:57:13,774 [INFO] [DATA] TRXUSDT | now=0.3200 | entry=0.3173 | PnL=+0.85%
2026-06-18 00:57:13,881 [INFO] [DATA] RLUSDUSDT | now=1.0007 | entry=1.0008 | PnL=-0.01%
2026-06-18 00:57:14,006 [INFO] [DATA] WLDUSDT | now=0.6542 | entry=0.6348 | PnL=+3.06%
2026-06-18 00:57:14,126 [INFO] [DATA] XLMUSDT | now=0.2235 | entry=0.2262 | PnL=-1.19%
2026-06-18 00:57:14,245 [INFO] [DATA] ENAUSDT | now=0.0921 | entry=0.0897 | PnL=+2.68%
2026-06-18 00:57:14,367 [INFO] [DATA] AAVEUSDT | now=74.7800 | entry=75.0100 | PnL=-0.31%
2026-06-18 00:57:14,487 [INFO] [DATA] UNIUSDT | now=3.2270 | entry=3.3250 | PnL=-2.95%
2026-06-18 00:57:14,604 [INFO] [DATA] NEARUSDT | now=2.2760 | entry=2.3100 | PnL=-1.47%
2026-06-18 00:57:14,732 [INFO] [DATA] ONDOUSDT | now=0.3733 | entry=0.3748 | PnL=-0.40%
2026-06-18 00:57:14,733 [INFO] [INVENTORY] 9/10 slots used — 1 vacant.
2026-06-18 00:57:14,845 [INFO] [LIQUIDITY] Free USDT: $0.00
2026-06-18 00:57:14,845 [INFO] [STANDBY] Insufficient USDT (need $10.00).
2026-06-18 00:57:14,845 [INFO] [SLEEP] Sleeping for 120s…
2026-06-18 00:59:14,855 [INFO] ======================================================================
2026-06-18 00:59:14,855 [INFO] [LOOP] Cycle #116 | 2026-06-18 00:59:14
2026-06-18 00:59:14,855 [INFO] [MONITOR] Evaluating 9 open positions…
2026-06-18 00:59:14,975 [INFO] [DATA] TRXUSDT | now=0.3198 | entry=0.3173 | PnL=+0.79%
2026-06-18 00:59:15,091 [INFO] [DATA] RLUSDUSDT | now=1.0008 | entry=1.0008 | PnL=+0.00%
2026-06-18 00:59:15,216 [INFO] [DATA] WLDUSDT | now=0.6542 | entry=0.6348 | PnL=+3.06%
2026-06-18 00:59:15,333 [INFO] [DATA] XLMUSDT | now=0.2231 | entry=0.2262 | PnL=-1.37%
2026-06-18 00:59:15,452 [INFO] [DATA] ENAUSDT | now=0.0918 | entry=0.0897 | PnL=+2.34%
2026-06-18 00:59:15,572 [INFO] [DATA] AAVEUSDT | now=74.4200 | entry=75.0100 | PnL=-0.79%
2026-06-18 00:59:15,695 [INFO] [DATA] UNIUSDT | now=3.2210 | entry=3.3250 | PnL=-3.13%
2026-06-18 00:59:15,812 [INFO] [DATA] NEARUSDT | now=2.2660 | entry=2.3100 | PnL=-1.90%
2026-06-18 00:59:15,940 [INFO] [DATA] ONDOUSDT | now=0.3702 | entry=0.3748 | PnL=-1.23%
2026-06-18 00:59:15,940 [INFO] [INVENTORY] 9/10 slots used — 1 vacant.
2026-06-18 00:59:16,053 [INFO] [LIQUIDITY] Free USDT: $0.00
2026-06-18 00:59:16,053 [INFO] [STANDBY] Insufficient USDT (need $10.00).
2026-06-18 00:59:16,053 [INFO] [SLEEP] Sleeping for 120s…
2026-06-18 01:01:16,065 [INFO] ======================================================================
2026-06-18 01:01:16,065 [INFO] [LOOP] Cycle #117 | 2026-06-18 01:01:16
2026-06-18 01:01:16,065 [INFO] [MONITOR] Evaluating 9 open positions…
2026-06-18 01:01:16,186 [INFO] [DATA] TRXUSDT | now=0.3200 | entry=0.3173 | PnL=+0.85%
2026-06-18 01:01:16,303 [INFO] [DATA] RLUSDUSDT | now=1.0007 | entry=1.0008 | PnL=-0.01%
2026-06-18 01:01:16,418 [INFO] [DATA] WLDUSDT | now=0.6531 | entry=0.6348 | PnL=+2.88%
2026-06-18 01:01:16,536 [INFO] [DATA] XLMUSDT | now=0.2227 | entry=0.2262 | PnL=-1.55%
2026-06-18 01:01:16,650 [INFO] [DATA] ENAUSDT | now=0.0917 | entry=0.0897 | PnL=+2.23%
2026-06-18 01:01:16,772 [INFO] [DATA] AAVEUSDT | now=74.3700 | entry=75.0100 | PnL=-0.85%
2026-06-18 01:01:16,895 [INFO] [DATA] UNIUSDT | now=3.2090 | entry=3.3250 | PnL=-3.49%
2026-06-18 01:01:17,016 [INFO] [DATA] NEARUSDT | now=2.2700 | entry=2.3100 | PnL=-1.73%
2026-06-18 01:01:17,146 [INFO] [DATA] ONDOUSDT | now=0.3700 | entry=0.3748 | PnL=-1.28%
2026-06-18 01:01:17,146 [INFO] [INVENTORY] 9/10 slots used — 1 vacant.
2026-06-18 01:01:17,263 [INFO] [LIQUIDITY] Free USDT: $0.00
2026-06-18 01:01:17,263 [INFO] [STANDBY] Insufficient USDT (need $10.00).
2026-06-18 01:01:17,263 [INFO] [SLEEP] Sleeping for 120s…
2026-06-18 01:03:17,267 [INFO] ======================================================================
2026-06-18 01:03:17,267 [INFO] [LOOP] Cycle #118 | 2026-06-18 01:03:17
2026-06-18 01:03:17,267 [INFO] [MONITOR] Evaluating 9 open positions…
2026-06-18 01:03:17,391 [INFO] [DATA] TRXUSDT | now=0.3200 | entry=0.3173 | PnL=+0.85%
2026-06-18 01:03:17,499 [INFO] [DATA] RLUSDUSDT | now=1.0007 | entry=1.0008 | PnL=-0.01%
2026-06-18 01:03:17,626 [INFO] [DATA] WLDUSDT | now=0.6546 | entry=0.6348 | PnL=+3.12%
2026-06-18 01:03:17,742 [INFO] [DATA] XLMUSDT | now=0.2224 | entry=0.2262 | PnL=-1.68%
2026-06-18 01:03:17,862 [INFO] [DATA] ENAUSDT | now=0.0916 | entry=0.0897 | PnL=+2.12%
2026-06-18 01:03:17,982 [INFO] [DATA] AAVEUSDT | now=74.4600 | entry=75.0100 | PnL=-0.73%
2026-06-18 01:03:18,104 [INFO] [DATA] UNIUSDT | now=3.2130 | entry=3.3250 | PnL=-3.37%
2026-06-18 01:03:18,222 [INFO] [DATA] NEARUSDT | now=2.2700 | entry=2.3100 | PnL=-1.73%
2026-06-18 01:03:18,345 [INFO] [DATA] ONDOUSDT | now=0.3708 | entry=0.3748 | PnL=-1.07%
2026-06-18 01:03:18,345 [INFO] [INVENTORY] 9/10 slots used — 1 vacant.
2026-06-18 01:03:18,463 [INFO] [LIQUIDITY] Free USDT: $0.00
2026-06-18 01:03:18,463 [INFO] [STANDBY] Insufficient USDT (need $10.00).
2026-06-18 01:03:18,463 [INFO] [SLEEP] Sleeping for 120s…
2026-06-18 01:05:18,473 [INFO] ======================================================================
2026-06-18 01:05:18,473 [INFO] [LOOP] Cycle #119 | 2026-06-18 01:05:18
2026-06-18 01:05:18,473 [INFO] [MONITOR] Evaluating 9 open positions…
2026-06-18 01:05:18,594 [INFO] [DATA] TRXUSDT | now=0.3199 | entry=0.3173 | PnL=+0.82%
2026-06-18 01:05:18,712 [INFO] [DATA] RLUSDUSDT | now=1.0007 | entry=1.0008 | PnL=-0.01%
2026-06-18 01:05:18,826 [INFO] [DATA] WLDUSDT | now=0.6554 | entry=0.6348 | PnL=+3.25%
2026-06-18 01:05:18,945 [INFO] [DATA] XLMUSDT | now=0.2223 | entry=0.2262 | PnL=-1.72%
2026-06-18 01:05:19,065 [INFO] [DATA] ENAUSDT | now=0.0914 | entry=0.0897 | PnL=+1.90%
2026-06-18 01:05:19,184 [INFO] [DATA] AAVEUSDT | now=74.4700 | entry=75.0100 | PnL=-0.72%
2026-06-18 01:05:19,305 [INFO] [DATA] UNIUSDT | now=3.2050 | entry=3.3250 | PnL=-3.61%
2026-06-18 01:05:19,430 [INFO] [DATA] NEARUSDT | now=2.2720 | entry=2.3100 | PnL=-1.65%
2026-06-18 01:05:19,552 [INFO] [DATA] ONDOUSDT | now=0.3707 | entry=0.3748 | PnL=-1.09%
2026-06-18 01:05:19,552 [INFO] [INVENTORY] 9/10 slots used — 1 vacant.
2026-06-18 01:05:19,668 [INFO] [LIQUIDITY] Free USDT: $0.00
2026-06-18 01:05:19,668 [INFO] [STANDBY] Insufficient USDT (need $10.00).
2026-06-18 01:05:19,668 [INFO] [SLEEP] Sleeping for 120s…
2026-06-18 01:07:19,676 [INFO] ======================================================================
2026-06-18 01:07:19,676 [INFO] [LOOP] Cycle #120 | 2026-06-18 01:07:19
2026-06-18 01:07:19,676 [INFO] [MONITOR] Evaluating 9 open positions…
2026-06-18 01:07:19,797 [INFO] [DATA] TRXUSDT | now=0.3200 | entry=0.3173 | PnL=+0.85%
2026-06-18 01:07:19,916 [INFO] [DATA] RLUSDUSDT | now=1.0007 | entry=1.0008 | PnL=-0.01%
2026-06-18 01:07:20,029 [INFO] [DATA] WLDUSDT | now=0.6536 | entry=0.6348 | PnL=+2.96%
2026-06-18 01:07:20,150 [INFO] [DATA] XLMUSDT | now=0.2224 | entry=0.2262 | PnL=-1.68%
2026-06-18 01:07:20,269 [INFO] [DATA] ENAUSDT | now=0.0912 | entry=0.0897 | PnL=+1.67%
2026-06-18 01:07:20,388 [INFO] [DATA] AAVEUSDT | now=74.3800 | entry=75.0100 | PnL=-0.84%
2026-06-18 01:07:20,509 [INFO] [DATA] UNIUSDT | now=3.2080 | entry=3.3250 | PnL=-3.52%
2026-06-18 01:07:20,629 [INFO] [DATA] NEARUSDT | now=2.2680 | entry=2.3100 | PnL=-1.82%
2026-06-18 01:07:20,751 [INFO] [DATA] ONDOUSDT | now=0.3702 | entry=0.3748 | PnL=-1.23%
2026-06-18 01:07:20,751 [INFO] [INVENTORY] 9/10 slots used — 1 vacant.
2026-06-18 01:07:20,869 [INFO] [LIQUIDITY] Free USDT: $0.00
2026-06-18 01:07:20,869 [INFO] [STANDBY] Insufficient USDT (need $10.00).
2026-06-18 01:07:20,869 [INFO] [SLEEP] Sleeping for 120s…
2026-06-18 01:09:20,881 [INFO] ======================================================================
2026-06-18 01:09:20,881 [INFO] [LOOP] Cycle #121 | 2026-06-18 01:09:20
2026-06-18 01:09:20,882 [INFO] [MONITOR] Evaluating 9 open positions…
2026-06-18 01:09:21,003 [INFO] [DATA] TRXUSDT | now=0.3198 | entry=0.3173 | PnL=+0.79%
2026-06-18 01:09:21,121 [INFO] [DATA] RLUSDUSDT | now=1.0007 | entry=1.0008 | PnL=-0.01%
2026-06-18 01:09:21,237 [INFO] [DATA] WLDUSDT | now=0.6540 | entry=0.6348 | PnL=+3.02%
2026-06-18 01:09:21,352 [INFO] [DATA] XLMUSDT | now=0.2208 | entry=0.2262 | PnL=-2.39%
2026-06-18 01:09:21,475 [INFO] [DATA] ENAUSDT | now=0.0907 | entry=0.0897 | PnL=+1.11%
2026-06-18 01:09:21,594 [INFO] [DATA] AAVEUSDT | now=73.8500 | entry=75.0100 | PnL=-1.55%
2026-06-18 01:09:21,711 [INFO] [DATA] UNIUSDT | now=3.1790 | entry=3.3250 | PnL=-4.39%
2026-06-18 01:09:21,834 [INFO] [DATA] NEARUSDT | now=2.2530 | entry=2.3100 | PnL=-2.47%
2026-06-18 01:09:21,834 [INFO] [EXIT] SL hit for NEARUSDT.
2026-06-18 01:09:22,393 [ERROR] [EXIT] Binance error exiting NEARUSDT: APIError(code=-2015): Invalid API-key, IP, or permissions for action.
2026-06-18 01:09:22,394 [WARNING] [EXIT] NEARUSDT: sell attempt 1/3 failed — will retry next cycle.
2026-06-18 01:09:22,508 [INFO] [DATA] ONDOUSDT | now=0.3666 | entry=0.3748 | PnL=-2.19%
2026-06-18 01:09:22,508 [INFO] [INVENTORY] 9/10 slots used — 1 vacant.
2026-06-18 01:09:22,630 [INFO] [LIQUIDITY] Free USDT: $0.00
2026-06-18 01:09:22,630 [INFO] [STANDBY] Insufficient USDT (need $10.00).
2026-06-18 01:09:22,630 [INFO] [SLEEP] Sleeping for 120s…
2026-06-18 01:11:22,640 [INFO] ======================================================================
2026-06-18 01:11:22,640 [INFO] [LOOP] Cycle #122 | 2026-06-18 01:11:22
2026-06-18 01:11:22,640 [INFO] [MONITOR] Evaluating 9 open positions…
2026-06-18 01:11:22,760 [INFO] [DATA] TRXUSDT | now=0.3200 | entry=0.3173 | PnL=+0.85%
2026-06-18 01:11:22,877 [INFO] [DATA] RLUSDUSDT | now=1.0007 | entry=1.0008 | PnL=-0.01%
2026-06-18 01:11:22,982 [INFO] [DATA] WLDUSDT | now=0.6491 | entry=0.6348 | PnL=+2.25%
2026-06-18 01:11:23,104 [INFO] [DATA] XLMUSDT | now=0.2203 | entry=0.2262 | PnL=-2.61%
2026-06-18 01:11:23,223 [INFO] [DATA] ENAUSDT | now=0.0905 | entry=0.0897 | PnL=+0.89%
2026-06-18 01:11:23,341 [INFO] [DATA] AAVEUSDT | now=73.8500 | entry=75.0100 | PnL=-1.55%
2026-06-18 01:11:23,462 [INFO] [DATA] UNIUSDT | now=3.1760 | entry=3.3250 | PnL=-4.48%
2026-06-18 01:11:23,581 [INFO] [DATA] ONDOUSDT | now=0.3662 | entry=0.3748 | PnL=-2.29%
2026-06-18 01:11:23,707 [INFO] [DATA] NEARUSDT | now=2.2360 | entry=2.3100 | PnL=-3.20%
2026-06-18 01:11:23,707 [INFO] [EXIT] SL hit for NEARUSDT.
2026-06-18 01:11:24,529 [ERROR] [EXIT] Binance error exiting NEARUSDT: APIError(code=-2015): Invalid API-key, IP, or permissions for action.
2026-06-18 01:11:24,529 [WARNING] [EXIT] NEARUSDT: sell attempt 2/3 failed — will retry next cycle.
2026-06-18 01:11:24,533 [INFO] [INVENTORY] 9/10 slots used — 1 vacant.
2026-06-18 01:11:24,653 [INFO] [LIQUIDITY] Free USDT: $0.00
2026-06-18 01:11:24,653 [INFO] [STANDBY] Insufficient USDT (need $10.00).
2026-06-18 01:11:24,653 [INFO] [SLEEP] Sleeping for 120s…
2026-06-18 01:13:24,655 [INFO] ======================================================================
2026-06-18 01:13:24,655 [INFO] [LOOP] Cycle #123 | 2026-06-18 01:13:24
2026-06-18 01:13:24,655 [INFO] [MONITOR] Evaluating 9 open positions…
2026-06-18 01:13:24,775 [INFO] [DATA] TRXUSDT | now=0.3198 | entry=0.3173 | PnL=+0.79%
2026-06-18 01:13:24,891 [INFO] [DATA] RLUSDUSDT | now=1.0008 | entry=1.0008 | PnL=+0.00%
2026-06-18 01:13:25,010 [INFO] [DATA] WLDUSDT | now=0.6386 | entry=0.6348 | PnL=+0.60%
2026-06-18 01:13:25,127 [INFO] [DATA] XLMUSDT | now=0.2200 | entry=0.2262 | PnL=-2.74%
2026-06-18 01:13:25,245 [INFO] [DATA] ENAUSDT | now=0.0903 | entry=0.0897 | PnL=+0.67%
2026-06-18 01:13:25,366 [INFO] [DATA] AAVEUSDT | now=73.6400 | entry=75.0100 | PnL=-1.83%
2026-06-18 01:13:25,491 [INFO] [DATA] UNIUSDT | now=3.1780 | entry=3.3250 | PnL=-4.42%
2026-06-18 01:13:25,605 [INFO] [DATA] ONDOUSDT | now=0.3656 | entry=0.3748 | PnL=-2.45%
2026-06-18 01:13:25,736 [INFO] [DATA] NEARUSDT | now=2.2370 | entry=2.3100 | PnL=-3.16%
2026-06-18 01:13:25,736 [INFO] [EXIT] SL hit for NEARUSDT.
2026-06-18 01:13:26,331 [ERROR] [EXIT] Binance error exiting NEARUSDT: APIError(code=-2015): Invalid API-key, IP, or permissions for action.
2026-06-18 01:13:26,332 [ERROR] [EXIT] NEARUSDT: sell failed 3 times in a row. Removing from tracked positions — PLEASE SELL MANUALLY on Binance.
2026-06-18 01:13:26,336 [INFO] [INVENTORY] 8/10 slots used — 2 vacant.
2026-06-18 01:13:26,447 [INFO] [LIQUIDITY] Free USDT: $0.00
2026-06-18 01:13:26,447 [INFO] [STANDBY] Insufficient USDT (need $10.00).
2026-06-18 01:13:26,447 [INFO] [SLEEP] Sleeping for 120s…
2026-06-18 01:15:26,459 [INFO] ======================================================================
2026-06-18 01:15:26,459 [INFO] [LOOP] Cycle #124 | 2026-06-18 01:15:26
2026-06-18 01:15:26,459 [INFO] [MONITOR] Evaluating 8 open positions…
2026-06-18 01:15:26,580 [INFO] [DATA] TRXUSDT | now=0.3199 | entry=0.3173 | PnL=+0.82%
2026-06-18 01:15:26,695 [INFO] [DATA] RLUSDUSDT | now=1.0008 | entry=1.0008 | PnL=+0.00%
2026-06-18 01:15:26,814 [INFO] [DATA] WLDUSDT | now=0.6359 | entry=0.6348 | PnL=+0.17%
2026-06-18 01:15:26,931 [INFO] [DATA] XLMUSDT | now=0.2202 | entry=0.2262 | PnL=-2.65%
2026-06-18 01:15:27,053 [INFO] [DATA] ENAUSDT | now=0.0907 | entry=0.0897 | PnL=+1.11%
2026-06-18 01:15:27,173 [INFO] [DATA] AAVEUSDT | now=73.6900 | entry=75.0100 | PnL=-1.76%
2026-06-18 01:15:27,286 [INFO] [DATA] UNIUSDT | now=3.1770 | entry=3.3250 | PnL=-4.45%
2026-06-18 01:15:27,410 [INFO] [DATA] ONDOUSDT | now=0.3664 | entry=0.3748 | PnL=-2.24%
2026-06-18 01:15:27,410 [INFO] [INVENTORY] 8/10 slots used — 2 vacant.
2026-06-18 01:15:27,538 [INFO] [LIQUIDITY] Free USDT: $0.00
2026-06-18 01:15:27,538 [INFO] [STANDBY] Insufficient USDT (need $10.00).
2026-06-18 01:15:27,538 [INFO] [SLEEP] Sleeping for 120s…
2026-06-18 01:17:27,543 [INFO] ======================================================================
2026-06-18 01:17:27,543 [INFO] [LOOP] Cycle #125 | 2026-06-18 01:17:27
2026-06-18 01:17:27,543 [INFO] [MONITOR] Evaluating 8 open positions…
2026-06-18 01:17:27,662 [INFO] [DATA] TRXUSDT | now=0.3200 | entry=0.3173 | PnL=+0.85%
2026-06-18 01:17:27,775 [INFO] [DATA] RLUSDUSDT | now=1.0008 | entry=1.0008 | PnL=+0.00%
2026-06-18 01:17:27,895 [INFO] [DATA] WLDUSDT | now=0.6413 | entry=0.6348 | PnL=+1.02%
2026-06-18 01:17:28,016 [INFO] [DATA] XLMUSDT | now=0.2212 | entry=0.2262 | PnL=-2.21%
2026-06-18 01:17:28,138 [INFO] [DATA] ENAUSDT | now=0.0911 | entry=0.0897 | PnL=+1.56%
2026-06-18 01:17:28,259 [INFO] [DATA] AAVEUSDT | now=73.8300 | entry=75.0100 | PnL=-1.57%
2026-06-18 01:17:28,376 [INFO] [DATA] UNIUSDT | now=3.1890 | entry=3.3250 | PnL=-4.09%
2026-06-18 01:17:28,502 [INFO] [DATA] ONDOUSDT | now=0.3681 | entry=0.3748 | PnL=-1.79%
2026-06-18 01:17:28,502 [INFO] [INVENTORY] 8/10 slots used — 2 vacant.
2026-06-18 01:17:28,627 [INFO] [LIQUIDITY] Free USDT: $0.00
2026-06-18 01:17:28,627 [INFO] [STANDBY] Insufficient USDT (need $10.00).
2026-06-18 01:17:28,627 [INFO] [SLEEP] Sleeping for 120s…
2026-06-18 01:19:28,629 [INFO] ======================================================================
2026-06-18 01:19:28,629 [INFO] [LOOP] Cycle #126 | 2026-06-18 01:19:28
2026-06-18 01:19:28,629 [INFO] [MONITOR] Evaluating 8 open positions…
2026-06-18 01:19:28,748 [INFO] [DATA] TRXUSDT | now=0.3202 | entry=0.3173 | PnL=+0.91%
2026-06-18 01:19:28,867 [INFO] [DATA] RLUSDUSDT | now=1.0008 | entry=1.0008 | PnL=+0.00%
2026-06-18 01:19:28,982 [INFO] [DATA] WLDUSDT | now=0.6409 | entry=0.6348 | PnL=+0.96%
2026-06-18 01:19:29,099 [INFO] [DATA] XLMUSDT | now=0.2215 | entry=0.2262 | PnL=-2.08%
2026-06-18 01:19:29,219 [INFO] [DATA] ENAUSDT | now=0.0913 | entry=0.0897 | PnL=+1.78%
2026-06-18 01:19:29,338 [INFO] [DATA] AAVEUSDT | now=74.0700 | entry=75.0100 | PnL=-1.25%
2026-06-18 01:19:29,460 [INFO] [DATA] UNIUSDT | now=3.1980 | entry=3.3250 | PnL=-3.82%
2026-06-18 01:19:29,580 [INFO] [DATA] ONDOUSDT | now=0.3686 | entry=0.3748 | PnL=-1.65%
2026-06-18 01:19:29,580 [INFO] [INVENTORY] 8/10 slots used — 2 vacant.
2026-06-18 01:19:29,705 [INFO] [LIQUIDITY] Free USDT: $0.00
2026-06-18 01:19:29,705 [INFO] [STANDBY] Insufficient USDT (need $10.00).
2026-06-18 01:19:29,705 [INFO] [SLEEP] Sleeping for 120s…
2026-06-18 01:21:29,710 [INFO] ======================================================================
2026-06-18 01:21:29,710 [INFO] [LOOP] Cycle #127 | 2026-06-18 01:21:29
2026-06-18 01:21:29,710 [INFO] [MONITOR] Evaluating 8 open positions…
2026-06-18 01:21:29,831 [INFO] [DATA] TRXUSDT | now=0.3201 | entry=0.3173 | PnL=+0.88%
2026-06-18 01:21:29,944 [INFO] [DATA] RLUSDUSDT | now=1.0009 | entry=1.0008 | PnL=+0.01%
2026-06-18 01:21:30,064 [INFO] [DATA] WLDUSDT | now=0.6405 | entry=0.6348 | PnL=+0.90%
2026-06-18 01:21:30,182 [INFO] [DATA] XLMUSDT | now=0.2202 | entry=0.2262 | PnL=-2.65%
2026-06-18 01:21:30,303 [INFO] [DATA] ENAUSDT | now=0.0910 | entry=0.0897 | PnL=+1.45%
2026-06-18 01:21:30,420 [INFO] [DATA] AAVEUSDT | now=73.6700 | entry=75.0100 | PnL=-1.79%
2026-06-18 01:21:30,539 [INFO] [DATA] UNIUSDT | now=3.1840 | entry=3.3250 | PnL=-4.24%
2026-06-18 01:21:30,659 [INFO] [DATA] ONDOUSDT | now=0.3669 | entry=0.3748 | PnL=-2.11%
2026-06-18 01:21:30,659 [INFO] [INVENTORY] 8/10 slots used — 2 vacant.
2026-06-18 01:21:30,786 [INFO] [LIQUIDITY] Free USDT: $0.00
2026-06-18 01:21:30,786 [INFO] [STANDBY] Insufficient USDT (need $10.00).
2026-06-18 01:21:30,787 [INFO] [SLEEP] Sleeping for 120s…
2026-06-18 01:23:30,787 [INFO] ======================================================================
2026-06-18 01:23:30,787 [INFO] [LOOP] Cycle #128 | 2026-06-18 01:23:30
2026-06-18 01:23:30,787 [INFO] [MONITOR] Evaluating 8 open positions…
2026-06-18 01:23:30,908 [INFO] [DATA] TRXUSDT | now=0.3202 | entry=0.3173 | PnL=+0.91%
2026-06-18 01:23:31,026 [INFO] [DATA] RLUSDUSDT | now=1.0008 | entry=1.0008 | PnL=+0.00%
2026-06-18 01:23:31,139 [INFO] [DATA] WLDUSDT | now=0.6400 | entry=0.6348 | PnL=+0.82%
2026-06-18 01:23:31,260 [INFO] [DATA] XLMUSDT | now=0.2201 | entry=0.2262 | PnL=-2.70%
2026-06-18 01:23:31,382 [INFO] [DATA] ENAUSDT | now=0.0907 | entry=0.0897 | PnL=+1.11%
2026-06-18 01:23:31,493 [INFO] [DATA] AAVEUSDT | now=73.5500 | entry=75.0100 | PnL=-1.95%
2026-06-18 01:23:31,617 [INFO] [DATA] UNIUSDT | now=3.1780 | entry=3.3250 | PnL=-4.42%
2026-06-18 01:23:31,735 [INFO] [DATA] ONDOUSDT | now=0.3660 | entry=0.3748 | PnL=-2.35%
2026-06-18 01:23:31,735 [INFO] [INVENTORY] 8/10 slots used — 2 vacant.
2026-06-18 01:23:31,867 [INFO] [LIQUIDITY] Free USDT: $0.00
2026-06-18 01:23:31,867 [INFO] [STANDBY] Insufficient USDT (need $10.00).
2026-06-18 01:23:31,868 [INFO] [SLEEP] Sleeping for 120s…
2026-06-18 01:25:31,868 [INFO] ======================================================================
2026-06-18 01:25:31,868 [INFO] [LOOP] Cycle #129 | 2026-06-18 01:25:31
2026-06-18 01:25:31,868 [INFO] [MONITOR] Evaluating 8 open positions…
2026-06-18 01:25:31,989 [INFO] [DATA] TRXUSDT | now=0.3202 | entry=0.3173 | PnL=+0.91%
2026-06-18 01:25:32,104 [INFO] [DATA] RLUSDUSDT | now=1.0008 | entry=1.0008 | PnL=+0.00%
2026-06-18 01:25:32,219 [INFO] [DATA] WLDUSDT | now=0.6416 | entry=0.6348 | PnL=+1.07%
2026-06-18 01:25:32,340 [INFO] [DATA] XLMUSDT | now=0.2206 | entry=0.2262 | PnL=-2.48%
2026-06-18 01:25:32,467 [INFO] [DATA] ENAUSDT | now=0.0914 | entry=0.0897 | PnL=+1.90%
2026-06-18 01:25:32,582 [INFO] [DATA] AAVEUSDT | now=73.8300 | entry=75.0100 | PnL=-1.57%
2026-06-18 01:25:32,700 [INFO] [DATA] UNIUSDT | now=3.1890 | entry=3.3250 | PnL=-4.09%
2026-06-18 01:25:32,824 [INFO] [DATA] ONDOUSDT | now=0.3677 | entry=0.3748 | PnL=-1.89%
2026-06-18 01:25:32,824 [INFO] [INVENTORY] 8/10 slots used — 2 vacant.
2026-06-18 01:25:32,947 [INFO] [LIQUIDITY] Free USDT: $0.00
2026-06-18 01:25:32,948 [INFO] [STANDBY] Insufficient USDT (need $10.00).
2026-06-18 01:25:32,948 [INFO] [SLEEP] Sleeping for 120s…
2026-06-18 01:27:32,949 [INFO] ======================================================================
2026-06-18 01:27:32,949 [INFO] [LOOP] Cycle #130 | 2026-06-18 01:27:32
2026-06-18 01:27:32,949 [INFO] [MONITOR] Evaluating 8 open positions…
2026-06-18 01:27:33,070 [INFO] [DATA] TRXUSDT | now=0.3201 | entry=0.3173 | PnL=+0.88%
2026-06-18 01:27:33,188 [INFO] [DATA] RLUSDUSDT | now=1.0008 | entry=1.0008 | PnL=+0.00%
2026-06-18 01:27:33,303 [INFO] [DATA] WLDUSDT | now=0.6409 | entry=0.6348 | PnL=+0.96%
2026-06-18 01:27:33,423 [INFO] [DATA] XLMUSDT | now=0.2201 | entry=0.2262 | PnL=-2.70%
2026-06-18 01:27:33,543 [INFO] [DATA] ENAUSDT | now=0.0912 | entry=0.0897 | PnL=+1.67%
2026-06-18 01:27:33,666 [INFO] [DATA] AAVEUSDT | now=73.7500 | entry=75.0100 | PnL=-1.68%
2026-06-18 01:27:33,788 [INFO] [DATA] UNIUSDT | now=3.1880 | entry=3.3250 | PnL=-4.12%
2026-06-18 01:27:33,904 [INFO] [DATA] ONDOUSDT | now=0.3668 | entry=0.3748 | PnL=-2.13%
2026-06-18 01:27:33,904 [INFO] [INVENTORY] 8/10 slots used — 2 vacant.
2026-06-18 01:27:34,029 [INFO] [LIQUIDITY] Free USDT: $0.00
2026-06-18 01:27:34,029 [INFO] [STANDBY] Insufficient USDT (need $10.00).
2026-06-18 01:27:34,029 [INFO] [SLEEP] Sleeping for 120s…
2026-06-18 01:29:34,036 [INFO] ======================================================================
2026-06-18 01:29:34,036 [INFO] [LOOP] Cycle #131 | 2026-06-18 01:29:34
2026-06-18 01:29:34,036 [INFO] [MONITOR] Evaluating 8 open positions…
2026-06-18 01:29:34,157 [INFO] [DATA] TRXUSDT | now=0.3201 | entry=0.3173 | PnL=+0.88%
2026-06-18 01:29:34,275 [INFO] [DATA] RLUSDUSDT | now=1.0008 | entry=1.0008 | PnL=+0.00%
2026-06-18 01:29:34,388 [INFO] [DATA] WLDUSDT | now=0.6400 | entry=0.6348 | PnL=+0.82%
2026-06-18 01:29:34,506 [INFO] [DATA] XLMUSDT | now=0.2200 | entry=0.2262 | PnL=-2.74%
2026-06-18 01:29:34,616 [INFO] [DATA] ENAUSDT | now=0.0911 | entry=0.0897 | PnL=+1.56%
2026-06-18 01:29:34,739 [INFO] [DATA] AAVEUSDT | now=73.6000 | entry=75.0100 | PnL=-1.88%
2026-06-18 01:29:34,858 [INFO] [DATA] UNIUSDT | now=3.1860 | entry=3.3250 | PnL=-4.18%
2026-06-18 01:29:34,969 [INFO] [DATA] ONDOUSDT | now=0.3659 | entry=0.3748 | PnL=-2.37%
2026-06-18 01:29:34,969 [INFO] [INVENTORY] 8/10 slots used — 2 vacant.
2026-06-18 01:29:35,101 [INFO] [LIQUIDITY] Free USDT: $0.00
2026-06-18 01:29:35,101 [INFO] [STANDBY] Insufficient USDT (need $10.00).
2026-06-18 01:29:35,101 [INFO] [SLEEP] Sleeping for 120s…
2026-06-18 01:31:35,103 [INFO] ======================================================================
2026-06-18 01:31:35,103 [INFO] [LOOP] Cycle #132 | 2026-06-18 01:31:35
2026-06-18 01:31:35,103 [INFO] [MONITOR] Evaluating 8 open positions…
2026-06-18 01:31:35,223 [INFO] [DATA] TRXUSDT | now=0.3203 | entry=0.3173 | PnL=+0.95%
2026-06-18 01:31:35,341 [INFO] [DATA] RLUSDUSDT | now=1.0009 | entry=1.0008 | PnL=+0.01%
2026-06-18 01:31:35,457 [INFO] [DATA] WLDUSDT | now=0.6409 | entry=0.6348 | PnL=+0.96%
2026-06-18 01:31:35,576 [INFO] [DATA] XLMUSDT | now=0.2209 | entry=0.2262 | PnL=-2.34%
2026-06-18 01:31:35,695 [INFO] [DATA] ENAUSDT | now=0.0913 | entry=0.0897 | PnL=+1.78%
2026-06-18 01:31:35,816 [INFO] [DATA] AAVEUSDT | now=73.8400 | entry=75.0100 | PnL=-1.56%
2026-06-18 01:31:35,937 [INFO] [DATA] UNIUSDT | now=3.1990 | entry=3.3250 | PnL=-3.79%
2026-06-18 01:31:36,059 [INFO] [DATA] ONDOUSDT | now=0.3680 | entry=0.3748 | PnL=-1.81%
2026-06-18 01:31:36,059 [INFO] [INVENTORY] 8/10 slots used — 2 vacant.
2026-06-18 01:31:36,186 [INFO] [LIQUIDITY] Free USDT: $0.00
2026-06-18 01:31:36,187 [INFO] [STANDBY] Insufficient USDT (need $10.00).
2026-06-18 01:31:36,187 [INFO] [SLEEP] Sleeping for 120s…
2026-06-18 01:33:36,187 [INFO] ======================================================================
2026-06-18 01:33:36,187 [INFO] [LOOP] Cycle #133 | 2026-06-18 01:33:36
2026-06-18 01:33:36,187 [INFO] [MONITOR] Evaluating 8 open positions…
2026-06-18 01:33:36,308 [INFO] [DATA] TRXUSDT | now=0.3202 | entry=0.3173 | PnL=+0.91%
2026-06-18 01:33:36,425 [INFO] [DATA] RLUSDUSDT | now=1.0008 | entry=1.0008 | PnL=+0.00%
2026-06-18 01:33:36,539 [INFO] [DATA] WLDUSDT | now=0.6396 | entry=0.6348 | PnL=+0.76%
2026-06-18 01:33:36,661 [INFO] [DATA] XLMUSDT | now=0.2212 | entry=0.2262 | PnL=-2.21%
2026-06-18 01:33:36,779 [INFO] [DATA] ENAUSDT | now=0.0911 | entry=0.0897 | PnL=+1.56%
2026-06-18 01:33:36,897 [INFO] [DATA] AAVEUSDT | now=73.7900 | entry=75.0100 | PnL=-1.63%
2026-06-18 01:33:37,029 [INFO] [DATA] UNIUSDT | now=3.2060 | entry=3.3250 | PnL=-3.58%
2026-06-18 01:33:37,144 [INFO] [DATA] ONDOUSDT | now=0.3686 | entry=0.3748 | PnL=-1.65%
2026-06-18 01:33:37,144 [INFO] [INVENTORY] 8/10 slots used — 2 vacant.
2026-06-18 01:33:37,272 [INFO] [LIQUIDITY] Free USDT: $0.00
2026-06-18 01:33:37,272 [INFO] [STANDBY] Insufficient USDT (need $10.00).
2026-06-18 01:33:37,272 [INFO] [SLEEP] Sleeping for 120s…
2026-06-18 01:35:37,273 [INFO] ======================================================================
2026-06-18 01:35:37,273 [INFO] [LOOP] Cycle #134 | 2026-06-18 01:35:37
2026-06-18 01:35:37,273 [INFO] [MONITOR] Evaluating 8 open positions…
2026-06-18 01:35:37,394 [INFO] [DATA] TRXUSDT | now=0.3201 | entry=0.3173 | PnL=+0.88%
2026-06-18 01:35:37,510 [INFO] [DATA] RLUSDUSDT | now=1.0008 | entry=1.0008 | PnL=+0.00%
2026-06-18 01:35:37,625 [INFO] [DATA] WLDUSDT | now=0.6403 | entry=0.6348 | PnL=+0.87%
2026-06-18 01:35:37,744 [INFO] [DATA] XLMUSDT | now=0.2221 | entry=0.2262 | PnL=-1.81%
2026-06-18 01:35:37,862 [INFO] [DATA] ENAUSDT | now=0.0911 | entry=0.0897 | PnL=+1.56%
2026-06-18 01:35:37,979 [INFO] [DATA] AAVEUSDT | now=73.8600 | entry=75.0100 | PnL=-1.53%
2026-06-18 01:35:38,099 [INFO] [DATA] UNIUSDT | now=3.2050 | entry=3.3250 | PnL=-3.61%
2026-06-18 01:35:38,219 [INFO] [DATA] ONDOUSDT | now=0.3683 | entry=0.3748 | PnL=-1.73%
2026-06-18 01:35:38,219 [INFO] [INVENTORY] 8/10 slots used — 2 vacant.
2026-06-18 01:35:38,343 [INFO] [LIQUIDITY] Free USDT: $0.00
2026-06-18 01:35:38,343 [INFO] [STANDBY] Insufficient USDT (need $10.00).
2026-06-18 01:35:38,343 [INFO] [SLEEP] Sleeping for 120s…
2026-06-18 01:37:38,347 [INFO] ======================================================================
2026-06-18 01:37:38,347 [INFO] [LOOP] Cycle #135 | 2026-06-18 01:37:38
2026-06-18 01:37:38,347 [INFO] [MONITOR] Evaluating 8 open positions…
2026-06-18 01:37:38,466 [INFO] [DATA] TRXUSDT | now=0.3200 | entry=0.3173 | PnL=+0.85%
2026-06-18 01:37:38,581 [INFO] [DATA] RLUSDUSDT | now=1.0008 | entry=1.0008 | PnL=+0.00%
2026-06-18 01:37:38,698 [INFO] [DATA] WLDUSDT | now=0.6400 | entry=0.6348 | PnL=+0.82%
2026-06-18 01:37:38,817 [INFO] [DATA] XLMUSDT | now=0.2216 | entry=0.2262 | PnL=-2.03%
2026-06-18 01:37:38,936 [INFO] [DATA] ENAUSDT | now=0.0910 | entry=0.0897 | PnL=+1.45%
2026-06-18 01:37:39,055 [INFO] [DATA] AAVEUSDT | now=73.9400 | entry=75.0100 | PnL=-1.43%
2026-06-18 01:37:39,174 [INFO] [DATA] UNIUSDT | now=3.2060 | entry=3.3250 | PnL=-3.58%
2026-06-18 01:37:39,292 [INFO] [DATA] ONDOUSDT | now=0.3693 | entry=0.3748 | PnL=-1.47%
2026-06-18 01:37:39,292 [INFO] [INVENTORY] 8/10 slots used — 2 vacant.
2026-06-18 01:37:39,425 [INFO] [LIQUIDITY] Free USDT: $0.00
2026-06-18 01:37:39,425 [INFO] [STANDBY] Insufficient USDT (need $10.00).
2026-06-18 01:37:39,425 [INFO] [SLEEP] Sleeping for 120s…
2026-06-18 01:39:39,426 [INFO] ======================================================================
2026-06-18 01:39:39,426 [INFO] [LOOP] Cycle #136 | 2026-06-18 01:39:39
2026-06-18 01:39:39,426 [INFO] [MONITOR] Evaluating 8 open positions…
2026-06-18 01:39:39,546 [INFO] [DATA] TRXUSDT | now=0.3201 | entry=0.3173 | PnL=+0.88%
2026-06-18 01:39:39,662 [INFO] [DATA] RLUSDUSDT | now=1.0008 | entry=1.0008 | PnL=+0.00%
2026-06-18 01:39:39,779 [INFO] [DATA] WLDUSDT | now=0.6390 | entry=0.6348 | PnL=+0.66%
2026-06-18 01:39:39,898 [INFO] [DATA] XLMUSDT | now=0.2222 | entry=0.2262 | PnL=-1.77%
2026-06-18 01:39:40,022 [INFO] [DATA] ENAUSDT | now=0.0911 | entry=0.0897 | PnL=+1.56%
2026-06-18 01:39:40,139 [INFO] [DATA] AAVEUSDT | now=74.0200 | entry=75.0100 | PnL=-1.32%
2026-06-18 01:39:40,258 [INFO] [DATA] UNIUSDT | now=3.2090 | entry=3.3250 | PnL=-3.49%
2026-06-18 01:39:40,377 [INFO] [DATA] ONDOUSDT | now=0.3700 | entry=0.3748 | PnL=-1.28%
2026-06-18 01:39:40,377 [INFO] [INVENTORY] 8/10 slots used — 2 vacant.
2026-06-18 01:39:40,505 [INFO] [LIQUIDITY] Free USDT: $0.00
2026-06-18 01:39:40,506 [INFO] [STANDBY] Insufficient USDT (need $10.00).
2026-06-18 01:39:40,506 [INFO] [SLEEP] Sleeping for 120s…
2026-06-18 01:41:40,507 [INFO] ======================================================================
2026-06-18 01:41:40,507 [INFO] [LOOP] Cycle #137 | 2026-06-18 01:41:40
2026-06-18 01:41:40,507 [INFO] [MONITOR] Evaluating 8 open positions…
2026-06-18 01:41:40,629 [INFO] [DATA] TRXUSDT | now=0.3199 | entry=0.3173 | PnL=+0.82%
2026-06-18 01:41:40,743 [INFO] [DATA] RLUSDUSDT | now=1.0008 | entry=1.0008 | PnL=+0.00%
2026-06-18 01:41:40,860 [INFO] [DATA] WLDUSDT | now=0.6387 | entry=0.6348 | PnL=+0.61%
2026-06-18 01:41:40,975 [INFO] [DATA] XLMUSDT | now=0.2221 | entry=0.2262 | PnL=-1.81%
2026-06-18 01:41:41,103 [INFO] [DATA] ENAUSDT | now=0.0911 | entry=0.0897 | PnL=+1.56%
2026-06-18 01:41:41,216 [INFO] [DATA] AAVEUSDT | now=73.9400 | entry=75.0100 | PnL=-1.43%
2026-06-18 01:41:41,335 [INFO] [DATA] UNIUSDT | now=3.1990 | entry=3.3250 | PnL=-3.79%
2026-06-18 01:41:41,454 [INFO] [DATA] ONDOUSDT | now=0.3698 | entry=0.3748 | PnL=-1.33%
2026-06-18 01:41:41,454 [INFO] [INVENTORY] 8/10 slots used — 2 vacant.
2026-06-18 01:41:41,585 [INFO] [LIQUIDITY] Free USDT: $0.00
2026-06-18 01:41:41,585 [INFO] [STANDBY] Insufficient USDT (need $10.00).
2026-06-18 01:41:41,585 [INFO] [SLEEP] Sleeping for 120s…
2026-06-18 01:43:41,586 [INFO] ======================================================================
2026-06-18 01:43:41,586 [INFO] [LOOP] Cycle #138 | 2026-06-18 01:43:41
2026-06-18 01:43:41,586 [INFO] [MONITOR] Evaluating 8 open positions…
2026-06-18 01:43:41,704 [INFO] [DATA] TRXUSDT | now=0.3198 | entry=0.3173 | PnL=+0.79%
2026-06-18 01:43:41,810 [INFO] [DATA] RLUSDUSDT | now=1.0009 | entry=1.0008 | PnL=+0.01%
2026-06-18 01:43:41,939 [INFO] [DATA] WLDUSDT | now=0.6382 | entry=0.6348 | PnL=+0.54%
2026-06-18 01:43:42,055 [INFO] [DATA] XLMUSDT | now=0.2218 | entry=0.2262 | PnL=-1.95%
2026-06-18 01:43:42,177 [INFO] [DATA] ENAUSDT | now=0.0908 | entry=0.0897 | PnL=+1.23%
2026-06-18 01:43:42,295 [INFO] [DATA] AAVEUSDT | now=73.7400 | entry=75.0100 | PnL=-1.69%
2026-06-18 01:43:42,414 [INFO] [DATA] UNIUSDT | now=3.1960 | entry=3.3250 | PnL=-3.88%
2026-06-18 01:43:42,533 [INFO] [DATA] ONDOUSDT | now=0.3682 | entry=0.3748 | PnL=-1.76%
2026-06-18 01:43:42,533 [INFO] [INVENTORY] 8/10 slots used — 2 vacant.
2026-06-18 01:43:42,661 [INFO] [LIQUIDITY] Free USDT: $0.00
2026-06-18 01:43:42,662 [INFO] [STANDBY] Insufficient USDT (need $10.00).
2026-06-18 01:43:42,662 [INFO] [SLEEP] Sleeping for 120s…
2026-06-18 01:45:42,663 [INFO] ======================================================================
2026-06-18 01:45:42,663 [INFO] [LOOP] Cycle #139 | 2026-06-18 01:45:42
2026-06-18 01:45:42,663 [INFO] [MONITOR] Evaluating 8 open positions…
2026-06-18 01:45:42,783 [INFO] [DATA] TRXUSDT | now=0.3200 | entry=0.3173 | PnL=+0.85%
2026-06-18 01:45:42,897 [INFO] [DATA] RLUSDUSDT | now=1.0009 | entry=1.0008 | PnL=+0.01%
2026-06-18 01:45:43,015 [INFO] [DATA] WLDUSDT | now=0.6352 | entry=0.6348 | PnL=+0.06%
2026-06-18 01:45:43,135 [INFO] [DATA] XLMUSDT | now=0.2218 | entry=0.2262 | PnL=-1.95%
2026-06-18 01:45:43,258 [INFO] [DATA] ENAUSDT | now=0.0906 | entry=0.0897 | PnL=+1.00%
2026-06-18 01:45:43,365 [INFO] [DATA] AAVEUSDT | now=73.6300 | entry=75.0100 | PnL=-1.84%
2026-06-18 01:45:43,493 [INFO] [DATA] UNIUSDT | now=3.1950 | entry=3.3250 | PnL=-3.91%
2026-06-18 01:45:43,612 [INFO] [DATA] ONDOUSDT | now=0.3667 | entry=0.3748 | PnL=-2.16%
2026-06-18 01:45:43,612 [INFO] [INVENTORY] 8/10 slots used — 2 vacant.
2026-06-18 01:45:43,742 [INFO] [LIQUIDITY] Free USDT: $0.00
2026-06-18 01:45:43,742 [INFO] [STANDBY] Insufficient USDT (need $10.00).
2026-06-18 01:45:43,743 [INFO] [SLEEP] Sleeping for 120s…
2026-06-18 01:47:43,743 [INFO] ======================================================================
2026-06-18 01:47:43,743 [INFO] [LOOP] Cycle #140 | 2026-06-18 01:47:43
2026-06-18 01:47:43,743 [INFO] [MONITOR] Evaluating 8 open positions…
2026-06-18 01:47:43,863 [INFO] [DATA] TRXUSDT | now=0.3201 | entry=0.3173 | PnL=+0.88%
2026-06-18 01:47:43,981 [INFO] [DATA] RLUSDUSDT | now=1.0009 | entry=1.0008 | PnL=+0.01%
2026-06-18 01:47:44,095 [INFO] [DATA] WLDUSDT | now=0.6371 | entry=0.6348 | PnL=+0.36%
2026-06-18 01:47:44,214 [INFO] [DATA] XLMUSDT | now=0.2222 | entry=0.2262 | PnL=-1.77%
2026-06-18 01:47:44,333 [INFO] [DATA] ENAUSDT | now=0.0909 | entry=0.0897 | PnL=+1.34%
2026-06-18 01:47:44,455 [INFO] [DATA] AAVEUSDT | now=73.7700 | entry=75.0100 | PnL=-1.65%
2026-06-18 01:47:44,571 [INFO] [DATA] UNIUSDT | now=3.1950 | entry=3.3250 | PnL=-3.91%
2026-06-18 01:47:44,690 [INFO] [DATA] ONDOUSDT | now=0.3687 | entry=0.3748 | PnL=-1.63%
2026-06-18 01:47:44,690 [INFO] [INVENTORY] 8/10 slots used — 2 vacant.
2026-06-18 01:47:44,820 [INFO] [LIQUIDITY] Free USDT: $0.00
2026-06-18 01:47:44,820 [INFO] [STANDBY] Insufficient USDT (need $10.00).
2026-06-18 01:47:44,820 [INFO] [SLEEP] Sleeping for 120s…
2026-06-18 01:49:44,821 [INFO] ======================================================================
2026-06-18 01:49:44,821 [INFO] [LOOP] Cycle #141 | 2026-06-18 01:49:44
2026-06-18 01:49:44,821 [INFO] [MONITOR] Evaluating 8 open positions…
2026-06-18 01:49:44,940 [INFO] [DATA] TRXUSDT | now=0.3202 | entry=0.3173 | PnL=+0.91%
2026-06-18 01:49:45,056 [INFO] [DATA] RLUSDUSDT | now=1.0008 | entry=1.0008 | PnL=+0.00%
2026-06-18 01:49:45,172 [INFO] [DATA] WLDUSDT | now=0.6382 | entry=0.6348 | PnL=+0.54%
2026-06-18 01:49:45,294 [INFO] [DATA] XLMUSDT | now=0.2232 | entry=0.2262 | PnL=-1.33%
2026-06-18 01:49:45,411 [INFO] [DATA] ENAUSDT | now=0.0912 | entry=0.0897 | PnL=+1.67%
2026-06-18 01:49:45,533 [INFO] [DATA] AAVEUSDT | now=73.8800 | entry=75.0100 | PnL=-1.51%
2026-06-18 01:49:45,653 [INFO] [DATA] UNIUSDT | now=3.2070 | entry=3.3250 | PnL=-3.55%
2026-06-18 01:49:45,774 [INFO] [DATA] ONDOUSDT | now=0.3694 | entry=0.3748 | PnL=-1.44%
2026-06-18 01:49:45,774 [INFO] [INVENTORY] 8/10 slots used — 2 vacant.
2026-06-18 01:49:45,900 [INFO] [LIQUIDITY] Free USDT: $0.00
2026-06-18 01:49:45,901 [INFO] [STANDBY] Insufficient USDT (need $10.00).
2026-06-18 01:49:45,901 [INFO] [SLEEP] Sleeping for 120s…
2026-06-18 01:51:45,902 [INFO] ======================================================================
2026-06-18 01:51:45,902 [INFO] [LOOP] Cycle #142 | 2026-06-18 01:51:45
2026-06-18 01:51:45,902 [INFO] [MONITOR] Evaluating 8 open positions…
2026-06-18 01:51:46,020 [INFO] [DATA] TRXUSDT | now=0.3204 | entry=0.3173 | PnL=+0.98%
2026-06-18 01:51:46,126 [INFO] [DATA] RLUSDUSDT | now=1.0008 | entry=1.0008 | PnL=+0.00%
2026-06-18 01:51:46,259 [INFO] [DATA] WLDUSDT | now=0.6364 | entry=0.6348 | PnL=+0.25%
2026-06-18 01:51:46,363 [INFO] [DATA] XLMUSDT | now=0.2233 | entry=0.2262 | PnL=-1.28%
2026-06-18 01:51:46,489 [INFO] [DATA] ENAUSDT | now=0.0911 | entry=0.0897 | PnL=+1.56%
2026-06-18 01:51:46,607 [INFO] [DATA] AAVEUSDT | now=73.8800 | entry=75.0100 | PnL=-1.51%
2026-06-18 01:51:46,725 [INFO] [DATA] UNIUSDT | now=3.2050 | entry=3.3250 | PnL=-3.61%
2026-06-18 01:51:46,842 [INFO] [DATA] ONDOUSDT | now=0.3690 | entry=0.3748 | PnL=-1.55%
2026-06-18 01:51:46,842 [INFO] [INVENTORY] 8/10 slots used — 2 vacant.
2026-06-18 01:51:46,971 [INFO] [LIQUIDITY] Free USDT: $0.00
2026-06-18 01:51:46,972 [INFO] [STANDBY] Insufficient USDT (need $10.00).
2026-06-18 01:51:46,972 [INFO] [SLEEP] Sleeping for 120s…
2026-06-18 01:53:46,973 [INFO] ======================================================================
2026-06-18 01:53:46,973 [INFO] [LOOP] Cycle #143 | 2026-06-18 01:53:46
2026-06-18 01:53:46,973 [INFO] [MONITOR] Evaluating 8 open positions…
2026-06-18 01:53:47,093 [INFO] [DATA] TRXUSDT | now=0.3204 | entry=0.3173 | PnL=+0.98%
2026-06-18 01:53:47,208 [INFO] [DATA] RLUSDUSDT | now=1.0009 | entry=1.0008 | PnL=+0.01%
2026-06-18 01:53:47,327 [INFO] [DATA] WLDUSDT | now=0.6359 | entry=0.6348 | PnL=+0.17%
2026-06-18 01:53:47,444 [INFO] [DATA] XLMUSDT | now=0.2240 | entry=0.2262 | PnL=-0.97%
2026-06-18 01:53:47,562 [INFO] [DATA] ENAUSDT | now=0.0911 | entry=0.0897 | PnL=+1.56%
2026-06-18 01:53:47,682 [INFO] [DATA] AAVEUSDT | now=73.9200 | entry=75.0100 | PnL=-1.45%
2026-06-18 01:53:47,801 [INFO] [DATA] UNIUSDT | now=3.2040 | entry=3.3250 | PnL=-3.64%
2026-06-18 01:53:47,923 [INFO] [DATA] ONDOUSDT | now=0.3688 | entry=0.3748 | PnL=-1.60%
2026-06-18 01:53:47,923 [INFO] [INVENTORY] 8/10 slots used — 2 vacant.
2026-06-18 01:53:48,044 [INFO] [LIQUIDITY] Free USDT: $0.00
2026-06-18 01:53:48,044 [INFO] [STANDBY] Insufficient USDT (need $10.00).
2026-06-18 01:53:48,044 [INFO] [SLEEP] Sleeping for 120s…
2026-06-18 01:55:48,049 [INFO] ======================================================================
2026-06-18 01:55:48,049 [INFO] [LOOP] Cycle #144 | 2026-06-18 01:55:48
2026-06-18 01:55:48,049 [INFO] [MONITOR] Evaluating 8 open positions…
2026-06-18 01:55:48,172 [INFO] [DATA] TRXUSDT | now=0.3202 | entry=0.3173 | PnL=+0.91%
2026-06-18 01:55:48,286 [INFO] [DATA] RLUSDUSDT | now=1.0009 | entry=1.0008 | PnL=+0.01%
2026-06-18 01:55:48,406 [INFO] [DATA] WLDUSDT | now=0.6382 | entry=0.6348 | PnL=+0.54%
2026-06-18 01:55:48,522 [INFO] [DATA] XLMUSDT | now=0.2241 | entry=0.2262 | PnL=-0.93%
2026-06-18 01:55:48,644 [INFO] [DATA] ENAUSDT | now=0.0912 | entry=0.0897 | PnL=+1.67%
2026-06-18 01:55:48,762 [INFO] [DATA] AAVEUSDT | now=74.0700 | entry=75.0100 | PnL=-1.25%
2026-06-18 01:55:48,880 [INFO] [DATA] UNIUSDT | now=3.2100 | entry=3.3250 | PnL=-3.46%
2026-06-18 01:55:49,002 [INFO] [DATA] ONDOUSDT | now=0.3690 | entry=0.3748 | PnL=-1.55%
2026-06-18 01:55:49,002 [INFO] [INVENTORY] 8/10 slots used — 2 vacant.
2026-06-18 01:55:49,127 [INFO] [LIQUIDITY] Free USDT: $0.00
2026-06-18 01:55:49,127 [INFO] [STANDBY] Insufficient USDT (need $10.00).
2026-06-18 01:55:49,127 [INFO] [SLEEP] Sleeping for 120s…
2026-06-18 01:57:49,133 [INFO] ======================================================================
2026-06-18 01:57:49,133 [INFO] [LOOP] Cycle #145 | 2026-06-18 01:57:49
2026-06-18 01:57:49,133 [INFO] [MONITOR] Evaluating 8 open positions…
2026-06-18 01:57:49,254 [INFO] [DATA] TRXUSDT | now=0.3204 | entry=0.3173 | PnL=+0.98%
2026-06-18 01:57:49,371 [INFO] [DATA] RLUSDUSDT | now=1.0009 | entry=1.0008 | PnL=+0.01%
2026-06-18 01:57:49,488 [INFO] [DATA] WLDUSDT | now=0.6384 | entry=0.6348 | PnL=+0.57%
2026-06-18 01:57:49,600 [INFO] [DATA] XLMUSDT | now=0.2240 | entry=0.2262 | PnL=-0.97%
2026-06-18 01:57:49,725 [INFO] [DATA] ENAUSDT | now=0.0911 | entry=0.0897 | PnL=+1.56%
2026-06-18 01:57:49,844 [INFO] [DATA] AAVEUSDT | now=73.8900 | entry=75.0100 | PnL=-1.49%
2026-06-18 01:57:49,964 [INFO] [DATA] UNIUSDT | now=3.2090 | entry=3.3250 | PnL=-3.49%
2026-06-18 01:57:50,085 [INFO] [DATA] ONDOUSDT | now=0.3682 | entry=0.3748 | PnL=-1.76%
2026-06-18 01:57:50,085 [INFO] [INVENTORY] 8/10 slots used — 2 vacant.
2026-06-18 01:57:50,212 [INFO] [LIQUIDITY] Free USDT: $0.00
2026-06-18 01:57:50,212 [INFO] [STANDBY] Insufficient USDT (need $10.00).
2026-06-18 01:57:50,213 [INFO] [SLEEP] Sleeping for 120s…
2026-06-18 01:59:50,214 [INFO] ======================================================================
2026-06-18 01:59:50,214 [INFO] [LOOP] Cycle #146 | 2026-06-18 01:59:50
2026-06-18 01:59:50,214 [INFO] [MONITOR] Evaluating 8 open positions…
2026-06-18 01:59:50,336 [INFO] [DATA] TRXUSDT | now=0.3203 | entry=0.3173 | PnL=+0.95%
2026-06-18 01:59:50,451 [INFO] [DATA] RLUSDUSDT | now=1.0009 | entry=1.0008 | PnL=+0.01%
2026-06-18 01:59:50,570 [INFO] [DATA] WLDUSDT | now=0.6391 | entry=0.6348 | PnL=+0.68%
2026-06-18 01:59:50,689 [INFO] [DATA] XLMUSDT | now=0.2241 | entry=0.2262 | PnL=-0.93%
2026-06-18 01:59:50,809 [INFO] [DATA] ENAUSDT | now=0.0911 | entry=0.0897 | PnL=+1.56%
2026-06-18 01:59:50,929 [INFO] [DATA] AAVEUSDT | now=73.9200 | entry=75.0100 | PnL=-1.45%
2026-06-18 01:59:51,048 [INFO] [DATA] UNIUSDT | now=3.2050 | entry=3.3250 | PnL=-3.61%
2026-06-18 01:59:51,169 [INFO] [DATA] ONDOUSDT | now=0.3682 | entry=0.3748 | PnL=-1.76%
2026-06-18 01:59:51,169 [INFO] [INVENTORY] 8/10 slots used — 2 vacant.
2026-06-18 01:59:51,295 [INFO] [LIQUIDITY] Free USDT: $0.00
2026-06-18 01:59:51,295 [INFO] [STANDBY] Insufficient USDT (need $10.00).
2026-06-18 01:59:51,295 [INFO] [SLEEP] Sleeping for 120s…
2026-06-18 02:01:51,299 [INFO] ======================================================================
2026-06-18 02:01:51,299 [INFO] [LOOP] Cycle #147 | 2026-06-18 02:01:51
2026-06-18 02:01:51,299 [INFO] [MONITOR] Evaluating 8 open positions…
2026-06-18 02:01:51,419 [INFO] [DATA] TRXUSDT | now=0.3205 | entry=0.3173 | PnL=+1.01%
2026-06-18 02:01:51,537 [INFO] [DATA] RLUSDUSDT | now=1.0009 | entry=1.0008 | PnL=+0.01%
2026-06-18 02:01:51,652 [INFO] [DATA] WLDUSDT | now=0.6399 | entry=0.6348 | PnL=+0.80%
2026-06-18 02:01:51,771 [INFO] [DATA] XLMUSDT | now=0.2247 | entry=0.2262 | PnL=-0.66%
2026-06-18 02:01:51,893 [INFO] [DATA] ENAUSDT | now=0.0915 | entry=0.0897 | PnL=+2.01%
2026-06-18 02:01:52,010 [INFO] [DATA] AAVEUSDT | now=74.0200 | entry=75.0100 | PnL=-1.32%
2026-06-18 02:01:52,129 [INFO] [DATA] UNIUSDT | now=3.2210 | entry=3.3250 | PnL=-3.13%
2026-06-18 02:01:52,247 [INFO] [DATA] ONDOUSDT | now=0.3698 | entry=0.3748 | PnL=-1.33%
2026-06-18 02:01:52,247 [INFO] [INVENTORY] 8/10 slots used — 2 vacant.
2026-06-18 02:01:52,375 [INFO] [LIQUIDITY] Free USDT: $0.00
2026-06-18 02:01:52,375 [INFO] [STANDBY] Insufficient USDT (need $10.00).
2026-06-18 02:01:52,375 [INFO] [SLEEP] Sleeping for 120s…
2026-06-18 02:03:52,376 [INFO] ======================================================================
2026-06-18 02:03:52,376 [INFO] [LOOP] Cycle #148 | 2026-06-18 02:03:52
2026-06-18 02:03:52,376 [INFO] [MONITOR] Evaluating 8 open positions…
2026-06-18 02:03:52,496 [INFO] [DATA] TRXUSDT | now=0.3205 | entry=0.3173 | PnL=+1.01%
2026-06-18 02:03:52,615 [INFO] [DATA] RLUSDUSDT | now=1.0009 | entry=1.0008 | PnL=+0.01%
2026-06-18 02:03:52,730 [INFO] [DATA] WLDUSDT | now=0.6389 | entry=0.6348 | PnL=+0.65%
2026-06-18 02:03:52,855 [INFO] [DATA] XLMUSDT | now=0.2253 | entry=0.2262 | PnL=-0.40%
2026-06-18 02:03:52,969 [INFO] [DATA] ENAUSDT | now=0.0914 | entry=0.0897 | PnL=+1.90%
2026-06-18 02:03:53,089 [INFO] [DATA] AAVEUSDT | now=73.9900 | entry=75.0100 | PnL=-1.36%
2026-06-18 02:03:53,211 [INFO] [DATA] UNIUSDT | now=3.2220 | entry=3.3250 | PnL=-3.10%
2026-06-18 02:03:53,330 [INFO] [DATA] ONDOUSDT | now=0.3698 | entry=0.3748 | PnL=-1.33%
2026-06-18 02:03:53,330 [INFO] [INVENTORY] 8/10 slots used — 2 vacant.
2026-06-18 02:03:53,457 [INFO] [LIQUIDITY] Free USDT: $0.00
2026-06-18 02:03:53,458 [INFO] [STANDBY] Insufficient USDT (need $10.00).
2026-06-18 02:03:53,458 [INFO] [SLEEP] Sleeping for 120s…
2026-06-18 02:05:53,459 [INFO] ======================================================================
2026-06-18 02:05:53,459 [INFO] [LOOP] Cycle #149 | 2026-06-18 02:05:53
2026-06-18 02:05:53,459 [INFO] [MONITOR] Evaluating 8 open positions…
2026-06-18 02:05:53,581 [INFO] [DATA] TRXUSDT | now=0.3205 | entry=0.3173 | PnL=+1.01%
2026-06-18 02:05:53,696 [INFO] [DATA] RLUSDUSDT | now=1.0009 | entry=1.0008 | PnL=+0.01%
2026-06-18 02:05:53,811 [INFO] [DATA] WLDUSDT | now=0.6409 | entry=0.6348 | PnL=+0.96%
2026-06-18 02:05:53,932 [INFO] [DATA] XLMUSDT | now=0.2263 | entry=0.2262 | PnL=+0.04%
2026-06-18 02:05:54,051 [INFO] [DATA] ENAUSDT | now=0.0917 | entry=0.0897 | PnL=+2.23%
2026-06-18 02:05:54,172 [INFO] [DATA] AAVEUSDT | now=74.0400 | entry=75.0100 | PnL=-1.29%
2026-06-18 02:05:54,289 [INFO] [DATA] UNIUSDT | now=3.2400 | entry=3.3250 | PnL=-2.56%
2026-06-18 02:05:54,411 [INFO] [DATA] ONDOUSDT | now=0.3713 | entry=0.3748 | PnL=-0.93%
2026-06-18 02:05:54,411 [INFO] [INVENTORY] 8/10 slots used — 2 vacant.
2026-06-18 02:05:54,534 [INFO] [LIQUIDITY] Free USDT: $0.00
2026-06-18 02:05:54,535 [INFO] [STANDBY] Insufficient USDT (need $10.00).
2026-06-18 02:05:54,535 [INFO] [SLEEP] Sleeping for 120s…
2026-06-18 02:07:54,536 [INFO] ======================================================================
2026-06-18 02:07:54,536 [INFO] [LOOP] Cycle #150 | 2026-06-18 02:07:54
2026-06-18 02:07:54,536 [INFO] [MONITOR] Evaluating 8 open positions…
2026-06-18 02:07:54,655 [INFO] [DATA] TRXUSDT | now=0.3205 | entry=0.3173 | PnL=+1.01%
2026-06-18 02:07:54,775 [INFO] [DATA] RLUSDUSDT | now=1.0009 | entry=1.0008 | PnL=+0.01%
2026-06-18 02:07:54,888 [INFO] [DATA] WLDUSDT | now=0.6406 | entry=0.6348 | PnL=+0.91%
2026-06-18 02:07:55,009 [INFO] [DATA] XLMUSDT | now=0.2261 | entry=0.2262 | PnL=-0.04%
2026-06-18 02:07:55,128 [INFO] [DATA] ENAUSDT | now=0.0919 | entry=0.0897 | PnL=+2.45%
2026-06-18 02:07:55,253 [INFO] [DATA] AAVEUSDT | now=74.0600 | entry=75.0100 | PnL=-1.27%
2026-06-18 02:07:55,372 [INFO] [DATA] UNIUSDT | now=3.2420 | entry=3.3250 | PnL=-2.50%
2026-06-18 02:07:55,536 [INFO] [DATA] ONDOUSDT | now=0.3710 | entry=0.3748 | PnL=-1.01%
2026-06-18 02:07:55,536 [INFO] [INVENTORY] 8/10 slots used — 2 vacant.
2026-06-18 02:07:55,656 [INFO] [LIQUIDITY] Free USDT: $0.00
2026-06-18 02:07:55,656 [INFO] [STANDBY] Insufficient USDT (need $10.00).
2026-06-18 02:07:55,656 [INFO] [SLEEP] Sleeping for 120s…
2026-06-18 02:09:55,665 [INFO] ======================================================================
2026-06-18 02:09:55,665 [INFO] [LOOP] Cycle #151 | 2026-06-18 02:09:55
2026-06-18 02:09:55,665 [INFO] [MONITOR] Evaluating 8 open positions…
2026-06-18 02:09:55,787 [INFO] [DATA] TRXUSDT | now=0.3205 | entry=0.3173 | PnL=+1.01%
2026-06-18 02:09:55,904 [INFO] [DATA] RLUSDUSDT | now=1.0009 | entry=1.0008 | PnL=+0.01%
2026-06-18 02:09:56,020 [INFO] [DATA] WLDUSDT | now=0.6405 | entry=0.6348 | PnL=+0.90%
2026-06-18 02:09:56,138 [INFO] [DATA] XLMUSDT | now=0.2250 | entry=0.2262 | PnL=-0.53%
2026-06-18 02:09:56,258 [INFO] [DATA] ENAUSDT | now=0.0915 | entry=0.0897 | PnL=+2.01%
2026-06-18 02:09:56,376 [INFO] [DATA] AAVEUSDT | now=73.9200 | entry=75.0100 | PnL=-1.45%
2026-06-18 02:09:56,500 [INFO] [DATA] UNIUSDT | now=3.2340 | entry=3.3250 | PnL=-2.74%
2026-06-18 02:09:56,610 [INFO] [DATA] ONDOUSDT | now=0.3700 | entry=0.3748 | PnL=-1.28%
2026-06-18 02:09:56,610 [INFO] [INVENTORY] 8/10 slots used — 2 vacant.
2026-06-18 02:09:56,744 [INFO] [LIQUIDITY] Free USDT: $0.00
2026-06-18 02:09:56,744 [INFO] [STANDBY] Insufficient USDT (need $10.00).
2026-06-18 02:09:56,745 [INFO] [SLEEP] Sleeping for 120s…
2026-06-18 02:11:56,745 [INFO] ======================================================================
2026-06-18 02:11:56,745 [INFO] [LOOP] Cycle #152 | 2026-06-18 02:11:56
2026-06-18 02:11:56,745 [INFO] [MONITOR] Evaluating 8 open positions…
2026-06-18 02:11:56,866 [INFO] [DATA] TRXUSDT | now=0.3205 | entry=0.3173 | PnL=+1.01%
2026-06-18 02:11:56,982 [INFO] [DATA] RLUSDUSDT | now=1.0009 | entry=1.0008 | PnL=+0.01%
2026-06-18 02:11:57,101 [INFO] [DATA] WLDUSDT | now=0.6394 | entry=0.6348 | PnL=+0.72%
2026-06-18 02:11:57,222 [INFO] [DATA] XLMUSDT | now=0.2242 | entry=0.2262 | PnL=-0.88%
2026-06-18 02:11:57,341 [INFO] [DATA] ENAUSDT | now=0.0914 | entry=0.0897 | PnL=+1.90%
2026-06-18 02:11:57,460 [INFO] [DATA] AAVEUSDT | now=73.6900 | entry=75.0100 | PnL=-1.76%
2026-06-18 02:11:57,576 [INFO] [DATA] UNIUSDT | now=3.2190 | entry=3.3250 | PnL=-3.19%
2026-06-18 02:11:57,696 [INFO] [DATA] ONDOUSDT | now=0.3688 | entry=0.3748 | PnL=-1.60%
2026-06-18 02:11:57,696 [INFO] [INVENTORY] 8/10 slots used — 2 vacant.
2026-06-18 02:11:57,824 [INFO] [LIQUIDITY] Free USDT: $0.00
2026-06-18 02:11:57,825 [INFO] [STANDBY] Insufficient USDT (need $10.00).
2026-06-18 02:11:57,825 [INFO] [SLEEP] Sleeping for 120s…
2026-06-18 02:13:57,825 [INFO] ======================================================================
2026-06-18 02:13:57,825 [INFO] [LOOP] Cycle #153 | 2026-06-18 02:13:57
2026-06-18 02:13:57,825 [INFO] [MONITOR] Evaluating 8 open positions…
2026-06-18 02:13:57,945 [INFO] [DATA] TRXUSDT | now=0.3205 | entry=0.3173 | PnL=+1.01%
2026-06-18 02:13:58,064 [INFO] [DATA] RLUSDUSDT | now=1.0009 | entry=1.0008 | PnL=+0.01%
2026-06-18 02:13:58,179 [INFO] [DATA] WLDUSDT | now=0.6380 | entry=0.6348 | PnL=+0.50%
2026-06-18 02:13:58,298 [INFO] [DATA] XLMUSDT | now=0.2237 | entry=0.2262 | PnL=-1.11%
2026-06-18 02:13:58,421 [INFO] [DATA] ENAUSDT | now=0.0910 | entry=0.0897 | PnL=+1.45%
2026-06-18 02:13:58,538 [INFO] [DATA] AAVEUSDT | now=73.6200 | entry=75.0100 | PnL=-1.85%
2026-06-18 02:13:58,656 [INFO] [DATA] UNIUSDT | now=3.2190 | entry=3.3250 | PnL=-3.19%
2026-06-18 02:13:58,776 [INFO] [DATA] ONDOUSDT | now=0.3685 | entry=0.3748 | PnL=-1.68%
2026-06-18 02:13:58,776 [INFO] [INVENTORY] 8/10 slots used — 2 vacant.
2026-06-18 02:13:58,906 [INFO] [LIQUIDITY] Free USDT: $0.00
2026-06-18 02:13:58,907 [INFO] [STANDBY] Insufficient USDT (need $10.00).
2026-06-18 02:13:58,907 [INFO] [SLEEP] Sleeping for 120s…
2026-06-18 02:15:58,908 [INFO] ======================================================================
2026-06-18 02:15:58,908 [INFO] [LOOP] Cycle #154 | 2026-06-18 02:15:58
2026-06-18 02:15:58,908 [INFO] [MONITOR] Evaluating 8 open positions…
2026-06-18 02:15:59,031 [INFO] [DATA] TRXUSDT | now=0.3204 | entry=0.3173 | PnL=+0.98%
2026-06-18 02:15:59,145 [INFO] [DATA] RLUSDUSDT | now=1.0009 | entry=1.0008 | PnL=+0.01%
2026-06-18 02:15:59,254 [INFO] [DATA] WLDUSDT | now=0.6385 | entry=0.6348 | PnL=+0.58%
2026-06-18 02:15:59,382 [INFO] [DATA] XLMUSDT | now=0.2242 | entry=0.2262 | PnL=-0.88%
2026-06-18 02:15:59,497 [INFO] [DATA] ENAUSDT | now=0.0912 | entry=0.0897 | PnL=+1.67%
2026-06-18 02:15:59,614 [INFO] [DATA] AAVEUSDT | now=73.6600 | entry=75.0100 | PnL=-1.80%
2026-06-18 02:15:59,735 [INFO] [DATA] UNIUSDT | now=3.2240 | entry=3.3250 | PnL=-3.04%
2026-06-18 02:15:59,853 [INFO] [DATA] ONDOUSDT | now=0.3689 | entry=0.3748 | PnL=-1.57%
2026-06-18 02:15:59,853 [INFO] [INVENTORY] 8/10 slots used — 2 vacant.
2026-06-18 02:15:59,981 [INFO] [LIQUIDITY] Free USDT: $0.00
2026-06-18 02:15:59,981 [INFO] [STANDBY] Insufficient USDT (need $10.00).
2026-06-18 02:15:59,982 [INFO] [SLEEP] Sleeping for 120s…
2026-06-18 02:17:59,982 [INFO] ======================================================================
2026-06-18 02:17:59,982 [INFO] [LOOP] Cycle #155 | 2026-06-18 02:17:59
2026-06-18 02:17:59,982 [INFO] [MONITOR] Evaluating 8 open positions…
2026-06-18 02:18:00,102 [INFO] [DATA] TRXUSDT | now=0.3205 | entry=0.3173 | PnL=+1.01%
2026-06-18 02:18:00,221 [INFO] [DATA] RLUSDUSDT | now=1.0010 | entry=1.0008 | PnL=+0.02%
2026-06-18 02:18:00,335 [INFO] [DATA] WLDUSDT | now=0.6385 | entry=0.6348 | PnL=+0.58%
2026-06-18 02:18:00,454 [INFO] [DATA] XLMUSDT | now=0.2239 | entry=0.2262 | PnL=-1.02%
2026-06-18 02:18:00,574 [INFO] [DATA] ENAUSDT | now=0.0912 | entry=0.0897 | PnL=+1.67%
2026-06-18 02:18:00,696 [INFO] [DATA] AAVEUSDT | now=73.7100 | entry=75.0100 | PnL=-1.73%
2026-06-18 02:18:00,813 [INFO] [DATA] UNIUSDT | now=3.2340 | entry=3.3250 | PnL=-2.74%
2026-06-18 02:18:00,933 [INFO] [DATA] ONDOUSDT | now=0.3687 | entry=0.3748 | PnL=-1.63%
2026-06-18 02:18:00,933 [INFO] [INVENTORY] 8/10 slots used — 2 vacant.
2026-06-18 02:18:01,059 [INFO] [LIQUIDITY] Free USDT: $0.00
2026-06-18 02:18:01,060 [INFO] [STANDBY] Insufficient USDT (need $10.00).
2026-06-18 02:18:01,060 [INFO] [SLEEP] Sleeping for 120s…
2026-06-18 02:20:01,061 [INFO] ======================================================================
2026-06-18 02:20:01,061 [INFO] [LOOP] Cycle #156 | 2026-06-18 02:20:01
2026-06-18 02:20:01,061 [INFO] [MONITOR] Evaluating 8 open positions…
2026-06-18 02:20:01,180 [INFO] [DATA] TRXUSDT | now=0.3205 | entry=0.3173 | PnL=+1.01%
2026-06-18 02:20:01,295 [INFO] [DATA] RLUSDUSDT | now=1.0010 | entry=1.0008 | PnL=+0.02%
2026-06-18 02:20:01,413 [INFO] [DATA] WLDUSDT | now=0.6377 | entry=0.6348 | PnL=+0.46%
2026-06-18 02:20:01,534 [INFO] [DATA] XLMUSDT | now=0.2242 | entry=0.2262 | PnL=-0.88%
2026-06-18 02:20:01,657 [INFO] [DATA] ENAUSDT | now=0.0913 | entry=0.0897 | PnL=+1.78%
2026-06-18 02:20:01,777 [INFO] [DATA] AAVEUSDT | now=73.7300 | entry=75.0100 | PnL=-1.71%
2026-06-18 02:20:01,899 [INFO] [DATA] UNIUSDT | now=3.2420 | entry=3.3250 | PnL=-2.50%
2026-06-18 02:20:02,022 [INFO] [DATA] ONDOUSDT | now=0.3683 | entry=0.3748 | PnL=-1.73%
2026-06-18 02:20:02,022 [INFO] [INVENTORY] 8/10 slots used — 2 vacant.
2026-06-18 02:20:02,143 [INFO] [LIQUIDITY] Free USDT: $0.00
2026-06-18 02:20:02,143 [INFO] [STANDBY] Insufficient USDT (need $10.00).
2026-06-18 02:20:02,143 [INFO] [SLEEP] Sleeping for 120s…
2026-06-18 02:22:02,151 [INFO] ======================================================================
2026-06-18 02:22:02,151 [INFO] [LOOP] Cycle #157 | 2026-06-18 02:22:02
2026-06-18 02:22:02,151 [INFO] [MONITOR] Evaluating 8 open positions…
2026-06-18 02:22:02,273 [INFO] [DATA] TRXUSDT | now=0.3205 | entry=0.3173 | PnL=+1.01%
2026-06-18 02:22:02,392 [INFO] [DATA] RLUSDUSDT | now=1.0009 | entry=1.0008 | PnL=+0.01%
2026-06-18 02:22:02,505 [INFO] [DATA] WLDUSDT | now=0.6380 | entry=0.6348 | PnL=+0.50%
2026-06-18 02:22:02,625 [INFO] [DATA] XLMUSDT | now=0.2240 | entry=0.2262 | PnL=-0.97%
2026-06-18 02:22:02,746 [INFO] [DATA] ENAUSDT | now=0.0911 | entry=0.0897 | PnL=+1.56%
2026-06-18 02:22:02,865 [INFO] [DATA] AAVEUSDT | now=73.6300 | entry=75.0100 | PnL=-1.84%
2026-06-18 02:22:02,987 [INFO] [DATA] UNIUSDT | now=3.2400 | entry=3.3250 | PnL=-2.56%
2026-06-18 02:22:03,106 [INFO] [DATA] ONDOUSDT | now=0.3676 | entry=0.3748 | PnL=-1.92%
2026-06-18 02:22:03,106 [INFO] [INVENTORY] 8/10 slots used — 2 vacant.
2026-06-18 02:22:03,231 [INFO] [LIQUIDITY] Free USDT: $0.00
2026-06-18 02:22:03,231 [INFO] [STANDBY] Insufficient USDT (need $10.00).
2026-06-18 02:22:03,232 [INFO] [SLEEP] Sleeping for 120s…
2026-06-18 02:24:03,233 [INFO] ======================================================================
2026-06-18 02:24:03,233 [INFO] [LOOP] Cycle #158 | 2026-06-18 02:24:03
2026-06-18 02:24:03,233 [INFO] [MONITOR] Evaluating 8 open positions…
2026-06-18 02:24:03,353 [INFO] [DATA] TRXUSDT | now=0.3206 | entry=0.3173 | PnL=+1.04%
2026-06-18 02:24:03,472 [INFO] [DATA] RLUSDUSDT | now=1.0009 | entry=1.0008 | PnL=+0.01%
2026-06-18 02:24:03,588 [INFO] [DATA] WLDUSDT | now=0.6373 | entry=0.6348 | PnL=+0.39%
2026-06-18 02:24:03,706 [INFO] [DATA] XLMUSDT | now=0.2241 | entry=0.2262 | PnL=-0.93%
2026-06-18 02:24:03,826 [INFO] [DATA] ENAUSDT | now=0.0911 | entry=0.0897 | PnL=+1.56%
2026-06-18 02:24:03,944 [INFO] [DATA] AAVEUSDT | now=73.5900 | entry=75.0100 | PnL=-1.89%
2026-06-18 02:24:04,067 [INFO] [DATA] UNIUSDT | now=3.2350 | entry=3.3250 | PnL=-2.71%
2026-06-18 02:24:04,187 [INFO] [DATA] ONDOUSDT | now=0.3669 | entry=0.3748 | PnL=-2.11%
2026-06-18 02:24:04,187 [INFO] [INVENTORY] 8/10 slots used — 2 vacant.
2026-06-18 02:24:04,312 [INFO] [LIQUIDITY] Free USDT: $0.00
2026-06-18 02:24:04,312 [INFO] [STANDBY] Insufficient USDT (need $10.00).
2026-06-18 02:24:04,312 [INFO] [SLEEP] Sleeping for 120s…
2026-06-18 02:26:04,315 [INFO] ======================================================================
2026-06-18 02:26:04,315 [INFO] [LOOP] Cycle #159 | 2026-06-18 02:26:04
2026-06-18 02:26:04,315 [INFO] [MONITOR] Evaluating 8 open positions…
2026-06-18 02:26:04,437 [INFO] [DATA] TRXUSDT | now=0.3204 | entry=0.3173 | PnL=+0.98%
2026-06-18 02:26:04,554 [INFO] [DATA] RLUSDUSDT | now=1.0009 | entry=1.0008 | PnL=+0.01%
2026-06-18 02:26:04,668 [INFO] [DATA] WLDUSDT | now=0.6393 | entry=0.6348 | PnL=+0.71%
2026-06-18 02:26:04,785 [INFO] [DATA] XLMUSDT | now=0.2244 | entry=0.2262 | PnL=-0.80%
2026-06-18 02:26:04,908 [INFO] [DATA] ENAUSDT | now=0.0916 | entry=0.0897 | PnL=+2.12%
2026-06-18 02:26:05,028 [INFO] [DATA] AAVEUSDT | now=73.7700 | entry=75.0100 | PnL=-1.65%
2026-06-18 02:26:05,147 [INFO] [DATA] UNIUSDT | now=3.2450 | entry=3.3250 | PnL=-2.41%
2026-06-18 02:26:05,265 [INFO] [DATA] ONDOUSDT | now=0.3683 | entry=0.3748 | PnL=-1.73%
2026-06-18 02:26:05,265 [INFO] [INVENTORY] 8/10 slots used — 2 vacant.
2026-06-18 02:26:05,392 [INFO] [LIQUIDITY] Free USDT: $0.00
2026-06-18 02:26:05,393 [INFO] [STANDBY] Insufficient USDT (need $10.00).
2026-06-18 02:26:05,393 [INFO] [SLEEP] Sleeping for 120s…
2026-06-18 02:28:05,394 [INFO] ======================================================================
2026-06-18 02:28:05,394 [INFO] [LOOP] Cycle #160 | 2026-06-18 02:28:05
2026-06-18 02:28:05,394 [INFO] [MONITOR] Evaluating 8 open positions…
2026-06-18 02:28:05,516 [INFO] [DATA] TRXUSDT | now=0.3205 | entry=0.3173 | PnL=+1.01%
2026-06-18 02:28:05,629 [INFO] [DATA] RLUSDUSDT | now=1.0009 | entry=1.0008 | PnL=+0.01%
2026-06-18 02:28:05,750 [INFO] [DATA] WLDUSDT | now=0.6443 | entry=0.6348 | PnL=+1.50%
2026-06-18 02:28:05,871 [INFO] [DATA] XLMUSDT | now=0.2256 | entry=0.2262 | PnL=-0.27%
2026-06-18 02:28:05,987 [INFO] [DATA] ENAUSDT | now=0.0928 | entry=0.0897 | PnL=+3.46%
2026-06-18 02:28:06,106 [INFO] [DATA] AAVEUSDT | now=74.1800 | entry=75.0100 | PnL=-1.11%
2026-06-18 02:28:06,227 [INFO] [DATA] UNIUSDT | now=3.2670 | entry=3.3250 | PnL=-1.74%
2026-06-18 02:28:06,345 [INFO] [DATA] ONDOUSDT | now=0.3703 | entry=0.3748 | PnL=-1.20%
2026-06-18 02:28:06,345 [INFO] [INVENTORY] 8/10 slots used — 2 vacant.
2026-06-18 02:28:06,469 [INFO] [LIQUIDITY] Free USDT: $0.00
2026-06-18 02:28:06,469 [INFO] [STANDBY] Insufficient USDT (need $10.00).
2026-06-18 02:28:06,469 [INFO] [SLEEP] Sleeping for 120s…
2026-06-18 02:30:06,474 [INFO] ======================================================================
2026-06-18 02:30:06,474 [INFO] [LOOP] Cycle #161 | 2026-06-18 02:30:06
2026-06-18 02:30:06,474 [INFO] [MONITOR] Evaluating 8 open positions…
2026-06-18 02:30:06,595 [INFO] [DATA] TRXUSDT | now=0.3204 | entry=0.3173 | PnL=+0.98%
2026-06-18 02:30:06,713 [INFO] [DATA] RLUSDUSDT | now=1.0009 | entry=1.0008 | PnL=+0.01%
2026-06-18 02:30:06,832 [INFO] [DATA] WLDUSDT | now=0.6453 | entry=0.6348 | PnL=+1.65%
2026-06-18 02:30:06,955 [INFO] [DATA] XLMUSDT | now=0.2257 | entry=0.2262 | PnL=-0.22%
2026-06-18 02:30:07,068 [INFO] [DATA] ENAUSDT | now=0.0929 | entry=0.0897 | PnL=+3.57%
2026-06-18 02:30:07,188 [INFO] [DATA] AAVEUSDT | now=74.1900 | entry=75.0100 | PnL=-1.09%
2026-06-18 02:30:07,310 [INFO] [DATA] UNIUSDT | now=3.2670 | entry=3.3250 | PnL=-1.74%
2026-06-18 02:30:07,426 [INFO] [DATA] ONDOUSDT | now=0.3706 | entry=0.3748 | PnL=-1.12%
2026-06-18 02:30:07,426 [INFO] [INVENTORY] 8/10 slots used — 2 vacant.
2026-06-18 02:30:07,549 [INFO] [LIQUIDITY] Free USDT: $0.00
2026-06-18 02:30:07,549 [INFO] [STANDBY] Insufficient USDT (need $10.00).
2026-06-18 02:30:07,549 [INFO] [SLEEP] Sleeping for 120s…
2026-06-18 02:32:07,554 [INFO] ======================================================================
2026-06-18 02:32:07,554 [INFO] [LOOP] Cycle #162 | 2026-06-18 02:32:07
2026-06-18 02:32:07,554 [INFO] [MONITOR] Evaluating 8 open positions…
2026-06-18 02:32:07,674 [INFO] [DATA] TRXUSDT | now=0.3202 | entry=0.3173 | PnL=+0.91%
2026-06-18 02:32:07,788 [INFO] [DATA] RLUSDUSDT | now=1.0009 | entry=1.0008 | PnL=+0.01%
2026-06-18 02:32:07,902 [INFO] [DATA] WLDUSDT | now=0.6488 | entry=0.6348 | PnL=+2.21%
2026-06-18 02:32:08,026 [INFO] [DATA] XLMUSDT | now=0.2251 | entry=0.2262 | PnL=-0.49%
2026-06-18 02:32:08,143 [INFO] [DATA] ENAUSDT | now=0.0925 | entry=0.0897 | PnL=+3.12%
2026-06-18 02:32:08,260 [INFO] [DATA] AAVEUSDT | now=74.1200 | entry=75.0100 | PnL=-1.19%
2026-06-18 02:32:08,383 [INFO] [DATA] UNIUSDT | now=3.2670 | entry=3.3250 | PnL=-1.74%
2026-06-18 02:32:08,501 [INFO] [DATA] ONDOUSDT | now=0.3696 | entry=0.3748 | PnL=-1.39%
2026-06-18 02:32:08,501 [INFO] [INVENTORY] 8/10 slots used — 2 vacant.
2026-06-18 02:32:08,630 [INFO] [LIQUIDITY] Free USDT: $0.00
2026-06-18 02:32:08,630 [INFO] [STANDBY] Insufficient USDT (need $10.00).
2026-06-18 02:32:08,630 [INFO] [SLEEP] Sleeping for 120s…
2026-06-18 02:34:08,631 [INFO] ======================================================================
2026-06-18 02:34:08,631 [INFO] [LOOP] Cycle #163 | 2026-06-18 02:34:08
2026-06-18 02:34:08,631 [INFO] [MONITOR] Evaluating 8 open positions…
2026-06-18 02:34:08,751 [INFO] [DATA] TRXUSDT | now=0.3202 | entry=0.3173 | PnL=+0.91%
2026-06-18 02:34:08,868 [INFO] [DATA] RLUSDUSDT | now=1.0009 | entry=1.0008 | PnL=+0.01%
2026-06-18 02:34:08,984 [INFO] [DATA] WLDUSDT | now=0.6476 | entry=0.6348 | PnL=+2.02%
2026-06-18 02:34:09,107 [INFO] [DATA] XLMUSDT | now=0.2250 | entry=0.2262 | PnL=-0.53%
2026-06-18 02:34:09,227 [INFO] [DATA] ENAUSDT | now=0.0924 | entry=0.0897 | PnL=+3.01%
2026-06-18 02:34:09,349 [INFO] [DATA] AAVEUSDT | now=74.2000 | entry=75.0100 | PnL=-1.08%
2026-06-18 02:34:09,468 [INFO] [DATA] UNIUSDT | now=3.3060 | entry=3.3250 | PnL=-0.57%
2026-06-18 02:34:09,586 [INFO] [DATA] ONDOUSDT | now=0.3696 | entry=0.3748 | PnL=-1.39%
2026-06-18 02:34:09,586 [INFO] [INVENTORY] 8/10 slots used — 2 vacant.
2026-06-18 02:34:09,714 [INFO] [LIQUIDITY] Free USDT: $0.00
2026-06-18 02:34:09,714 [INFO] [STANDBY] Insufficient USDT (need $10.00).
2026-06-18 02:34:09,714 [INFO] [SLEEP] Sleeping for 120s…
2026-06-18 02:36:09,716 [INFO] ======================================================================
2026-06-18 02:36:09,716 [INFO] [LOOP] Cycle #164 | 2026-06-18 02:36:09
2026-06-18 02:36:09,716 [INFO] [MONITOR] Evaluating 8 open positions…
2026-06-18 02:36:09,837 [INFO] [DATA] TRXUSDT | now=0.3204 | entry=0.3173 | PnL=+0.98%
2026-06-18 02:36:09,955 [INFO] [DATA] RLUSDUSDT | now=1.0009 | entry=1.0008 | PnL=+0.01%
2026-06-18 02:36:10,071 [INFO] [DATA] WLDUSDT | now=0.6499 | entry=0.6348 | PnL=+2.38%
2026-06-18 02:36:10,191 [INFO] [DATA] XLMUSDT | now=0.2249 | entry=0.2262 | PnL=-0.57%
2026-06-18 02:36:10,311 [INFO] [DATA] ENAUSDT | now=0.0923 | entry=0.0897 | PnL=+2.90%
2026-06-18 02:36:10,429 [INFO] [DATA] AAVEUSDT | now=74.1000 | entry=75.0100 | PnL=-1.21%
2026-06-18 02:36:10,548 [INFO] [DATA] UNIUSDT | now=3.3040 | entry=3.3250 | PnL=-0.63%
2026-06-18 02:36:10,668 [INFO] [DATA] ONDOUSDT | now=0.3690 | entry=0.3748 | PnL=-1.55%
2026-06-18 02:36:10,668 [INFO] [INVENTORY] 8/10 slots used — 2 vacant.
2026-06-18 02:36:10,791 [INFO] [LIQUIDITY] Free USDT: $0.00
2026-06-18 02:36:10,791 [INFO] [STANDBY] Insufficient USDT (need $10.00).
2026-06-18 02:36:10,791 [INFO] [SLEEP] Sleeping for 120s…
2026-06-18 02:38:10,799 [INFO] ======================================================================
2026-06-18 02:38:10,799 [INFO] [LOOP] Cycle #165 | 2026-06-18 02:38:10
2026-06-18 02:38:10,799 [INFO] [MONITOR] Evaluating 8 open positions…
2026-06-18 02:38:10,917 [INFO] [DATA] TRXUSDT | now=0.3205 | entry=0.3173 | PnL=+1.01%
2026-06-18 02:38:11,035 [INFO] [DATA] RLUSDUSDT | now=1.0010 | entry=1.0008 | PnL=+0.02%
2026-06-18 02:38:11,150 [INFO] [DATA] WLDUSDT | now=0.6454 | entry=0.6348 | PnL=+1.67%
2026-06-18 02:38:11,298 [INFO] [DATA] XLMUSDT | now=0.2252 | entry=0.2262 | PnL=-0.44%
2026-06-18 02:38:11,422 [INFO] [DATA] ENAUSDT | now=0.0924 | entry=0.0897 | PnL=+3.01%
2026-06-18 02:38:11,539 [INFO] [DATA] AAVEUSDT | now=74.1700 | entry=75.0100 | PnL=-1.12%
2026-06-18 02:38:11,660 [INFO] [DATA] UNIUSDT | now=3.2910 | entry=3.3250 | PnL=-1.02%
2026-06-18 02:38:11,781 [INFO] [DATA] ONDOUSDT | now=0.3693 | entry=0.3748 | PnL=-1.47%
2026-06-18 02:38:11,781 [INFO] [INVENTORY] 8/10 slots used — 2 vacant.
2026-06-18 02:38:11,901 [INFO] [LIQUIDITY] Free USDT: $0.00
2026-06-18 02:38:11,901 [INFO] [STANDBY] Insufficient USDT (need $10.00).
2026-06-18 02:38:11,901 [INFO] [SLEEP] Sleeping for 120s…
2026-06-18 02:40:11,906 [INFO] ======================================================================
2026-06-18 02:40:11,906 [INFO] [LOOP] Cycle #166 | 2026-06-18 02:40:11
2026-06-18 02:40:11,906 [INFO] [MONITOR] Evaluating 8 open positions…
2026-06-18 02:40:12,027 [INFO] [DATA] TRXUSDT | now=0.3204 | entry=0.3173 | PnL=+0.98%
2026-06-18 02:40:12,143 [INFO] [DATA] RLUSDUSDT | now=1.0010 | entry=1.0008 | PnL=+0.02%
2026-06-18 02:40:12,259 [INFO] [DATA] WLDUSDT | now=0.6453 | entry=0.6348 | PnL=+1.65%
2026-06-18 02:40:12,381 [INFO] [DATA] XLMUSDT | now=0.2255 | entry=0.2262 | PnL=-0.31%
2026-06-18 02:40:12,503 [INFO] [DATA] ENAUSDT | now=0.0923 | entry=0.0897 | PnL=+2.90%
2026-06-18 02:40:12,618 [INFO] [DATA] AAVEUSDT | now=74.1300 | entry=75.0100 | PnL=-1.17%
2026-06-18 02:40:12,737 [INFO] [DATA] UNIUSDT | now=3.2820 | entry=3.3250 | PnL=-1.29%
2026-06-18 02:40:12,857 [INFO] [DATA] ONDOUSDT | now=0.3688 | entry=0.3748 | PnL=-1.60%
2026-06-18 02:40:12,857 [INFO] [INVENTORY] 8/10 slots used — 2 vacant.
2026-06-18 02:40:12,983 [INFO] [LIQUIDITY] Free USDT: $0.00
2026-06-18 02:40:12,984 [INFO] [STANDBY] Insufficient USDT (need $10.00).
2026-06-18 02:40:12,984 [INFO] [SLEEP] Sleeping for 120s…
2026-06-18 02:42:12,984 [INFO] ======================================================================
2026-06-18 02:42:12,984 [INFO] [LOOP] Cycle #167 | 2026-06-18 02:42:12
2026-06-18 02:42:12,984 [INFO] [MONITOR] Evaluating 8 open positions…
2026-06-18 02:42:13,105 [INFO] [DATA] TRXUSDT | now=0.3204 | entry=0.3173 | PnL=+0.98%
2026-06-18 02:42:13,225 [INFO] [DATA] RLUSDUSDT | now=1.0010 | entry=1.0008 | PnL=+0.02%
2026-06-18 02:42:13,338 [INFO] [DATA] WLDUSDT | now=0.6448 | entry=0.6348 | PnL=+1.58%
2026-06-18 02:42:13,455 [INFO] [DATA] XLMUSDT | now=0.2256 | entry=0.2262 | PnL=-0.27%
2026-06-18 02:42:13,577 [INFO] [DATA] ENAUSDT | now=0.0922 | entry=0.0897 | PnL=+2.79%
2026-06-18 02:42:13,695 [INFO] [DATA] AAVEUSDT | now=74.0200 | entry=75.0100 | PnL=-1.32%
2026-06-18 02:42:13,814 [INFO] [DATA] UNIUSDT | now=3.2770 | entry=3.3250 | PnL=-1.44%
2026-06-18 02:42:13,934 [INFO] [DATA] ONDOUSDT | now=0.3686 | entry=0.3748 | PnL=-1.65%
2026-06-18 02:42:13,934 [INFO] [INVENTORY] 8/10 slots used — 2 vacant.
2026-06-18 02:42:14,061 [INFO] [LIQUIDITY] Free USDT: $0.00
2026-06-18 02:42:14,062 [INFO] [STANDBY] Insufficient USDT (need $10.00).
2026-06-18 02:42:14,062 [INFO] [SLEEP] Sleeping for 120s…
2026-06-18 02:44:14,063 [INFO] ======================================================================
2026-06-18 02:44:14,063 [INFO] [LOOP] Cycle #168 | 2026-06-18 02:44:14
2026-06-18 02:44:14,063 [INFO] [MONITOR] Evaluating 8 open positions…
2026-06-18 02:44:14,183 [INFO] [DATA] TRXUSDT | now=0.3202 | entry=0.3173 | PnL=+0.91%
2026-06-18 02:44:14,303 [INFO] [DATA] RLUSDUSDT | now=1.0010 | entry=1.0008 | PnL=+0.02%
2026-06-18 02:44:14,416 [INFO] [DATA] WLDUSDT | now=0.6449 | entry=0.6348 | PnL=+1.59%
2026-06-18 02:44:14,535 [INFO] [DATA] XLMUSDT | now=0.2245 | entry=0.2262 | PnL=-0.75%
2026-06-18 02:44:14,653 [INFO] [DATA] ENAUSDT | now=0.0916 | entry=0.0897 | PnL=+2.12%
2026-06-18 02:44:14,775 [INFO] [DATA] AAVEUSDT | now=73.8200 | entry=75.0100 | PnL=-1.59%
2026-06-18 02:44:14,893 [INFO] [DATA] UNIUSDT | now=3.2670 | entry=3.3250 | PnL=-1.74%
2026-06-18 02:44:15,012 [INFO] [DATA] ONDOUSDT | now=0.3675 | entry=0.3748 | PnL=-1.95%
2026-06-18 02:44:15,012 [INFO] [INVENTORY] 8/10 slots used — 2 vacant.
2026-06-18 02:44:15,135 [INFO] [LIQUIDITY] Free USDT: $0.00
2026-06-18 02:44:15,135 [INFO] [STANDBY] Insufficient USDT (need $10.00).
2026-06-18 02:44:15,135 [INFO] [SLEEP] Sleeping for 120s…
2026-06-18 02:46:15,137 [INFO] ======================================================================
2026-06-18 02:46:15,137 [INFO] [LOOP] Cycle #169 | 2026-06-18 02:46:15
2026-06-18 02:46:15,137 [INFO] [MONITOR] Evaluating 8 open positions…
2026-06-18 02:46:15,257 [INFO] [DATA] TRXUSDT | now=0.3202 | entry=0.3173 | PnL=+0.91%
2026-06-18 02:46:15,376 [INFO] [DATA] RLUSDUSDT | now=1.0010 | entry=1.0008 | PnL=+0.02%
2026-06-18 02:46:15,491 [INFO] [DATA] WLDUSDT | now=0.6442 | entry=0.6348 | PnL=+1.48%
2026-06-18 02:46:15,610 [INFO] [DATA] XLMUSDT | now=0.2243 | entry=0.2262 | PnL=-0.84%
2026-06-18 02:46:15,729 [INFO] [DATA] ENAUSDT | now=0.0915 | entry=0.0897 | PnL=+2.01%
2026-06-18 02:46:15,849 [INFO] [DATA] AAVEUSDT | now=73.8400 | entry=75.0100 | PnL=-1.56%
2026-06-18 02:46:15,970 [INFO] [DATA] UNIUSDT | now=3.2660 | entry=3.3250 | PnL=-1.77%
2026-06-18 02:46:16,088 [INFO] [DATA] ONDOUSDT | now=0.3675 | entry=0.3748 | PnL=-1.95%
2026-06-18 02:46:16,088 [INFO] [INVENTORY] 8/10 slots used — 2 vacant.
2026-06-18 02:46:16,213 [INFO] [LIQUIDITY] Free USDT: $0.00
2026-06-18 02:46:16,214 [INFO] [STANDBY] Insufficient USDT (need $10.00).
2026-06-18 02:46:16,214 [INFO] [SLEEP] Sleeping for 120s…
2026-06-18 02:48:16,215 [INFO] ======================================================================
2026-06-18 02:48:16,215 [INFO] [LOOP] Cycle #170 | 2026-06-18 02:48:16
2026-06-18 02:48:16,215 [INFO] [MONITOR] Evaluating 8 open positions…
2026-06-18 02:48:16,333 [INFO] [DATA] TRXUSDT | now=0.3204 | entry=0.3173 | PnL=+0.98%
2026-06-18 02:48:16,436 [INFO] [DATA] RLUSDUSDT | now=1.0009 | entry=1.0008 | PnL=+0.01%
2026-06-18 02:48:16,561 [INFO] [DATA] WLDUSDT | now=0.6448 | entry=0.6348 | PnL=+1.58%
2026-06-18 02:48:16,671 [INFO] [DATA] XLMUSDT | now=0.2238 | entry=0.2262 | PnL=-1.06%
2026-06-18 02:48:16,795 [INFO] [DATA] ENAUSDT | now=0.0916 | entry=0.0897 | PnL=+2.12%
2026-06-18 02:48:16,914 [INFO] [DATA] AAVEUSDT | now=73.8300 | entry=75.0100 | PnL=-1.57%
2026-06-18 02:48:17,032 [INFO] [DATA] UNIUSDT | now=3.2700 | entry=3.3250 | PnL=-1.65%
2026-06-18 02:48:17,152 [INFO] [DATA] ONDOUSDT | now=0.3672 | entry=0.3748 | PnL=-2.03%
2026-06-18 02:48:17,152 [INFO] [INVENTORY] 8/10 slots used — 2 vacant.
2026-06-18 02:48:17,280 [INFO] [LIQUIDITY] Free USDT: $0.00
2026-06-18 02:48:17,280 [INFO] [STANDBY] Insufficient USDT (need $10.00).
2026-06-18 02:48:17,280 [INFO] [SLEEP] Sleeping for 120s…
2026-06-18 02:50:17,281 [INFO] ======================================================================
2026-06-18 02:50:17,281 [INFO] [LOOP] Cycle #171 | 2026-06-18 02:50:17
2026-06-18 02:50:17,281 [INFO] [MONITOR] Evaluating 8 open positions…
2026-06-18 02:50:17,403 [INFO] [DATA] TRXUSDT | now=0.3204 | entry=0.3173 | PnL=+0.98%
2026-06-18 02:50:17,521 [INFO] [DATA] RLUSDUSDT | now=1.0010 | entry=1.0008 | PnL=+0.02%
2026-06-18 02:50:17,633 [INFO] [DATA] WLDUSDT | now=0.6479 | entry=0.6348 | PnL=+2.06%
2026-06-18 02:50:17,753 [INFO] [DATA] XLMUSDT | now=0.2242 | entry=0.2262 | PnL=-0.88%
2026-06-18 02:50:17,874 [INFO] [DATA] ENAUSDT | now=0.0921 | entry=0.0897 | PnL=+2.68%
2026-06-18 02:50:17,994 [INFO] [DATA] AAVEUSDT | now=73.9000 | entry=75.0100 | PnL=-1.48%
2026-06-18 02:50:18,113 [INFO] [DATA] UNIUSDT | now=3.2750 | entry=3.3250 | PnL=-1.50%
2026-06-18 02:50:18,234 [INFO] [DATA] ONDOUSDT | now=0.3682 | entry=0.3748 | PnL=-1.76%
2026-06-18 02:50:18,234 [INFO] [INVENTORY] 8/10 slots used — 2 vacant.
2026-06-18 02:50:18,359 [INFO] [LIQUIDITY] Free USDT: $0.00
2026-06-18 02:50:18,359 [INFO] [STANDBY] Insufficient USDT (need $10.00).
2026-06-18 02:50:18,359 [INFO] [SLEEP] Sleeping for 120s…
2026-06-18 02:52:18,361 [INFO] ======================================================================
2026-06-18 02:52:18,361 [INFO] [LOOP] Cycle #172 | 2026-06-18 02:52:18
2026-06-18 02:52:18,361 [INFO] [MONITOR] Evaluating 8 open positions…
2026-06-18 02:52:18,484 [INFO] [DATA] TRXUSDT | now=0.3204 | entry=0.3173 | PnL=+0.98%
2026-06-18 02:52:18,599 [INFO] [DATA] RLUSDUSDT | now=1.0010 | entry=1.0008 | PnL=+0.02%
2026-06-18 02:52:18,713 [INFO] [DATA] WLDUSDT | now=0.6491 | entry=0.6348 | PnL=+2.25%
2026-06-18 02:52:18,832 [INFO] [DATA] XLMUSDT | now=0.2232 | entry=0.2262 | PnL=-1.33%
2026-06-18 02:52:18,950 [INFO] [DATA] ENAUSDT | now=0.0922 | entry=0.0897 | PnL=+2.79%
2026-06-18 02:52:19,069 [INFO] [DATA] AAVEUSDT | now=73.8800 | entry=75.0100 | PnL=-1.51%
2026-06-18 02:52:19,192 [INFO] [DATA] UNIUSDT | now=3.2770 | entry=3.3250 | PnL=-1.44%
2026-06-18 02:52:19,310 [INFO] [DATA] ONDOUSDT | now=0.3678 | entry=0.3748 | PnL=-1.87%
2026-06-18 02:52:19,310 [INFO] [INVENTORY] 8/10 slots used — 2 vacant.
2026-06-18 02:52:19,434 [INFO] [LIQUIDITY] Free USDT: $0.00
2026-06-18 02:52:19,434 [INFO] [STANDBY] Insufficient USDT (need $10.00).
2026-06-18 02:52:19,434 [INFO] [SLEEP] Sleeping for 120s…
2026-06-18 02:54:19,439 [INFO] ======================================================================
2026-06-18 02:54:19,439 [INFO] [LOOP] Cycle #173 | 2026-06-18 02:54:19
2026-06-18 02:54:19,439 [INFO] [MONITOR] Evaluating 8 open positions…
2026-06-18 02:54:19,561 [INFO] [DATA] TRXUSDT | now=0.3204 | entry=0.3173 | PnL=+0.98%
2026-06-18 02:54:19,679 [INFO] [DATA] RLUSDUSDT | now=1.0009 | entry=1.0008 | PnL=+0.01%
2026-06-18 02:54:19,793 [INFO] [DATA] WLDUSDT | now=0.6489 | entry=0.6348 | PnL=+2.22%
2026-06-18 02:54:19,914 [INFO] [DATA] XLMUSDT | now=0.2230 | entry=0.2262 | PnL=-1.41%
2026-06-18 02:54:20,036 [INFO] [DATA] ENAUSDT | now=0.0923 | entry=0.0897 | PnL=+2.90%
2026-06-18 02:54:20,156 [INFO] [DATA] AAVEUSDT | now=73.8800 | entry=75.0100 | PnL=-1.51%
2026-06-18 02:54:20,279 [INFO] [DATA] UNIUSDT | now=3.2820 | entry=3.3250 | PnL=-1.29%
2026-06-18 02:54:20,399 [INFO] [DATA] ONDOUSDT | now=0.3676 | entry=0.3748 | PnL=-1.92%
2026-06-18 02:54:20,399 [INFO] [INVENTORY] 8/10 slots used — 2 vacant.
2026-06-18 02:54:20,524 [INFO] [LIQUIDITY] Free USDT: $0.00
2026-06-18 02:54:20,524 [INFO] [STANDBY] Insufficient USDT (need $10.00).
2026-06-18 02:54:20,524 [INFO] [SLEEP] Sleeping for 120s…
2026-06-18 02:56:20,527 [INFO] ======================================================================
2026-06-18 02:56:20,527 [INFO] [LOOP] Cycle #174 | 2026-06-18 02:56:20
2026-06-18 02:56:20,527 [INFO] [MONITOR] Evaluating 8 open positions…
2026-06-18 02:56:20,644 [INFO] [DATA] TRXUSDT | now=0.3203 | entry=0.3173 | PnL=+0.95%
2026-06-18 02:56:20,758 [INFO] [DATA] RLUSDUSDT | now=1.0008 | entry=1.0008 | PnL=+0.00%
2026-06-18 02:56:20,878 [INFO] [DATA] WLDUSDT | now=0.6483 | entry=0.6348 | PnL=+2.13%
2026-06-18 02:56:20,997 [INFO] [DATA] XLMUSDT | now=0.2229 | entry=0.2262 | PnL=-1.46%
2026-06-18 02:56:21,118 [INFO] [DATA] ENAUSDT | now=0.0923 | entry=0.0897 | PnL=+2.90%
2026-06-18 02:56:21,234 [INFO] [DATA] AAVEUSDT | now=73.8500 | entry=75.0100 | PnL=-1.55%
2026-06-18 02:56:21,351 [INFO] [DATA] UNIUSDT | now=3.2780 | entry=3.3250 | PnL=-1.41%
2026-06-18 02:56:21,472 [INFO] [DATA] ONDOUSDT | now=0.3675 | entry=0.3748 | PnL=-1.95%
2026-06-18 02:56:21,472 [INFO] [INVENTORY] 8/10 slots used — 2 vacant.
2026-06-18 02:56:21,598 [INFO] [LIQUIDITY] Free USDT: $0.00
2026-06-18 02:56:21,598 [INFO] [STANDBY] Insufficient USDT (need $10.00).
2026-06-18 02:56:21,598 [INFO] [SLEEP] Sleeping for 120s…
2026-06-18 02:58:21,603 [INFO] ======================================================================
2026-06-18 02:58:21,603 [INFO] [LOOP] Cycle #175 | 2026-06-18 02:58:21
2026-06-18 02:58:21,603 [INFO] [MONITOR] Evaluating 8 open positions…
2026-06-18 02:58:21,725 [INFO] [DATA] TRXUSDT | now=0.3204 | entry=0.3173 | PnL=+0.98%
2026-06-18 02:58:21,840 [INFO] [DATA] RLUSDUSDT | now=1.0009 | entry=1.0008 | PnL=+0.01%
2026-06-18 02:58:21,961 [INFO] [DATA] WLDUSDT | now=0.6472 | entry=0.6348 | PnL=+1.95%
2026-06-18 02:58:22,078 [INFO] [DATA] XLMUSDT | now=0.2227 | entry=0.2262 | PnL=-1.55%
2026-06-18 02:58:22,196 [INFO] [DATA] ENAUSDT | now=0.0923 | entry=0.0897 | PnL=+2.90%
2026-06-18 02:58:22,318 [INFO] [DATA] AAVEUSDT | now=73.9300 | entry=75.0100 | PnL=-1.44%
2026-06-18 02:58:22,438 [INFO] [DATA] UNIUSDT | now=3.2900 | entry=3.3250 | PnL=-1.05%
2026-06-18 02:58:22,557 [INFO] [DATA] ONDOUSDT | now=0.3674 | entry=0.3748 | PnL=-1.97%
2026-06-18 02:58:22,557 [INFO] [INVENTORY] 8/10 slots used — 2 vacant.
2026-06-18 02:58:22,681 [INFO] [LIQUIDITY] Free USDT: $0.00
2026-06-18 02:58:22,681 [INFO] [STANDBY] Insufficient USDT (need $10.00).
2026-06-18 02:58:22,681 [INFO] [SLEEP] Sleeping for 120s…
2026-06-18 03:00:22,684 [INFO] ======================================================================
2026-06-18 03:00:22,684 [INFO] [LOOP] Cycle #176 | 2026-06-18 03:00:22
2026-06-18 03:00:22,684 [INFO] [MONITOR] Evaluating 8 open positions…
2026-06-18 03:00:22,802 [INFO] [DATA] TRXUSDT | now=0.3204 | entry=0.3173 | PnL=+0.98%
2026-06-18 03:00:22,909 [INFO] [DATA] RLUSDUSDT | now=1.0009 | entry=1.0008 | PnL=+0.01%
2026-06-18 03:00:23,034 [INFO] [DATA] WLDUSDT | now=0.6458 | entry=0.6348 | PnL=+1.73%
2026-06-18 03:00:23,155 [INFO] [DATA] XLMUSDT | now=0.2230 | entry=0.2262 | PnL=-1.41%
2026-06-18 03:00:23,275 [INFO] [DATA] ENAUSDT | now=0.0922 | entry=0.0897 | PnL=+2.79%
2026-06-18 03:00:23,393 [INFO] [DATA] AAVEUSDT | now=73.9400 | entry=75.0100 | PnL=-1.43%
2026-06-18 03:00:23,514 [INFO] [DATA] UNIUSDT | now=3.2890 | entry=3.3250 | PnL=-1.08%
2026-06-18 03:00:23,635 [INFO] [DATA] ONDOUSDT | now=0.3667 | entry=0.3748 | PnL=-2.16%
2026-06-18 03:00:23,635 [INFO] [INVENTORY] 8/10 slots used — 2 vacant.
2026-06-18 03:00:23,764 [INFO] [LIQUIDITY] Free USDT: $0.00
2026-06-18 03:00:23,764 [INFO] [STANDBY] Insufficient USDT (need $10.00).
2026-06-18 03:00:23,764 [INFO] [SLEEP] Sleeping for 120s…
2026-06-18 03:02:23,765 [INFO] ======================================================================
2026-06-18 03:02:23,765 [INFO] [LOOP] Cycle #177 | 2026-06-18 03:02:23
2026-06-18 03:02:23,765 [INFO] [MONITOR] Evaluating 8 open positions…
2026-06-18 03:02:23,885 [INFO] [DATA] TRXUSDT | now=0.3206 | entry=0.3173 | PnL=+1.04%
2026-06-18 03:02:24,003 [INFO] [DATA] RLUSDUSDT | now=1.0009 | entry=1.0008 | PnL=+0.01%
2026-06-18 03:02:24,118 [INFO] [DATA] WLDUSDT | now=0.6473 | entry=0.6348 | PnL=+1.97%
2026-06-18 03:02:24,238 [INFO] [DATA] XLMUSDT | now=0.2234 | entry=0.2262 | PnL=-1.24%
2026-06-18 03:02:24,347 [INFO] [DATA] ENAUSDT | now=0.0924 | entry=0.0897 | PnL=+3.01%
2026-06-18 03:02:24,474 [INFO] [DATA] AAVEUSDT | now=73.9200 | entry=75.0100 | PnL=-1.45%
2026-06-18 03:02:24,594 [INFO] [DATA] UNIUSDT | now=3.2830 | entry=3.3250 | PnL=-1.26%
2026-06-18 03:02:24,712 [INFO] [DATA] ONDOUSDT | now=0.3667 | entry=0.3748 | PnL=-2.16%
2026-06-18 03:02:24,712 [INFO] [INVENTORY] 8/10 slots used — 2 vacant.
2026-06-18 03:02:24,837 [INFO] [LIQUIDITY] Free USDT: $0.00
2026-06-18 03:02:24,838 [INFO] [STANDBY] Insufficient USDT (need $10.00).
2026-06-18 03:02:24,838 [INFO] [SLEEP] Sleeping for 120s…
2026-06-18 03:04:24,839 [INFO] ======================================================================
2026-06-18 03:04:24,839 [INFO] [LOOP] Cycle #178 | 2026-06-18 03:04:24
2026-06-18 03:04:24,839 [INFO] [MONITOR] Evaluating 8 open positions…
2026-06-18 03:04:24,958 [INFO] [DATA] TRXUSDT | now=0.3205 | entry=0.3173 | PnL=+1.01%
2026-06-18 03:04:25,077 [INFO] [DATA] RLUSDUSDT | now=1.0009 | entry=1.0008 | PnL=+0.01%
2026-06-18 03:04:25,192 [INFO] [DATA] WLDUSDT | now=0.6493 | entry=0.6348 | PnL=+2.28%
2026-06-18 03:04:25,310 [INFO] [DATA] XLMUSDT | now=0.2241 | entry=0.2262 | PnL=-0.93%
2026-06-18 03:04:25,433 [INFO] [DATA] ENAUSDT | now=0.0927 | entry=0.0897 | PnL=+3.34%
2026-06-18 03:04:25,550 [INFO] [DATA] AAVEUSDT | now=74.0100 | entry=75.0100 | PnL=-1.33%
2026-06-18 03:04:25,667 [INFO] [DATA] UNIUSDT | now=3.2680 | entry=3.3250 | PnL=-1.71%
2026-06-18 03:04:25,789 [INFO] [DATA] ONDOUSDT | now=0.3675 | entry=0.3748 | PnL=-1.95%
2026-06-18 03:04:25,789 [INFO] [INVENTORY] 8/10 slots used — 2 vacant.
2026-06-18 03:04:25,914 [INFO] [LIQUIDITY] Free USDT: $0.00
2026-06-18 03:04:25,914 [INFO] [STANDBY] Insufficient USDT (need $10.00).
2026-06-18 03:04:25,914 [INFO] [SLEEP] Sleeping for 120s…
2026-06-18 03:06:25,916 [INFO] ======================================================================
2026-06-18 03:06:25,916 [INFO] [LOOP] Cycle #179 | 2026-06-18 03:06:25
2026-06-18 03:06:25,916 [INFO] [MONITOR] Evaluating 8 open positions…
2026-06-18 03:06:26,032 [INFO] [DATA] TRXUSDT | now=0.3205 | entry=0.3173 | PnL=+1.01%
2026-06-18 03:06:26,144 [INFO] [DATA] RLUSDUSDT | now=1.0009 | entry=1.0008 | PnL=+0.01%
2026-06-18 03:06:26,264 [INFO] [DATA] WLDUSDT | now=0.6491 | entry=0.6348 | PnL=+2.25%
2026-06-18 03:06:26,384 [INFO] [DATA] XLMUSDT | now=0.2241 | entry=0.2262 | PnL=-0.93%
2026-06-18 03:06:26,504 [INFO] [DATA] ENAUSDT | now=0.0925 | entry=0.0897 | PnL=+3.12%
2026-06-18 03:06:26,624 [INFO] [DATA] AAVEUSDT | now=73.9400 | entry=75.0100 | PnL=-1.43%
2026-06-18 03:06:26,744 [INFO] [DATA] UNIUSDT | now=3.2780 | entry=3.3250 | PnL=-1.41%
2026-06-18 03:06:26,860 [INFO] [DATA] ONDOUSDT | now=0.3671 | entry=0.3748 | PnL=-2.05%
2026-06-18 03:06:26,860 [INFO] [INVENTORY] 8/10 slots used — 2 vacant.
2026-06-18 03:06:26,980 [INFO] [LIQUIDITY] Free USDT: $0.00
2026-06-18 03:06:26,980 [INFO] [STANDBY] Insufficient USDT (need $10.00).
2026-06-18 03:06:26,980 [INFO] [SLEEP] Sleeping for 120s…
2026-06-18 03:08:26,990 [INFO] ======================================================================
2026-06-18 03:08:26,990 [INFO] [LOOP] Cycle #180 | 2026-06-18 03:08:26
2026-06-18 03:08:26,990 [INFO] [MONITOR] Evaluating 8 open positions…
2026-06-18 03:08:27,112 [INFO] [DATA] TRXUSDT | now=0.3206 | entry=0.3173 | PnL=+1.04%
2026-06-18 03:08:27,217 [INFO] [DATA] RLUSDUSDT | now=1.0009 | entry=1.0008 | PnL=+0.01%
2026-06-18 03:08:27,344 [INFO] [DATA] WLDUSDT | now=0.6465 | entry=0.6348 | PnL=+1.84%
2026-06-18 03:08:27,463 [INFO] [DATA] XLMUSDT | now=0.2245 | entry=0.2262 | PnL=-0.75%
2026-06-18 03:08:27,583 [INFO] [DATA] ENAUSDT | now=0.0925 | entry=0.0897 | PnL=+3.12%
2026-06-18 03:08:27,706 [INFO] [DATA] AAVEUSDT | now=73.9200 | entry=75.0100 | PnL=-1.45%
2026-06-18 03:08:27,813 [INFO] [DATA] UNIUSDT | now=3.2760 | entry=3.3250 | PnL=-1.47%
2026-06-18 03:08:27,938 [INFO] [DATA] ONDOUSDT | now=0.3670 | entry=0.3748 | PnL=-2.08%
2026-06-18 03:08:27,938 [INFO] [INVENTORY] 8/10 slots used — 2 vacant.
2026-06-18 03:08:28,066 [INFO] [LIQUIDITY] Free USDT: $0.00
2026-06-18 03:08:28,067 [INFO] [STANDBY] Insufficient USDT (need $10.00).
2026-06-18 03:08:28,067 [INFO] [SLEEP] Sleeping for 120s…
2026-06-18 03:10:28,068 [INFO] ======================================================================
2026-06-18 03:10:28,068 [INFO] [LOOP] Cycle #181 | 2026-06-18 03:10:28
2026-06-18 03:10:28,068 [INFO] [MONITOR] Evaluating 8 open positions…
2026-06-18 03:10:28,188 [INFO] [DATA] TRXUSDT | now=0.3206 | entry=0.3173 | PnL=+1.04%
2026-06-18 03:10:28,307 [INFO] [DATA] RLUSDUSDT | now=1.0009 | entry=1.0008 | PnL=+0.01%
2026-06-18 03:10:28,420 [INFO] [DATA] WLDUSDT | now=0.6439 | entry=0.6348 | PnL=+1.43%
2026-06-18 03:10:28,542 [INFO] [DATA] XLMUSDT | now=0.2242 | entry=0.2262 | PnL=-0.88%
2026-06-18 03:10:28,661 [INFO] [DATA] ENAUSDT | now=0.0925 | entry=0.0897 | PnL=+3.12%
2026-06-18 03:10:28,778 [INFO] [DATA] AAVEUSDT | now=73.8000 | entry=75.0100 | PnL=-1.61%
2026-06-18 03:10:28,898 [INFO] [DATA] UNIUSDT | now=3.2650 | entry=3.3250 | PnL=-1.80%
2026-06-18 03:10:29,019 [INFO] [DATA] ONDOUSDT | now=0.3663 | entry=0.3748 | PnL=-2.27%
2026-06-18 03:10:29,019 [INFO] [INVENTORY] 8/10 slots used — 2 vacant.
2026-06-18 03:10:29,144 [INFO] [LIQUIDITY] Free USDT: $0.00
2026-06-18 03:10:29,145 [INFO] [STANDBY] Insufficient USDT (need $10.00).
2026-06-18 03:10:29,145 [INFO] [SLEEP] Sleeping for 120s…
2026-06-18 03:12:29,146 [INFO] ======================================================================
2026-06-18 03:12:29,146 [INFO] [LOOP] Cycle #182 | 2026-06-18 03:12:29
2026-06-18 03:12:29,146 [INFO] [MONITOR] Evaluating 8 open positions…
2026-06-18 03:12:29,269 [INFO] [DATA] TRXUSDT | now=0.3205 | entry=0.3173 | PnL=+1.01%
2026-06-18 03:12:29,389 [INFO] [DATA] RLUSDUSDT | now=1.0008 | entry=1.0008 | PnL=+0.00%
2026-06-18 03:12:29,503 [INFO] [DATA] WLDUSDT | now=0.6419 | entry=0.6348 | PnL=+1.12%
2026-06-18 03:12:29,622 [INFO] [DATA] XLMUSDT | now=0.2240 | entry=0.2262 | PnL=-0.97%
2026-06-18 03:12:29,741 [INFO] [DATA] ENAUSDT | now=0.0923 | entry=0.0897 | PnL=+2.90%
2026-06-18 03:12:29,860 [INFO] [DATA] AAVEUSDT | now=73.6700 | entry=75.0100 | PnL=-1.79%
2026-06-18 03:12:29,980 [INFO] [DATA] UNIUSDT | now=3.2490 | entry=3.3250 | PnL=-2.29%
2026-06-18 03:12:30,102 [INFO] [DATA] ONDOUSDT | now=0.3648 | entry=0.3748 | PnL=-2.67%
2026-06-18 03:12:30,102 [INFO] [INVENTORY] 8/10 slots used — 2 vacant.
2026-06-18 03:12:30,225 [INFO] [LIQUIDITY] Free USDT: $0.00
2026-06-18 03:12:30,225 [INFO] [STANDBY] Insufficient USDT (need $10.00).
2026-06-18 03:12:30,225 [INFO] [SLEEP] Sleeping for 120s…
2026-06-18 03:14:30,226 [INFO] ======================================================================
2026-06-18 03:14:30,226 [INFO] [LOOP] Cycle #183 | 2026-06-18 03:14:30
2026-06-18 03:14:30,226 [INFO] [MONITOR] Evaluating 8 open positions…
2026-06-18 03:14:30,344 [INFO] [DATA] TRXUSDT | now=0.3205 | entry=0.3173 | PnL=+1.01%
2026-06-18 03:14:30,450 [INFO] [DATA] RLUSDUSDT | now=1.0009 | entry=1.0008 | PnL=+0.01%
2026-06-18 03:14:30,577 [INFO] [DATA] WLDUSDT | now=0.6406 | entry=0.6348 | PnL=+0.91%
2026-06-18 03:14:30,695 [INFO] [DATA] XLMUSDT | now=0.2237 | entry=0.2262 | PnL=-1.11%
2026-06-18 03:14:30,817 [INFO] [DATA] ENAUSDT | now=0.0919 | entry=0.0897 | PnL=+2.45%
2026-06-18 03:14:30,935 [INFO] [DATA] AAVEUSDT | now=73.6000 | entry=75.0100 | PnL=-1.88%
2026-06-18 03:14:31,055 [INFO] [DATA] UNIUSDT | now=3.2510 | entry=3.3250 | PnL=-2.23%
2026-06-18 03:14:31,169 [INFO] [DATA] ONDOUSDT | now=0.3637 | entry=0.3748 | PnL=-2.96%
2026-06-18 03:14:31,169 [INFO] [INVENTORY] 8/10 slots used — 2 vacant.
2026-06-18 03:14:31,299 [INFO] [LIQUIDITY] Free USDT: $0.00
2026-06-18 03:14:31,299 [INFO] [STANDBY] Insufficient USDT (need $10.00).
2026-06-18 03:14:31,300 [INFO] [SLEEP] Sleeping for 120s…
2026-06-18 03:16:31,301 [INFO] ======================================================================
2026-06-18 03:16:31,301 [INFO] [LOOP] Cycle #184 | 2026-06-18 03:16:31
2026-06-18 03:16:31,301 [INFO] [MONITOR] Evaluating 8 open positions…
2026-06-18 03:16:31,422 [INFO] [DATA] TRXUSDT | now=0.3206 | entry=0.3173 | PnL=+1.04%
2026-06-18 03:16:31,537 [INFO] [DATA] RLUSDUSDT | now=1.0008 | entry=1.0008 | PnL=+0.00%
2026-06-18 03:16:31,656 [INFO] [DATA] WLDUSDT | now=0.6387 | entry=0.6348 | PnL=+0.61%
2026-06-18 03:16:31,779 [INFO] [DATA] XLMUSDT | now=0.2233 | entry=0.2262 | PnL=-1.28%
2026-06-18 03:16:31,899 [INFO] [DATA] ENAUSDT | now=0.0915 | entry=0.0897 | PnL=+2.01%
2026-06-18 03:16:32,019 [INFO] [DATA] AAVEUSDT | now=73.4600 | entry=75.0100 | PnL=-2.07%
2026-06-18 03:16:32,137 [INFO] [DATA] UNIUSDT | now=3.2400 | entry=3.3250 | PnL=-2.56%
2026-06-18 03:16:32,260 [INFO] [DATA] ONDOUSDT | now=0.3626 | entry=0.3748 | PnL=-3.26%
2026-06-18 03:16:32,260 [INFO] [EXIT] SL hit for ONDOUSDT.
2026-06-18 03:16:32,988 [ERROR] [EXIT] Binance error exiting ONDOUSDT: APIError(code=-2015): Invalid API-key, IP, or permissions for action.
2026-06-18 03:16:32,988 [WARNING] [EXIT] ONDOUSDT: sell attempt 1/3 failed — will retry next cycle.
2026-06-18 03:16:32,993 [INFO] [INVENTORY] 8/10 slots used — 2 vacant.
2026-06-18 03:16:33,114 [INFO] [LIQUIDITY] Free USDT: $0.00
2026-06-18 03:16:33,114 [INFO] [STANDBY] Insufficient USDT (need $10.00).
2026-06-18 03:16:33,114 [INFO] [SLEEP] Sleeping for 120s…
2026-06-18 03:18:33,116 [INFO] ======================================================================
2026-06-18 03:18:33,116 [INFO] [LOOP] Cycle #185 | 2026-06-18 03:18:33
2026-06-18 03:18:33,116 [INFO] [MONITOR] Evaluating 8 open positions…
2026-06-18 03:18:33,236 [INFO] [DATA] TRXUSDT | now=0.3207 | entry=0.3173 | PnL=+1.07%
2026-06-18 03:18:33,357 [INFO] [DATA] RLUSDUSDT | now=1.0008 | entry=1.0008 | PnL=+0.00%
2026-06-18 03:18:33,471 [INFO] [DATA] WLDUSDT | now=0.6381 | entry=0.6348 | PnL=+0.52%
2026-06-18 03:18:33,593 [INFO] [DATA] XLMUSDT | now=0.2233 | entry=0.2262 | PnL=-1.28%
2026-06-18 03:18:33,713 [INFO] [DATA] ENAUSDT | now=0.0912 | entry=0.0897 | PnL=+1.67%
2026-06-18 03:18:33,831 [INFO] [DATA] AAVEUSDT | now=73.4300 | entry=75.0100 | PnL=-2.11%
2026-06-18 03:18:33,950 [INFO] [DATA] UNIUSDT | now=3.2380 | entry=3.3250 | PnL=-2.62%
2026-06-18 03:18:34,068 [INFO] [DATA] ONDOUSDT | now=0.3620 | entry=0.3748 | PnL=-3.42%
2026-06-18 03:18:34,068 [INFO] [EXIT] SL hit for ONDOUSDT.
2026-06-18 03:18:34,799 [ERROR] [EXIT] Binance error exiting ONDOUSDT: APIError(code=-2015): Invalid API-key, IP, or permissions for action.
2026-06-18 03:18:34,800 [WARNING] [EXIT] ONDOUSDT: sell attempt 2/3 failed — will retry next cycle.
2026-06-18 03:18:34,804 [INFO] [INVENTORY] 8/10 slots used — 2 vacant.
2026-06-18 03:18:34,919 [INFO] [LIQUIDITY] Free USDT: $0.00
2026-06-18 03:18:34,919 [INFO] [STANDBY] Insufficient USDT (need $10.00).
2026-06-18 03:18:34,919 [INFO] [SLEEP] Sleeping for 120s…
2026-06-18 03:20:34,926 [INFO] ======================================================================
2026-06-18 03:20:34,926 [INFO] [LOOP] Cycle #186 | 2026-06-18 03:20:34
2026-06-18 03:20:34,926 [INFO] [MONITOR] Evaluating 8 open positions…
2026-06-18 03:20:35,047 [INFO] [DATA] TRXUSDT | now=0.3207 | entry=0.3173 | PnL=+1.07%
2026-06-18 03:20:35,165 [INFO] [DATA] RLUSDUSDT | now=1.0008 | entry=1.0008 | PnL=+0.00%
2026-06-18 03:20:35,279 [INFO] [DATA] WLDUSDT | now=0.6386 | entry=0.6348 | PnL=+0.60%
2026-06-18 03:20:35,404 [INFO] [DATA] XLMUSDT | now=0.2239 | entry=0.2262 | PnL=-1.02%
2026-06-18 03:20:35,521 [INFO] [DATA] ENAUSDT | now=0.0913 | entry=0.0897 | PnL=+1.78%
2026-06-18 03:20:35,638 [INFO] [DATA] AAVEUSDT | now=73.4400 | entry=75.0100 | PnL=-2.09%
2026-06-18 03:20:35,759 [INFO] [DATA] UNIUSDT | now=3.2400 | entry=3.3250 | PnL=-2.56%
2026-06-18 03:20:35,878 [INFO] [DATA] ONDOUSDT | now=0.3628 | entry=0.3748 | PnL=-3.20%
2026-06-18 03:20:35,878 [INFO] [EXIT] SL hit for ONDOUSDT.
2026-06-18 03:20:36,627 [ERROR] [EXIT] Binance error exiting ONDOUSDT: APIError(code=-2015): Invalid API-key, IP, or permissions for action.
2026-06-18 03:20:36,627 [ERROR] [EXIT] ONDOUSDT: sell failed 3 times in a row. Removing from tracked positions — PLEASE SELL MANUALLY on Binance.
2026-06-18 03:20:36,631 [INFO] [INVENTORY] 7/10 slots used — 3 vacant.
2026-06-18 03:20:36,752 [INFO] [LIQUIDITY] Free USDT: $0.00
2026-06-18 03:20:36,753 [INFO] [STANDBY] Insufficient USDT (need $10.00).
2026-06-18 03:20:36,753 [INFO] [SLEEP] Sleeping for 120s…
2026-06-18 03:22:36,754 [INFO] ======================================================================
2026-06-18 03:22:36,754 [INFO] [LOOP] Cycle #187 | 2026-06-18 03:22:36
2026-06-18 03:22:36,754 [INFO] [MONITOR] Evaluating 7 open positions…
2026-06-18 03:22:36,875 [INFO] [DATA] TRXUSDT | now=0.3207 | entry=0.3173 | PnL=+1.07%
2026-06-18 03:22:36,994 [INFO] [DATA] RLUSDUSDT | now=1.0008 | entry=1.0008 | PnL=+0.00%
2026-06-18 03:22:37,111 [INFO] [DATA] WLDUSDT | now=0.6393 | entry=0.6348 | PnL=+0.71%
2026-06-18 03:22:37,228 [INFO] [DATA] XLMUSDT | now=0.2240 | entry=0.2262 | PnL=-0.97%
2026-06-18 03:22:37,349 [INFO] [DATA] ENAUSDT | now=0.0909 | entry=0.0897 | PnL=+1.34%
2026-06-18 03:22:37,468 [INFO] [DATA] AAVEUSDT | now=73.4700 | entry=75.0100 | PnL=-2.05%
2026-06-18 03:22:37,587 [INFO] [DATA] UNIUSDT | now=3.2410 | entry=3.3250 | PnL=-2.53%
2026-06-18 03:22:37,587 [INFO] [INVENTORY] 7/10 slots used — 3 vacant.
2026-06-18 03:22:37,705 [INFO] [LIQUIDITY] Free USDT: $0.00
2026-06-18 03:22:37,705 [INFO] [STANDBY] Insufficient USDT (need $10.00).
2026-06-18 03:22:37,705 [INFO] [SLEEP] Sleeping for 120s…
2026-06-18 03:24:37,714 [INFO] ======================================================================
2026-06-18 03:24:37,714 [INFO] [LOOP] Cycle #188 | 2026-06-18 03:24:37
2026-06-18 03:24:37,714 [INFO] [MONITOR] Evaluating 7 open positions…
2026-06-18 03:24:37,832 [INFO] [DATA] TRXUSDT | now=0.3207 | entry=0.3173 | PnL=+1.07%
2026-06-18 03:24:37,941 [INFO] [DATA] RLUSDUSDT | now=1.0008 | entry=1.0008 | PnL=+0.00%
2026-06-18 03:24:38,055 [INFO] [DATA] WLDUSDT | now=0.6413 | entry=0.6348 | PnL=+1.02%
2026-06-18 03:24:38,185 [INFO] [DATA] XLMUSDT | now=0.2246 | entry=0.2262 | PnL=-0.71%
2026-06-18 03:24:38,300 [INFO] [DATA] ENAUSDT | now=0.0910 | entry=0.0897 | PnL=+1.45%
2026-06-18 03:24:38,418 [INFO] [DATA] AAVEUSDT | now=73.4400 | entry=75.0100 | PnL=-2.09%
2026-06-18 03:24:38,554 [INFO] [DATA] UNIUSDT | now=3.2400 | entry=3.3250 | PnL=-2.56%
2026-06-18 03:24:38,554 [INFO] [INVENTORY] 7/10 slots used — 3 vacant.
2026-06-18 03:24:38,673 [INFO] [LIQUIDITY] Free USDT: $0.00
2026-06-18 03:24:38,673 [INFO] [STANDBY] Insufficient USDT (need $10.00).
2026-06-18 03:24:38,673 [INFO] [SLEEP] Sleeping for 120s…
2026-06-18 03:26:38,683 [INFO] ======================================================================
2026-06-18 03:26:38,683 [INFO] [LOOP] Cycle #189 | 2026-06-18 03:26:38
2026-06-18 03:26:38,683 [INFO] [MONITOR] Evaluating 7 open positions…
2026-06-18 03:26:38,803 [INFO] [DATA] TRXUSDT | now=0.3208 | entry=0.3173 | PnL=+1.10%
2026-06-18 03:26:38,911 [INFO] [DATA] RLUSDUSDT | now=1.0008 | entry=1.0008 | PnL=+0.00%
2026-06-18 03:26:39,036 [INFO] [DATA] WLDUSDT | now=0.6408 | entry=0.6348 | PnL=+0.95%
2026-06-18 03:26:39,158 [INFO] [DATA] XLMUSDT | now=0.2245 | entry=0.2262 | PnL=-0.75%
2026-06-18 03:26:39,276 [INFO] [DATA] ENAUSDT | now=0.0899 | entry=0.0897 | PnL=+0.22%
2026-06-18 03:26:39,397 [INFO] [DATA] AAVEUSDT | now=73.3600 | entry=75.0100 | PnL=-2.20%
2026-06-18 03:26:39,519 [INFO] [DATA] UNIUSDT | now=3.2310 | entry=3.3250 | PnL=-2.83%
2026-06-18 03:26:39,519 [INFO] [INVENTORY] 7/10 slots used — 3 vacant.
2026-06-18 03:26:39,638 [INFO] [LIQUIDITY] Free USDT: $0.00
2026-06-18 03:26:39,638 [INFO] [STANDBY] Insufficient USDT (need $10.00).
2026-06-18 03:26:39,638 [INFO] [SLEEP] Sleeping for 120s…
2026-06-18 03:28:39,647 [INFO] ======================================================================
2026-06-18 03:28:39,647 [INFO] [LOOP] Cycle #190 | 2026-06-18 03:28:39
2026-06-18 03:28:39,647 [INFO] [MONITOR] Evaluating 7 open positions…
2026-06-18 03:28:39,766 [INFO] [DATA] TRXUSDT | now=0.3208 | entry=0.3173 | PnL=+1.10%
2026-06-18 03:28:39,871 [INFO] [DATA] RLUSDUSDT | now=1.0009 | entry=1.0008 | PnL=+0.01%
2026-06-18 03:28:39,997 [INFO] [DATA] WLDUSDT | now=0.6423 | entry=0.6348 | PnL=+1.18%
2026-06-18 03:28:40,116 [INFO] [DATA] XLMUSDT | now=0.2242 | entry=0.2262 | PnL=-0.88%
2026-06-18 03:28:40,237 [INFO] [DATA] ENAUSDT | now=0.0901 | entry=0.0897 | PnL=+0.45%
2026-06-18 03:28:40,354 [INFO] [DATA] AAVEUSDT | now=73.4700 | entry=75.0100 | PnL=-2.05%
2026-06-18 03:28:40,470 [INFO] [DATA] UNIUSDT | now=3.2460 | entry=3.3250 | PnL=-2.38%
2026-06-18 03:28:40,470 [INFO] [INVENTORY] 7/10 slots used — 3 vacant.
2026-06-18 03:28:40,590 [INFO] [LIQUIDITY] Free USDT: $0.00
2026-06-18 03:28:40,590 [INFO] [STANDBY] Insufficient USDT (need $10.00).
2026-06-18 03:28:40,590 [INFO] [SLEEP] Sleeping for 120s…
2026-06-18 03:30:40,598 [INFO] ======================================================================
2026-06-18 03:30:40,598 [INFO] [LOOP] Cycle #191 | 2026-06-18 03:30:40
2026-06-18 03:30:40,598 [INFO] [MONITOR] Evaluating 7 open positions…
2026-06-18 03:30:40,718 [INFO] [DATA] TRXUSDT | now=0.3208 | entry=0.3173 | PnL=+1.10%
2026-06-18 03:30:40,834 [INFO] [DATA] RLUSDUSDT | now=1.0008 | entry=1.0008 | PnL=+0.00%
2026-06-18 03:30:40,951 [INFO] [DATA] WLDUSDT | now=0.6399 | entry=0.6348 | PnL=+0.80%
2026-06-18 03:30:41,071 [INFO] [DATA] XLMUSDT | now=0.2234 | entry=0.2262 | PnL=-1.24%
2026-06-18 03:30:41,191 [INFO] [DATA] ENAUSDT | now=0.0900 | entry=0.0897 | PnL=+0.33%
2026-06-18 03:30:41,313 [INFO] [DATA] AAVEUSDT | now=73.2200 | entry=75.0100 | PnL=-2.39%
2026-06-18 03:30:41,430 [INFO] [DATA] UNIUSDT | now=3.2470 | entry=3.3250 | PnL=-2.35%
2026-06-18 03:30:41,430 [INFO] [INVENTORY] 7/10 slots used — 3 vacant.
2026-06-18 03:30:41,549 [INFO] [LIQUIDITY] Free USDT: $0.00
2026-06-18 03:30:41,549 [INFO] [STANDBY] Insufficient USDT (need $10.00).
2026-06-18 03:30:41,549 [INFO] [SLEEP] Sleeping for 120s…
2026-06-18 03:32:41,558 [INFO] ======================================================================
2026-06-18 03:32:41,558 [INFO] [LOOP] Cycle #192 | 2026-06-18 03:32:41
2026-06-18 03:32:41,558 [INFO] [MONITOR] Evaluating 7 open positions…
2026-06-18 03:32:41,676 [INFO] [DATA] TRXUSDT | now=0.3205 | entry=0.3173 | PnL=+1.01%
2026-06-18 03:32:41,782 [INFO] [DATA] RLUSDUSDT | now=1.0008 | entry=1.0008 | PnL=+0.00%
2026-06-18 03:32:41,907 [INFO] [DATA] WLDUSDT | now=0.6362 | entry=0.6348 | PnL=+0.22%
2026-06-18 03:32:42,026 [INFO] [DATA] XLMUSDT | now=0.2223 | entry=0.2262 | PnL=-1.72%
2026-06-18 03:32:42,147 [INFO] [DATA] ENAUSDT | now=0.0894 | entry=0.0897 | PnL=-0.33%
2026-06-18 03:32:42,266 [INFO] [DATA] AAVEUSDT | now=72.6200 | entry=75.0100 | PnL=-3.19%
2026-06-18 03:32:42,266 [INFO] [EXIT] SL hit for AAVEUSDT.
2026-06-18 03:32:42,969 [ERROR] [EXIT] Binance error exiting AAVEUSDT: APIError(code=-2015): Invalid API-key, IP, or permissions for action.
2026-06-18 03:32:42,970 [WARNING] [EXIT] AAVEUSDT: sell attempt 1/3 failed — will retry next cycle.
2026-06-18 03:32:43,078 [INFO] [DATA] UNIUSDT | now=3.2210 | entry=3.3250 | PnL=-3.13%
2026-06-18 03:32:43,078 [INFO] [INVENTORY] 7/10 slots used — 3 vacant.
2026-06-18 03:32:43,206 [INFO] [LIQUIDITY] Free USDT: $0.00
2026-06-18 03:32:43,206 [INFO] [STANDBY] Insufficient USDT (need $10.00).
2026-06-18 03:32:43,206 [INFO] [SLEEP] Sleeping for 120s…
2026-06-18 03:34:43,213 [INFO] ======================================================================
2026-06-18 03:34:43,213 [INFO] [LOOP] Cycle #193 | 2026-06-18 03:34:43
2026-06-18 03:34:43,213 [INFO] [MONITOR] Evaluating 7 open positions…
2026-06-18 03:34:43,336 [INFO] [DATA] TRXUSDT | now=0.3205 | entry=0.3173 | PnL=+1.01%
2026-06-18 03:34:43,452 [INFO] [DATA] RLUSDUSDT | now=1.0008 | entry=1.0008 | PnL=+0.00%
2026-06-18 03:34:43,568 [INFO] [DATA] WLDUSDT | now=0.6372 | entry=0.6348 | PnL=+0.38%
2026-06-18 03:34:43,687 [INFO] [DATA] XLMUSDT | now=0.2218 | entry=0.2262 | PnL=-1.95%
2026-06-18 03:34:43,807 [INFO] [DATA] ENAUSDT | now=0.0894 | entry=0.0897 | PnL=-0.33%
2026-06-18 03:34:43,929 [INFO] [DATA] UNIUSDT | now=3.2340 | entry=3.3250 | PnL=-2.74%
2026-06-18 03:34:44,049 [INFO] [DATA] AAVEUSDT | now=72.9000 | entry=75.0100 | PnL=-2.81%
2026-06-18 03:34:44,049 [INFO] [EXIT] SL hit for AAVEUSDT.
2026-06-18 03:34:44,769 [ERROR] [EXIT] Binance error exiting AAVEUSDT: APIError(code=-2015): Invalid API-key, IP, or permissions for action.
2026-06-18 03:34:44,770 [WARNING] [EXIT] AAVEUSDT: sell attempt 2/3 failed — will retry next cycle.
2026-06-18 03:34:44,774 [INFO] [INVENTORY] 7/10 slots used — 3 vacant.
2026-06-18 03:34:44,893 [INFO] [LIQUIDITY] Free USDT: $0.00
2026-06-18 03:34:44,893 [INFO] [STANDBY] Insufficient USDT (need $10.00).
2026-06-18 03:34:44,893 [INFO] [SLEEP] Sleeping for 120s…
2026-06-18 03:36:44,894 [INFO] ======================================================================
2026-06-18 03:36:44,894 [INFO] [LOOP] Cycle #194 | 2026-06-18 03:36:44
2026-06-18 03:36:44,894 [INFO] [MONITOR] Evaluating 7 open positions…
2026-06-18 03:36:45,016 [INFO] [DATA] TRXUSDT | now=0.3206 | entry=0.3173 | PnL=+1.04%
2026-06-18 03:36:45,352 [INFO] [DATA] RLUSDUSDT | now=1.0008 | entry=1.0008 | PnL=+0.00%
2026-06-18 03:36:45,466 [INFO] [DATA] WLDUSDT | now=0.6394 | entry=0.6348 | PnL=+0.72%
2026-06-18 03:36:45,587 [INFO] [DATA] XLMUSDT | now=0.2228 | entry=0.2262 | PnL=-1.50%
2026-06-18 03:36:45,706 [INFO] [DATA] ENAUSDT | now=0.0897 | entry=0.0897 | PnL=+0.00%
2026-06-18 03:36:45,827 [INFO] [DATA] UNIUSDT | now=3.2480 | entry=3.3250 | PnL=-2.32%
2026-06-18 03:36:45,960 [INFO] [DATA] AAVEUSDT | now=73.1500 | entry=75.0100 | PnL=-2.48%
2026-06-18 03:36:45,960 [INFO] [EXIT] SL hit for AAVEUSDT.
2026-06-18 03:36:46,876 [ERROR] [EXIT] Binance error exiting AAVEUSDT: APIError(code=-2015): Invalid API-key, IP, or permissions for action.
2026-06-18 03:36:46,876 [ERROR] [EXIT] AAVEUSDT: sell failed 3 times in a row. Removing from tracked positions — PLEASE SELL MANUALLY on Binance.
2026-06-18 03:36:46,880 [INFO] [INVENTORY] 6/10 slots used — 4 vacant.
2026-06-18 03:36:46,999 [INFO] [LIQUIDITY] Free USDT: $0.00
2026-06-18 03:36:47,000 [INFO] [STANDBY] Insufficient USDT (need $10.00).
2026-06-18 03:36:47,000 [INFO] [SLEEP] Sleeping for 120s…
2026-06-18 03:38:47,001 [INFO] ======================================================================
2026-06-18 03:38:47,001 [INFO] [LOOP] Cycle #195 | 2026-06-18 03:38:47
2026-06-18 03:38:47,001 [INFO] [MONITOR] Evaluating 6 open positions…
2026-06-18 03:38:47,121 [INFO] [DATA] TRXUSDT | now=0.3205 | entry=0.3173 | PnL=+1.01%
2026-06-18 03:38:47,239 [INFO] [DATA] RLUSDUSDT | now=1.0008 | entry=1.0008 | PnL=+0.00%
2026-06-18 03:38:47,356 [INFO] [DATA] WLDUSDT | now=0.6391 | entry=0.6348 | PnL=+0.68%
2026-06-18 03:38:47,475 [INFO] [DATA] XLMUSDT | now=0.2234 | entry=0.2262 | PnL=-1.24%
2026-06-18 03:38:47,592 [INFO] [DATA] ENAUSDT | now=0.0900 | entry=0.0897 | PnL=+0.33%
2026-06-18 03:38:47,709 [INFO] [DATA] UNIUSDT | now=3.2650 | entry=3.3250 | PnL=-1.80%
2026-06-18 03:38:47,709 [INFO] [INVENTORY] 6/10 slots used — 4 vacant.
2026-06-18 03:38:47,831 [INFO] [LIQUIDITY] Free USDT: $0.00
2026-06-18 03:38:47,831 [INFO] [STANDBY] Insufficient USDT (need $10.00).
2026-06-18 03:38:47,831 [INFO] [SLEEP] Sleeping for 120s…
2026-06-18 03:40:47,839 [INFO] ======================================================================
2026-06-18 03:40:47,839 [INFO] [LOOP] Cycle #196 | 2026-06-18 03:40:47
2026-06-18 03:40:47,839 [INFO] [MONITOR] Evaluating 6 open positions…
2026-06-18 03:40:47,959 [INFO] [DATA] TRXUSDT | now=0.3206 | entry=0.3173 | PnL=+1.04%
2026-06-18 03:40:48,075 [INFO] [DATA] RLUSDUSDT | now=1.0008 | entry=1.0008 | PnL=+0.00%
2026-06-18 03:40:48,191 [INFO] [DATA] WLDUSDT | now=0.6392 | entry=0.6348 | PnL=+0.69%
2026-06-18 03:40:48,307 [INFO] [DATA] XLMUSDT | now=0.2238 | entry=0.2262 | PnL=-1.06%
2026-06-18 03:40:48,432 [INFO] [DATA] ENAUSDT | now=0.0900 | entry=0.0897 | PnL=+0.33%
2026-06-18 03:40:48,554 [INFO] [DATA] UNIUSDT | now=3.2710 | entry=3.3250 | PnL=-1.62%
2026-06-18 03:40:48,554 [INFO] [INVENTORY] 6/10 slots used — 4 vacant.
2026-06-18 03:40:48,670 [INFO] [LIQUIDITY] Free USDT: $0.00
2026-06-18 03:40:48,670 [INFO] [STANDBY] Insufficient USDT (need $10.00).
2026-06-18 03:40:48,670 [INFO] [SLEEP] Sleeping for 120s…
2026-06-18 03:42:48,677 [INFO] ======================================================================
2026-06-18 03:42:48,677 [INFO] [LOOP] Cycle #197 | 2026-06-18 03:42:48
2026-06-18 03:42:48,677 [INFO] [MONITOR] Evaluating 6 open positions…
2026-06-18 03:42:48,799 [INFO] [DATA] TRXUSDT | now=0.3206 | entry=0.3173 | PnL=+1.04%
2026-06-18 03:42:48,918 [INFO] [DATA] RLUSDUSDT | now=1.0008 | entry=1.0008 | PnL=+0.00%
2026-06-18 03:42:49,027 [INFO] [DATA] WLDUSDT | now=0.6409 | entry=0.6348 | PnL=+0.96%
2026-06-18 03:42:49,154 [INFO] [DATA] XLMUSDT | now=0.2241 | entry=0.2262 | PnL=-0.93%
2026-06-18 03:42:49,272 [INFO] [DATA] ENAUSDT | now=0.0904 | entry=0.0897 | PnL=+0.78%
2026-06-18 03:42:49,388 [INFO] [DATA] UNIUSDT | now=3.2790 | entry=3.3250 | PnL=-1.38%
2026-06-18 03:42:49,388 [INFO] [INVENTORY] 6/10 slots used — 4 vacant.
2026-06-18 03:42:49,511 [INFO] [LIQUIDITY] Free USDT: $0.00
2026-06-18 03:42:49,511 [INFO] [STANDBY] Insufficient USDT (need $10.00).
2026-06-18 03:42:49,511 [INFO] [SLEEP] Sleeping for 120s…
2026-06-18 03:44:49,516 [INFO] ======================================================================
2026-06-18 03:44:49,516 [INFO] [LOOP] Cycle #198 | 2026-06-18 03:44:49
2026-06-18 03:44:49,516 [INFO] [MONITOR] Evaluating 6 open positions…
2026-06-18 03:44:49,637 [INFO] [DATA] TRXUSDT | now=0.3207 | entry=0.3173 | PnL=+1.07%
2026-06-18 03:44:49,749 [INFO] [DATA] RLUSDUSDT | now=1.0008 | entry=1.0008 | PnL=+0.00%
2026-06-18 03:44:49,872 [INFO] [DATA] WLDUSDT | now=0.6403 | entry=0.6348 | PnL=+0.87%
2026-06-18 03:44:49,991 [INFO] [DATA] XLMUSDT | now=0.2247 | entry=0.2262 | PnL=-0.66%
2026-06-18 03:44:50,111 [INFO] [DATA] ENAUSDT | now=0.0902 | entry=0.0897 | PnL=+0.56%
2026-06-18 03:44:50,232 [INFO] [DATA] UNIUSDT | now=3.2620 | entry=3.3250 | PnL=-1.89%
2026-06-18 03:44:50,232 [INFO] [INVENTORY] 6/10 slots used — 4 vacant.
2026-06-18 03:44:50,351 [INFO] [LIQUIDITY] Free USDT: $0.00
2026-06-18 03:44:50,351 [INFO] [STANDBY] Insufficient USDT (need $10.00).
2026-06-18 03:44:50,351 [INFO] [SLEEP] Sleeping for 120s…
2026-06-18 03:46:50,358 [INFO] ======================================================================
2026-06-18 03:46:50,358 [INFO] [LOOP] Cycle #199 | 2026-06-18 03:46:50
2026-06-18 03:46:50,358 [INFO] [MONITOR] Evaluating 6 open positions…
2026-06-18 03:46:50,476 [INFO] [DATA] TRXUSDT | now=0.3206 | entry=0.3173 | PnL=+1.04%
2026-06-18 03:46:50,583 [INFO] [DATA] RLUSDUSDT | now=1.0009 | entry=1.0008 | PnL=+0.01%
2026-06-18 03:46:50,709 [INFO] [DATA] WLDUSDT | now=0.6428 | entry=0.6348 | PnL=+1.26%
2026-06-18 03:46:50,829 [INFO] [DATA] XLMUSDT | now=0.2252 | entry=0.2262 | PnL=-0.44%
2026-06-18 03:46:50,950 [INFO] [DATA] ENAUSDT | now=0.0905 | entry=0.0897 | PnL=+0.89%
2026-06-18 03:46:51,068 [INFO] [DATA] UNIUSDT | now=3.2700 | entry=3.3250 | PnL=-1.65%
2026-06-18 03:46:51,068 [INFO] [INVENTORY] 6/10 slots used — 4 vacant.
2026-06-18 03:46:51,190 [INFO] [LIQUIDITY] Free USDT: $0.00
2026-06-18 03:46:51,190 [INFO] [STANDBY] Insufficient USDT (need $10.00).
2026-06-18 03:46:51,190 [INFO] [SLEEP] Sleeping for 120s…
2026-06-18 03:48:51,195 [INFO] ======================================================================
2026-06-18 03:48:51,195 [INFO] [LOOP] Cycle #200 | 2026-06-18 03:48:51
2026-06-18 03:48:51,195 [INFO] [MONITOR] Evaluating 6 open positions…
2026-06-18 03:48:51,314 [INFO] [DATA] TRXUSDT | now=0.3207 | entry=0.3173 | PnL=+1.07%
2026-06-18 03:48:51,419 [INFO] [DATA] RLUSDUSDT | now=1.0008 | entry=1.0008 | PnL=+0.00%
2026-06-18 03:48:51,542 [INFO] [DATA] WLDUSDT | now=0.6417 | entry=0.6348 | PnL=+1.09%
2026-06-18 03:48:51,663 [INFO] [DATA] XLMUSDT | now=0.2256 | entry=0.2262 | PnL=-0.27%
2026-06-18 03:48:51,784 [INFO] [DATA] ENAUSDT | now=0.0906 | entry=0.0897 | PnL=+1.00%
2026-06-18 03:48:51,900 [INFO] [DATA] UNIUSDT | now=3.2670 | entry=3.3250 | PnL=-1.74%
2026-06-18 03:48:51,900 [INFO] [INVENTORY] 6/10 slots used — 4 vacant.
2026-06-18 03:48:52,021 [INFO] [LIQUIDITY] Free USDT: $0.00
2026-06-18 03:48:52,021 [INFO] [STANDBY] Insufficient USDT (need $10.00).
2026-06-18 03:48:52,021 [INFO] [SLEEP] Sleeping for 120s…
2026-06-18 03:50:52,029 [INFO] ======================================================================
2026-06-18 03:50:52,029 [INFO] [LOOP] Cycle #201 | 2026-06-18 03:50:52
2026-06-18 03:50:52,029 [INFO] [MONITOR] Evaluating 6 open positions…
2026-06-18 03:50:52,162 [INFO] [DATA] TRXUSDT | now=0.3208 | entry=0.3173 | PnL=+1.10%
2026-06-18 03:50:52,289 [INFO] [DATA] RLUSDUSDT | now=1.0008 | entry=1.0008 | PnL=+0.00%
2026-06-18 03:50:52,431 [INFO] [DATA] WLDUSDT | now=0.6440 | entry=0.6348 | PnL=+1.45%
2026-06-18 03:50:52,574 [INFO] [DATA] XLMUSDT | now=0.2255 | entry=0.2262 | PnL=-0.31%
2026-06-18 03:50:52,738 [INFO] [DATA] ENAUSDT | now=0.0907 | entry=0.0897 | PnL=+1.11%
2026-06-18 03:50:52,891 [INFO] [DATA] UNIUSDT | now=3.2680 | entry=3.3250 | PnL=-1.71%
2026-06-18 03:50:52,891 [INFO] [INVENTORY] 6/10 slots used — 4 vacant.
2026-06-18 03:50:53,063 [INFO] [LIQUIDITY] Free USDT: $0.00
2026-06-18 03:50:53,063 [INFO] [STANDBY] Insufficient USDT (need $10.00).
2026-06-18 03:50:53,063 [INFO] [SLEEP] Sleeping for 120s…
2026-06-18 03:52:53,064 [INFO] ======================================================================
2026-06-18 03:52:53,064 [INFO] [LOOP] Cycle #202 | 2026-06-18 03:52:53
2026-06-18 03:52:53,064 [INFO] [MONITOR] Evaluating 6 open positions…
2026-06-18 03:52:53,183 [INFO] [DATA] TRXUSDT | now=0.3208 | entry=0.3173 | PnL=+1.10%
2026-06-18 03:52:53,297 [INFO] [DATA] RLUSDUSDT | now=1.0008 | entry=1.0008 | PnL=+0.00%
2026-06-18 03:52:53,417 [INFO] [DATA] WLDUSDT | now=0.6461 | entry=0.6348 | PnL=+1.78%
2026-06-18 03:52:53,538 [INFO] [DATA] XLMUSDT | now=0.2262 | entry=0.2262 | PnL=+0.00%
2026-06-18 03:52:53,655 [INFO] [DATA] ENAUSDT | now=0.0909 | entry=0.0897 | PnL=+1.34%
2026-06-18 03:52:53,773 [INFO] [DATA] UNIUSDT | now=3.2640 | entry=3.3250 | PnL=-1.83%
2026-06-18 03:52:53,773 [INFO] [INVENTORY] 6/10 slots used — 4 vacant.
2026-06-18 03:52:53,883 [INFO] [LIQUIDITY] Free USDT: $0.00
2026-06-18 03:52:53,883 [INFO] [STANDBY] Insufficient USDT (need $10.00).
2026-06-18 03:52:53,883 [INFO] [SLEEP] Sleeping for 120s…
2026-06-18 03:54:53,896 [INFO] ======================================================================
2026-06-18 03:54:53,896 [INFO] [LOOP] Cycle #203 | 2026-06-18 03:54:53
2026-06-18 03:54:53,896 [INFO] [MONITOR] Evaluating 6 open positions…
2026-06-18 03:54:54,016 [INFO] [DATA] TRXUSDT | now=0.3208 | entry=0.3173 | PnL=+1.10%
2026-06-18 03:54:54,123 [INFO] [DATA] RLUSDUSDT | now=1.0008 | entry=1.0008 | PnL=+0.00%
2026-06-18 03:54:54,249 [INFO] [DATA] WLDUSDT | now=0.6483 | entry=0.6348 | PnL=+2.13%
2026-06-18 03:54:54,369 [INFO] [DATA] XLMUSDT | now=0.2258 | entry=0.2262 | PnL=-0.18%
2026-06-18 03:54:54,488 [INFO] [DATA] ENAUSDT | now=0.0914 | entry=0.0897 | PnL=+1.90%
2026-06-18 03:54:54,609 [INFO] [DATA] UNIUSDT | now=3.2750 | entry=3.3250 | PnL=-1.50%
2026-06-18 03:54:54,609 [INFO] [INVENTORY] 6/10 slots used — 4 vacant.
2026-06-18 03:54:54,727 [INFO] [LIQUIDITY] Free USDT: $0.00
2026-06-18 03:54:54,727 [INFO] [STANDBY] Insufficient USDT (need $10.00).
2026-06-18 03:54:54,727 [INFO] [SLEEP] Sleeping for 120s…
2026-06-18 03:56:54,734 [INFO] ======================================================================
2026-06-18 03:56:54,734 [INFO] [LOOP] Cycle #204 | 2026-06-18 03:56:54
2026-06-18 03:56:54,734 [INFO] [MONITOR] Evaluating 6 open positions…
2026-06-18 03:56:54,852 [INFO] [DATA] TRXUSDT | now=0.3208 | entry=0.3173 | PnL=+1.10%
2026-06-18 03:56:54,960 [INFO] [DATA] RLUSDUSDT | now=1.0008 | entry=1.0008 | PnL=+0.00%
2026-06-18 03:56:55,085 [INFO] [DATA] WLDUSDT | now=0.6480 | entry=0.6348 | PnL=+2.08%
2026-06-18 03:56:55,203 [INFO] [DATA] XLMUSDT | now=0.2267 | entry=0.2262 | PnL=+0.22%
2026-06-18 03:56:55,324 [INFO] [DATA] ENAUSDT | now=0.0918 | entry=0.0897 | PnL=+2.34%
2026-06-18 03:56:55,443 [INFO] [DATA] UNIUSDT | now=3.2900 | entry=3.3250 | PnL=-1.05%
2026-06-18 03:56:55,443 [INFO] [INVENTORY] 6/10 slots used — 4 vacant.
2026-06-18 03:56:55,562 [INFO] [LIQUIDITY] Free USDT: $0.00
2026-06-18 03:56:55,562 [INFO] [STANDBY] Insufficient USDT (need $10.00).
2026-06-18 03:56:55,562 [INFO] [SLEEP] Sleeping for 120s…
2026-06-18 03:58:55,569 [INFO] ======================================================================
2026-06-18 03:58:55,569 [INFO] [LOOP] Cycle #205 | 2026-06-18 03:58:55
2026-06-18 03:58:55,569 [INFO] [MONITOR] Evaluating 6 open positions…
2026-06-18 03:58:55,690 [INFO] [DATA] TRXUSDT | now=0.3208 | entry=0.3173 | PnL=+1.10%
2026-06-18 03:58:55,794 [INFO] [DATA] RLUSDUSDT | now=1.0008 | entry=1.0008 | PnL=+0.00%
2026-06-18 03:58:55,921 [INFO] [DATA] WLDUSDT | now=0.6487 | entry=0.6348 | PnL=+2.19%
2026-06-18 03:58:56,043 [INFO] [DATA] XLMUSDT | now=0.2270 | entry=0.2262 | PnL=+0.35%
2026-06-18 03:58:56,162 [INFO] [DATA] ENAUSDT | now=0.0917 | entry=0.0897 | PnL=+2.23%
2026-06-18 03:58:56,282 [INFO] [DATA] UNIUSDT | now=3.2770 | entry=3.3250 | PnL=-1.44%
2026-06-18 03:58:56,282 [INFO] [INVENTORY] 6/10 slots used — 4 vacant.
2026-06-18 03:58:56,399 [INFO] [LIQUIDITY] Free USDT: $0.00
2026-06-18 03:58:56,399 [INFO] [STANDBY] Insufficient USDT (need $10.00).
2026-06-18 03:58:56,399 [INFO] [SLEEP] Sleeping for 120s…
2026-06-18 04:00:56,410 [INFO] ======================================================================
2026-06-18 04:00:56,410 [INFO] [LOOP] Cycle #206 | 2026-06-18 04:00:56
2026-06-18 04:00:56,410 [INFO] [MONITOR] Evaluating 6 open positions…
2026-06-18 04:00:56,531 [INFO] [DATA] TRXUSDT | now=0.3208 | entry=0.3173 | PnL=+1.10%
2026-06-18 04:00:56,644 [INFO] [DATA] RLUSDUSDT | now=1.0008 | entry=1.0008 | PnL=+0.00%
2026-06-18 04:00:56,763 [INFO] [DATA] WLDUSDT | now=0.6482 | entry=0.6348 | PnL=+2.11%
2026-06-18 04:00:56,883 [INFO] [DATA] XLMUSDT | now=0.2273 | entry=0.2262 | PnL=+0.49%
2026-06-18 04:00:57,002 [INFO] [DATA] ENAUSDT | now=0.0918 | entry=0.0897 | PnL=+2.34%
2026-06-18 04:00:57,119 [INFO] [DATA] UNIUSDT | now=3.2780 | entry=3.3250 | PnL=-1.41%
2026-06-18 04:00:57,119 [INFO] [INVENTORY] 6/10 slots used — 4 vacant.
2026-06-18 04:00:57,239 [INFO] [LIQUIDITY] Free USDT: $0.00
2026-06-18 04:00:57,239 [INFO] [STANDBY] Insufficient USDT (need $10.00).
2026-06-18 04:00:57,239 [INFO] [SLEEP] Sleeping for 120s…
2026-06-18 04:02:57,250 [INFO] ======================================================================
2026-06-18 04:02:57,250 [INFO] [LOOP] Cycle #207 | 2026-06-18 04:02:57
2026-06-18 04:02:57,250 [INFO] [MONITOR] Evaluating 6 open positions…
2026-06-18 04:02:57,371 [INFO] [DATA] TRXUSDT | now=0.3208 | entry=0.3173 | PnL=+1.10%
2026-06-18 04:02:57,490 [INFO] [DATA] RLUSDUSDT | now=1.0009 | entry=1.0008 | PnL=+0.01%
2026-06-18 04:02:57,603 [INFO] [DATA] WLDUSDT | now=0.6484 | entry=0.6348 | PnL=+2.14%
2026-06-18 04:02:57,720 [INFO] [DATA] XLMUSDT | now=0.2295 | entry=0.2262 | PnL=+1.46%
2026-06-18 04:02:57,845 [INFO] [DATA] ENAUSDT | now=0.0921 | entry=0.0897 | PnL=+2.68%
2026-06-18 04:02:57,963 [INFO] [DATA] UNIUSDT | now=3.2660 | entry=3.3250 | PnL=-1.77%
2026-06-18 04:02:57,963 [INFO] [INVENTORY] 6/10 slots used — 4 vacant.
2026-06-18 04:02:58,082 [INFO] [LIQUIDITY] Free USDT: $0.00
2026-06-18 04:02:58,082 [INFO] [STANDBY] Insufficient USDT (need $10.00).
2026-06-18 04:02:58,082 [INFO] [SLEEP] Sleeping for 120s…
2026-06-18 04:04:58,090 [INFO] ======================================================================
2026-06-18 04:04:58,090 [INFO] [LOOP] Cycle #208 | 2026-06-18 04:04:58
2026-06-18 04:04:58,090 [INFO] [MONITOR] Evaluating 6 open positions…
2026-06-18 04:04:58,210 [INFO] [DATA] TRXUSDT | now=0.3209 | entry=0.3173 | PnL=+1.13%
2026-06-18 04:04:58,318 [INFO] [DATA] RLUSDUSDT | now=1.0008 | entry=1.0008 | PnL=+0.00%
2026-06-18 04:04:58,444 [INFO] [DATA] WLDUSDT | now=0.6488 | entry=0.6348 | PnL=+2.21%
2026-06-18 04:04:58,554 [INFO] [DATA] XLMUSDT | now=0.2289 | entry=0.2262 | PnL=+1.19%
2026-06-18 04:04:58,876 [INFO] [DATA] ENAUSDT | now=0.0923 | entry=0.0897 | PnL=+2.90%
2026-06-18 04:04:58,996 [INFO] [DATA] UNIUSDT | now=3.2600 | entry=3.3250 | PnL=-1.95%
2026-06-18 04:04:58,996 [INFO] [INVENTORY] 6/10 slots used — 4 vacant.
2026-06-18 04:04:59,117 [INFO] [LIQUIDITY] Free USDT: $0.00
2026-06-18 04:04:59,117 [INFO] [STANDBY] Insufficient USDT (need $10.00).
2026-06-18 04:04:59,117 [INFO] [SLEEP] Sleeping for 120s…
2026-06-18 04:06:59,125 [INFO] ======================================================================
2026-06-18 04:06:59,125 [INFO] [LOOP] Cycle #209 | 2026-06-18 04:06:59
2026-06-18 04:06:59,125 [INFO] [MONITOR] Evaluating 6 open positions…
2026-06-18 04:06:59,244 [INFO] [DATA] TRXUSDT | now=0.3209 | entry=0.3173 | PnL=+1.13%
2026-06-18 04:06:59,349 [INFO] [DATA] RLUSDUSDT | now=1.0008 | entry=1.0008 | PnL=+0.00%
2026-06-18 04:06:59,479 [INFO] [DATA] WLDUSDT | now=0.6493 | entry=0.6348 | PnL=+2.28%
2026-06-18 04:06:59,599 [INFO] [DATA] XLMUSDT | now=0.2289 | entry=0.2262 | PnL=+1.19%
2026-06-18 04:06:59,716 [INFO] [DATA] ENAUSDT | now=0.0924 | entry=0.0897 | PnL=+3.01%
2026-06-18 04:06:59,838 [INFO] [DATA] UNIUSDT | now=3.2580 | entry=3.3250 | PnL=-2.02%
2026-06-18 04:06:59,838 [INFO] [INVENTORY] 6/10 slots used — 4 vacant.
2026-06-18 04:06:59,958 [INFO] [LIQUIDITY] Free USDT: $0.00
2026-06-18 04:06:59,958 [INFO] [STANDBY] Insufficient USDT (need $10.00).
2026-06-18 04:06:59,958 [INFO] [SLEEP] Sleeping for 120s…
2026-06-18 04:08:59,966 [INFO] ======================================================================
2026-06-18 04:08:59,966 [INFO] [LOOP] Cycle #210 | 2026-06-18 04:08:59
2026-06-18 04:08:59,966 [INFO] [MONITOR] Evaluating 6 open positions…
2026-06-18 04:09:00,086 [INFO] [DATA] TRXUSDT | now=0.3209 | entry=0.3173 | PnL=+1.13%
2026-06-18 04:09:00,191 [INFO] [DATA] RLUSDUSDT | now=1.0008 | entry=1.0008 | PnL=+0.00%
2026-06-18 04:09:00,314 [INFO] [DATA] WLDUSDT | now=0.6505 | entry=0.6348 | PnL=+2.47%
2026-06-18 04:09:00,437 [INFO] [DATA] XLMUSDT | now=0.2297 | entry=0.2262 | PnL=+1.55%
2026-06-18 04:09:00,558 [INFO] [DATA] ENAUSDT | now=0.0925 | entry=0.0897 | PnL=+3.12%
2026-06-18 04:09:00,676 [INFO] [DATA] UNIUSDT | now=3.2480 | entry=3.3250 | PnL=-2.32%
2026-06-18 04:09:00,676 [INFO] [INVENTORY] 6/10 slots used — 4 vacant.
2026-06-18 04:09:00,796 [INFO] [LIQUIDITY] Free USDT: $0.00
2026-06-18 04:09:00,796 [INFO] [STANDBY] Insufficient USDT (need $10.00).
2026-06-18 04:09:00,796 [INFO] [SLEEP] Sleeping for 120s…
2026-06-18 04:11:00,804 [INFO] ======================================================================
2026-06-18 04:11:00,804 [INFO] [LOOP] Cycle #211 | 2026-06-18 04:11:00
2026-06-18 04:11:00,804 [INFO] [MONITOR] Evaluating 6 open positions…
2026-06-18 04:11:00,924 [INFO] [DATA] TRXUSDT | now=0.3208 | entry=0.3173 | PnL=+1.10%
2026-06-18 04:11:01,041 [INFO] [DATA] RLUSDUSDT | now=1.0009 | entry=1.0008 | PnL=+0.01%
2026-06-18 04:11:01,156 [INFO] [DATA] WLDUSDT | now=0.6514 | entry=0.6348 | PnL=+2.61%
2026-06-18 04:11:01,274 [INFO] [DATA] XLMUSDT | now=0.2292 | entry=0.2262 | PnL=+1.33%
2026-06-18 04:11:01,393 [INFO] [DATA] ENAUSDT | now=0.0926 | entry=0.0897 | PnL=+3.23%
2026-06-18 04:11:01,512 [INFO] [DATA] UNIUSDT | now=3.2560 | entry=3.3250 | PnL=-2.08%
2026-06-18 04:11:01,512 [INFO] [INVENTORY] 6/10 slots used — 4 vacant.
2026-06-18 04:11:01,634 [INFO] [LIQUIDITY] Free USDT: $0.00
2026-06-18 04:11:01,634 [INFO] [STANDBY] Insufficient USDT (need $10.00).
2026-06-18 04:11:01,634 [INFO] [SLEEP] Sleeping for 120s…
2026-06-18 04:13:01,642 [INFO] ======================================================================
2026-06-18 04:13:01,642 [INFO] [LOOP] Cycle #212 | 2026-06-18 04:13:01
2026-06-18 04:13:01,642 [INFO] [MONITOR] Evaluating 6 open positions…
2026-06-18 04:13:01,761 [INFO] [DATA] TRXUSDT | now=0.3208 | entry=0.3173 | PnL=+1.10%
2026-06-18 04:13:01,881 [INFO] [DATA] RLUSDUSDT | now=1.0009 | entry=1.0008 | PnL=+0.01%
2026-06-18 04:13:01,996 [INFO] [DATA] WLDUSDT | now=0.6518 | entry=0.6348 | PnL=+2.68%
2026-06-18 04:13:02,113 [INFO] [DATA] XLMUSDT | now=0.2277 | entry=0.2262 | PnL=+0.66%
2026-06-18 04:13:02,233 [INFO] [DATA] ENAUSDT | now=0.0926 | entry=0.0897 | PnL=+3.23%
2026-06-18 04:13:02,370 [INFO] [DATA] UNIUSDT | now=3.2560 | entry=3.3250 | PnL=-2.08%
2026-06-18 04:13:02,370 [INFO] [INVENTORY] 6/10 slots used — 4 vacant.
2026-06-18 04:13:02,493 [INFO] [LIQUIDITY] Free USDT: $0.00
2026-06-18 04:13:02,493 [INFO] [STANDBY] Insufficient USDT (need $10.00).
2026-06-18 04:13:02,493 [INFO] [SLEEP] Sleeping for 120s…
2026-06-18 04:15:02,498 [INFO] ======================================================================
2026-06-18 04:15:02,498 [INFO] [LOOP] Cycle #213 | 2026-06-18 04:15:02
2026-06-18 04:15:02,498 [INFO] [MONITOR] Evaluating 6 open positions…
2026-06-18 04:15:02,618 [INFO] [DATA] TRXUSDT | now=0.3207 | entry=0.3173 | PnL=+1.07%
2026-06-18 04:15:02,736 [INFO] [DATA] RLUSDUSDT | now=1.0008 | entry=1.0008 | PnL=+0.00%
2026-06-18 04:15:02,849 [INFO] [DATA] WLDUSDT | now=0.6515 | entry=0.6348 | PnL=+2.63%
2026-06-18 04:15:02,972 [INFO] [DATA] XLMUSDT | now=0.2284 | entry=0.2262 | PnL=+0.97%
2026-06-18 04:15:03,093 [INFO] [DATA] ENAUSDT | now=0.0924 | entry=0.0897 | PnL=+3.01%
2026-06-18 04:15:03,214 [INFO] [DATA] UNIUSDT | now=3.2550 | entry=3.3250 | PnL=-2.11%
2026-06-18 04:15:03,215 [INFO] [INVENTORY] 6/10 slots used — 4 vacant.
2026-06-18 04:15:03,329 [INFO] [LIQUIDITY] Free USDT: $0.00
2026-06-18 04:15:03,329 [INFO] [STANDBY] Insufficient USDT (need $10.00).
2026-06-18 04:15:03,329 [INFO] [SLEEP] Sleeping for 120s…
2026-06-18 04:17:03,336 [INFO] ======================================================================
2026-06-18 04:17:03,336 [INFO] [LOOP] Cycle #214 | 2026-06-18 04:17:03
2026-06-18 04:17:03,336 [INFO] [MONITOR] Evaluating 6 open positions…
2026-06-18 04:17:03,455 [INFO] [DATA] TRXUSDT | now=0.3209 | entry=0.3173 | PnL=+1.13%
2026-06-18 04:17:03,574 [INFO] [DATA] RLUSDUSDT | now=1.0008 | entry=1.0008 | PnL=+0.00%
2026-06-18 04:17:03,690 [INFO] [DATA] WLDUSDT | now=0.6534 | entry=0.6348 | PnL=+2.93%
2026-06-18 04:17:03,807 [INFO] [DATA] XLMUSDT | now=0.2293 | entry=0.2262 | PnL=+1.37%
2026-06-18 04:17:03,927 [INFO] [DATA] ENAUSDT | now=0.0929 | entry=0.0897 | PnL=+3.57%
2026-06-18 04:17:04,047 [INFO] [DATA] UNIUSDT | now=3.2660 | entry=3.3250 | PnL=-1.77%
2026-06-18 04:17:04,047 [INFO] [INVENTORY] 6/10 slots used — 4 vacant.
2026-06-18 04:17:04,166 [INFO] [LIQUIDITY] Free USDT: $0.00
2026-06-18 04:17:04,166 [INFO] [STANDBY] Insufficient USDT (need $10.00).
2026-06-18 04:17:04,166 [INFO] [SLEEP] Sleeping for 120s…
2026-06-18 04:19:04,176 [INFO] ======================================================================
2026-06-18 04:19:04,176 [INFO] [LOOP] Cycle #215 | 2026-06-18 04:19:04
2026-06-18 04:19:04,176 [INFO] [MONITOR] Evaluating 6 open positions…
2026-06-18 04:19:04,297 [INFO] [DATA] TRXUSDT | now=0.3209 | entry=0.3173 | PnL=+1.13%
2026-06-18 04:19:04,415 [INFO] [DATA] RLUSDUSDT | now=1.0008 | entry=1.0008 | PnL=+0.00%
2026-06-18 04:19:04,530 [INFO] [DATA] WLDUSDT | now=0.6557 | entry=0.6348 | PnL=+3.29%
2026-06-18 04:19:04,649 [INFO] [DATA] XLMUSDT | now=0.2297 | entry=0.2262 | PnL=+1.55%
2026-06-18 04:19:04,769 [INFO] [DATA] ENAUSDT | now=0.0931 | entry=0.0897 | PnL=+3.79%
2026-06-18 04:19:04,889 [INFO] [DATA] UNIUSDT | now=3.2670 | entry=3.3250 | PnL=-1.74%
2026-06-18 04:19:04,889 [INFO] [INVENTORY] 6/10 slots used — 4 vacant.
2026-06-18 04:19:05,011 [INFO] [LIQUIDITY] Free USDT: $0.00
2026-06-18 04:19:05,011 [INFO] [STANDBY] Insufficient USDT (need $10.00).
2026-06-18 04:19:05,011 [INFO] [SLEEP] Sleeping for 120s…
2026-06-18 04:21:05,019 [INFO] ======================================================================
2026-06-18 04:21:05,019 [INFO] [LOOP] Cycle #216 | 2026-06-18 04:21:05
2026-06-18 04:21:05,019 [INFO] [MONITOR] Evaluating 6 open positions…
2026-06-18 04:21:05,140 [INFO] [DATA] TRXUSDT | now=0.3208 | entry=0.3173 | PnL=+1.10%
2026-06-18 04:21:05,246 [INFO] [DATA] RLUSDUSDT | now=1.0008 | entry=1.0008 | PnL=+0.00%
2026-06-18 04:21:05,377 [INFO] [DATA] WLDUSDT | now=0.6586 | entry=0.6348 | PnL=+3.75%
2026-06-18 04:21:05,494 [INFO] [DATA] XLMUSDT | now=0.2296 | entry=0.2262 | PnL=+1.50%
2026-06-18 04:21:05,612 [INFO] [DATA] ENAUSDT | now=0.0933 | entry=0.0897 | PnL=+4.01%
2026-06-18 04:21:05,731 [INFO] [DATA] UNIUSDT | now=3.2680 | entry=3.3250 | PnL=-1.71%
2026-06-18 04:21:05,731 [INFO] [INVENTORY] 6/10 slots used — 4 vacant.
2026-06-18 04:21:05,852 [INFO] [LIQUIDITY] Free USDT: $0.00
2026-06-18 04:21:05,852 [INFO] [STANDBY] Insufficient USDT (need $10.00).
2026-06-18 04:21:05,852 [INFO] [SLEEP] Sleeping for 120s…
2026-06-18 04:23:05,859 [INFO] ======================================================================
2026-06-18 04:23:05,859 [INFO] [LOOP] Cycle #217 | 2026-06-18 04:23:05
2026-06-18 04:23:05,859 [INFO] [MONITOR] Evaluating 6 open positions…
2026-06-18 04:23:05,979 [INFO] [DATA] TRXUSDT | now=0.3209 | entry=0.3173 | PnL=+1.13%
2026-06-18 04:23:06,086 [INFO] [DATA] RLUSDUSDT | now=1.0009 | entry=1.0008 | PnL=+0.01%
2026-06-18 04:23:06,213 [INFO] [DATA] WLDUSDT | now=0.6570 | entry=0.6348 | PnL=+3.50%
2026-06-18 04:23:06,334 [INFO] [DATA] XLMUSDT | now=0.2291 | entry=0.2262 | PnL=+1.28%
2026-06-18 04:23:06,453 [INFO] [DATA] ENAUSDT | now=0.0930 | entry=0.0897 | PnL=+3.68%
2026-06-18 04:23:06,571 [INFO] [DATA] UNIUSDT | now=3.2510 | entry=3.3250 | PnL=-2.23%
2026-06-18 04:23:06,571 [INFO] [INVENTORY] 6/10 slots used — 4 vacant.
2026-06-18 04:23:06,694 [INFO] [LIQUIDITY] Free USDT: $0.00
2026-06-18 04:23:06,694 [INFO] [STANDBY] Insufficient USDT (need $10.00).
2026-06-18 04:23:06,694 [INFO] [SLEEP] Sleeping for 120s…
2026-06-18 04:25:06,698 [INFO] ======================================================================
2026-06-18 04:25:06,698 [INFO] [LOOP] Cycle #218 | 2026-06-18 04:25:06
2026-06-18 04:25:06,698 [INFO] [MONITOR] Evaluating 6 open positions…
2026-06-18 04:25:06,817 [INFO] [DATA] TRXUSDT | now=0.3209 | entry=0.3173 | PnL=+1.13%
2026-06-18 04:25:06,924 [INFO] [DATA] RLUSDUSDT | now=1.0009 | entry=1.0008 | PnL=+0.01%
2026-06-18 04:25:07,054 [INFO] [DATA] WLDUSDT | now=0.6569 | entry=0.6348 | PnL=+3.48%
2026-06-18 04:25:07,170 [INFO] [DATA] XLMUSDT | now=0.2293 | entry=0.2262 | PnL=+1.37%
2026-06-18 04:25:07,292 [INFO] [DATA] ENAUSDT | now=0.0931 | entry=0.0897 | PnL=+3.79%
2026-06-18 04:25:07,413 [INFO] [DATA] UNIUSDT | now=3.2570 | entry=3.3250 | PnL=-2.05%
2026-06-18 04:25:07,413 [INFO] [INVENTORY] 6/10 slots used — 4 vacant.
2026-06-18 04:25:07,530 [INFO] [LIQUIDITY] Free USDT: $0.00
2026-06-18 04:25:07,530 [INFO] [STANDBY] Insufficient USDT (need $10.00).
2026-06-18 04:25:07,530 [INFO] [SLEEP] Sleeping for 120s…
2026-06-18 04:27:07,539 [INFO] ======================================================================
2026-06-18 04:27:07,539 [INFO] [LOOP] Cycle #219 | 2026-06-18 04:27:07
2026-06-18 04:27:07,539 [INFO] [MONITOR] Evaluating 6 open positions…
2026-06-18 04:27:07,658 [INFO] [DATA] TRXUSDT | now=0.3209 | entry=0.3173 | PnL=+1.13%
2026-06-18 04:27:07,777 [INFO] [DATA] RLUSDUSDT | now=1.0008 | entry=1.0008 | PnL=+0.00%
2026-06-18 04:27:07,894 [INFO] [DATA] WLDUSDT | now=0.6559 | entry=0.6348 | PnL=+3.32%
2026-06-18 04:27:08,014 [INFO] [DATA] XLMUSDT | now=0.2289 | entry=0.2262 | PnL=+1.19%
2026-06-18 04:27:08,135 [INFO] [DATA] ENAUSDT | now=0.0930 | entry=0.0897 | PnL=+3.68%
2026-06-18 04:27:08,256 [INFO] [DATA] UNIUSDT | now=3.2480 | entry=3.3250 | PnL=-2.32%
2026-06-18 04:27:08,256 [INFO] [INVENTORY] 6/10 slots used — 4 vacant.
2026-06-18 04:27:08,373 [INFO] [LIQUIDITY] Free USDT: $0.00
2026-06-18 04:27:08,373 [INFO] [STANDBY] Insufficient USDT (need $10.00).
2026-06-18 04:27:08,373 [INFO] [SLEEP] Sleeping for 120s…
2026-06-18 04:29:08,381 [INFO] ======================================================================
2026-06-18 04:29:08,381 [INFO] [LOOP] Cycle #220 | 2026-06-18 04:29:08
2026-06-18 04:29:08,381 [INFO] [MONITOR] Evaluating 6 open positions…
2026-06-18 04:29:08,502 [INFO] [DATA] TRXUSDT | now=0.3209 | entry=0.3173 | PnL=+1.13%
2026-06-18 04:29:08,622 [INFO] [DATA] RLUSDUSDT | now=1.0008 | entry=1.0008 | PnL=+0.00%
2026-06-18 04:29:08,736 [INFO] [DATA] WLDUSDT | now=0.6570 | entry=0.6348 | PnL=+3.50%
2026-06-18 04:29:08,856 [INFO] [DATA] XLMUSDT | now=0.2284 | entry=0.2262 | PnL=+0.97%
2026-06-18 04:29:08,974 [INFO] [DATA] ENAUSDT | now=0.0928 | entry=0.0897 | PnL=+3.46%
2026-06-18 04:29:09,096 [INFO] [DATA] UNIUSDT | now=3.2440 | entry=3.3250 | PnL=-2.44%
2026-06-18 04:29:09,096 [INFO] [INVENTORY] 6/10 slots used — 4 vacant.
2026-06-18 04:29:09,222 [INFO] [LIQUIDITY] Free USDT: $0.00
2026-06-18 04:29:09,222 [INFO] [STANDBY] Insufficient USDT (need $10.00).
2026-06-18 04:29:09,222 [INFO] [SLEEP] Sleeping for 120s…
2026-06-18 04:31:09,225 [INFO] ======================================================================
2026-06-18 04:31:09,225 [INFO] [LOOP] Cycle #221 | 2026-06-18 04:31:09
2026-06-18 04:31:09,225 [INFO] [MONITOR] Evaluating 6 open positions…
2026-06-18 04:31:09,348 [INFO] [DATA] TRXUSDT | now=0.3208 | entry=0.3173 | PnL=+1.10%
2026-06-18 04:31:09,466 [INFO] [DATA] RLUSDUSDT | now=1.0008 | entry=1.0008 | PnL=+0.00%
2026-06-18 04:31:09,586 [INFO] [DATA] WLDUSDT | now=0.6593 | entry=0.6348 | PnL=+3.86%
2026-06-18 04:31:09,700 [INFO] [DATA] XLMUSDT | now=0.2290 | entry=0.2262 | PnL=+1.24%
2026-06-18 04:31:09,818 [INFO] [DATA] ENAUSDT | now=0.0931 | entry=0.0897 | PnL=+3.79%
2026-06-18 04:31:09,937 [INFO] [DATA] UNIUSDT | now=3.2440 | entry=3.3250 | PnL=-2.44%
2026-06-18 04:31:09,937 [INFO] [INVENTORY] 6/10 slots used — 4 vacant.
2026-06-18 04:31:10,058 [INFO] [LIQUIDITY] Free USDT: $0.00
2026-06-18 04:31:10,058 [INFO] [STANDBY] Insufficient USDT (need $10.00).
2026-06-18 04:31:10,058 [INFO] [SLEEP] Sleeping for 120s…
2026-06-18 04:33:10,064 [INFO] ======================================================================
2026-06-18 04:33:10,064 [INFO] [LOOP] Cycle #222 | 2026-06-18 04:33:10
2026-06-18 04:33:10,064 [INFO] [MONITOR] Evaluating 6 open positions…
2026-06-18 04:33:10,183 [INFO] [DATA] TRXUSDT | now=0.3209 | entry=0.3173 | PnL=+1.13%
2026-06-18 04:33:10,304 [INFO] [DATA] RLUSDUSDT | now=1.0008 | entry=1.0008 | PnL=+0.00%
2026-06-18 04:33:10,417 [INFO] [DATA] WLDUSDT | now=0.6598 | entry=0.6348 | PnL=+3.94%
2026-06-18 04:33:10,539 [INFO] [DATA] XLMUSDT | now=0.2295 | entry=0.2262 | PnL=+1.46%
2026-06-18 04:33:10,658 [INFO] [DATA] ENAUSDT | now=0.0936 | entry=0.0897 | PnL=+4.35%
2026-06-18 04:33:10,779 [INFO] [DATA] UNIUSDT | now=3.2500 | entry=3.3250 | PnL=-2.26%
2026-06-18 04:33:10,779 [INFO] [INVENTORY] 6/10 slots used — 4 vacant.
2026-06-18 04:33:10,900 [INFO] [LIQUIDITY] Free USDT: $0.00
2026-06-18 04:33:10,900 [INFO] [STANDBY] Insufficient USDT (need $10.00).
2026-06-18 04:33:10,900 [INFO] [SLEEP] Sleeping for 120s…
2026-06-18 04:35:10,906 [INFO] ======================================================================
2026-06-18 04:35:10,906 [INFO] [LOOP] Cycle #223 | 2026-06-18 04:35:10
2026-06-18 04:35:10,906 [INFO] [MONITOR] Evaluating 6 open positions…
2026-06-18 04:35:11,026 [INFO] [DATA] TRXUSDT | now=0.3210 | entry=0.3173 | PnL=+1.17%
2026-06-18 04:35:11,146 [INFO] [DATA] RLUSDUSDT | now=1.0008 | entry=1.0008 | PnL=+0.00%
2026-06-18 04:35:11,263 [INFO] [DATA] WLDUSDT | now=0.6586 | entry=0.6348 | PnL=+3.75%
2026-06-18 04:35:11,382 [INFO] [DATA] XLMUSDT | now=0.2287 | entry=0.2262 | PnL=+1.11%
2026-06-18 04:35:11,503 [INFO] [DATA] ENAUSDT | now=0.0932 | entry=0.0897 | PnL=+3.90%
2026-06-18 04:35:11,620 [INFO] [DATA] UNIUSDT | now=3.2460 | entry=3.3250 | PnL=-2.38%
2026-06-18 04:35:11,620 [INFO] [INVENTORY] 6/10 slots used — 4 vacant.
2026-06-18 04:35:11,741 [INFO] [LIQUIDITY] Free USDT: $0.00
2026-06-18 04:35:11,741 [INFO] [STANDBY] Insufficient USDT (need $10.00).
2026-06-18 04:35:11,741 [INFO] [SLEEP] Sleeping for 120s…
2026-06-18 04:37:11,745 [INFO] ======================================================================
2026-06-18 04:37:11,745 [INFO] [LOOP] Cycle #224 | 2026-06-18 04:37:11
2026-06-18 04:37:11,745 [INFO] [MONITOR] Evaluating 6 open positions…
2026-06-18 04:37:11,867 [INFO] [DATA] TRXUSDT | now=0.3210 | entry=0.3173 | PnL=+1.17%
2026-06-18 04:37:11,983 [INFO] [DATA] RLUSDUSDT | now=1.0008 | entry=1.0008 | PnL=+0.00%
2026-06-18 04:37:12,103 [INFO] [DATA] WLDUSDT | now=0.6567 | entry=0.6348 | PnL=+3.45%
2026-06-18 04:37:12,225 [INFO] [DATA] XLMUSDT | now=0.2296 | entry=0.2262 | PnL=+1.50%
2026-06-18 04:37:12,341 [INFO] [DATA] ENAUSDT | now=0.0933 | entry=0.0897 | PnL=+4.01%
2026-06-18 04:37:12,463 [INFO] [DATA] UNIUSDT | now=3.2500 | entry=3.3250 | PnL=-2.26%
2026-06-18 04:37:12,463 [INFO] [INVENTORY] 6/10 slots used — 4 vacant.
2026-06-18 04:37:12,579 [INFO] [LIQUIDITY] Free USDT: $0.00
2026-06-18 04:37:12,579 [INFO] [STANDBY] Insufficient USDT (need $10.00).
2026-06-18 04:37:12,579 [INFO] [SLEEP] Sleeping for 120s…
2026-06-18 04:39:12,588 [INFO] ======================================================================
2026-06-18 04:39:12,588 [INFO] [LOOP] Cycle #225 | 2026-06-18 04:39:12
2026-06-18 04:39:12,588 [INFO] [MONITOR] Evaluating 6 open positions…
2026-06-18 04:39:12,711 [INFO] [DATA] TRXUSDT | now=0.3210 | entry=0.3173 | PnL=+1.17%
2026-06-18 04:39:12,826 [INFO] [DATA] RLUSDUSDT | now=1.0009 | entry=1.0008 | PnL=+0.01%
2026-06-18 04:39:12,947 [INFO] [DATA] WLDUSDT | now=0.6566 | entry=0.6348 | PnL=+3.43%
2026-06-18 04:39:13,066 [INFO] [DATA] XLMUSDT | now=0.2297 | entry=0.2262 | PnL=+1.55%
2026-06-18 04:39:13,188 [INFO] [DATA] ENAUSDT | now=0.0934 | entry=0.0897 | PnL=+4.12%
2026-06-18 04:39:13,304 [INFO] [DATA] UNIUSDT | now=3.2500 | entry=3.3250 | PnL=-2.26%
2026-06-18 04:39:13,304 [INFO] [INVENTORY] 6/10 slots used — 4 vacant.
2026-06-18 04:39:13,426 [INFO] [LIQUIDITY] Free USDT: $0.00
2026-06-18 04:39:13,426 [INFO] [STANDBY] Insufficient USDT (need $10.00).
2026-06-18 04:39:13,426 [INFO] [SLEEP] Sleeping for 120s…
2026-06-18 04:41:13,433 [INFO] ======================================================================
2026-06-18 04:41:13,433 [INFO] [LOOP] Cycle #226 | 2026-06-18 04:41:13
2026-06-18 04:41:13,433 [INFO] [MONITOR] Evaluating 6 open positions…
2026-06-18 04:41:13,552 [INFO] [DATA] TRXUSDT | now=0.3209 | entry=0.3173 | PnL=+1.13%
2026-06-18 04:41:13,670 [INFO] [DATA] RLUSDUSDT | now=1.0009 | entry=1.0008 | PnL=+0.01%
2026-06-18 04:41:13,787 [INFO] [DATA] WLDUSDT | now=0.6585 | entry=0.6348 | PnL=+3.73%
2026-06-18 04:41:13,907 [INFO] [DATA] XLMUSDT | now=0.2303 | entry=0.2262 | PnL=+1.81%
2026-06-18 04:41:14,027 [INFO] [DATA] ENAUSDT | now=0.0935 | entry=0.0897 | PnL=+4.24%
2026-06-18 04:41:14,149 [INFO] [DATA] UNIUSDT | now=3.2540 | entry=3.3250 | PnL=-2.14%
2026-06-18 04:41:14,149 [INFO] [INVENTORY] 6/10 slots used — 4 vacant.
2026-06-18 04:41:14,267 [INFO] [LIQUIDITY] Free USDT: $0.00
2026-06-18 04:41:14,267 [INFO] [STANDBY] Insufficient USDT (need $10.00).
2026-06-18 04:41:14,267 [INFO] [SLEEP] Sleeping for 120s…
2026-06-18 04:43:14,275 [INFO] ======================================================================
2026-06-18 04:43:14,275 [INFO] [LOOP] Cycle #227 | 2026-06-18 04:43:14
2026-06-18 04:43:14,275 [INFO] [MONITOR] Evaluating 6 open positions…
2026-06-18 04:43:14,393 [INFO] [DATA] TRXUSDT | now=0.3210 | entry=0.3173 | PnL=+1.17%
2026-06-18 04:43:14,510 [INFO] [DATA] RLUSDUSDT | now=1.0009 | entry=1.0008 | PnL=+0.01%
2026-06-18 04:43:14,627 [INFO] [DATA] WLDUSDT | now=0.6560 | entry=0.6348 | PnL=+3.34%
2026-06-18 04:43:14,748 [INFO] [DATA] XLMUSDT | now=0.2296 | entry=0.2262 | PnL=+1.50%
2026-06-18 04:43:14,868 [INFO] [DATA] ENAUSDT | now=0.0933 | entry=0.0897 | PnL=+4.01%
2026-06-18 04:43:14,976 [INFO] [DATA] UNIUSDT | now=3.2510 | entry=3.3250 | PnL=-2.23%
2026-06-18 04:43:14,976 [INFO] [INVENTORY] 6/10 slots used — 4 vacant.
2026-06-18 04:43:15,305 [INFO] [LIQUIDITY] Free USDT: $0.00
2026-06-18 04:43:15,305 [INFO] [STANDBY] Insufficient USDT (need $10.00).
2026-06-18 04:43:15,305 [INFO] [SLEEP] Sleeping for 120s…
2026-06-18 04:45:15,306 [INFO] ======================================================================
2026-06-18 04:45:15,306 [INFO] [LOOP] Cycle #228 | 2026-06-18 04:45:15
2026-06-18 04:45:15,306 [INFO] [MONITOR] Evaluating 6 open positions…
2026-06-18 04:45:15,425 [INFO] [DATA] TRXUSDT | now=0.3210 | entry=0.3173 | PnL=+1.17%
2026-06-18 04:45:15,533 [INFO] [DATA] RLUSDUSDT | now=1.0009 | entry=1.0008 | PnL=+0.01%
2026-06-18 04:45:15,659 [INFO] [DATA] WLDUSDT | now=0.6570 | entry=0.6348 | PnL=+3.50%
2026-06-18 04:45:15,775 [INFO] [DATA] XLMUSDT | now=0.2298 | entry=0.2262 | PnL=+1.59%
2026-06-18 04:45:15,896 [INFO] [DATA] ENAUSDT | now=0.0936 | entry=0.0897 | PnL=+4.35%
2026-06-18 04:45:16,017 [INFO] [DATA] UNIUSDT | now=3.2490 | entry=3.3250 | PnL=-2.29%
2026-06-18 04:45:16,017 [INFO] [INVENTORY] 6/10 slots used — 4 vacant.
2026-06-18 04:45:16,134 [INFO] [LIQUIDITY] Free USDT: $0.00
2026-06-18 04:45:16,134 [INFO] [STANDBY] Insufficient USDT (need $10.00).
2026-06-18 04:45:16,134 [INFO] [SLEEP] Sleeping for 120s…
2026-06-18 04:47:16,143 [INFO] ======================================================================
2026-06-18 04:47:16,143 [INFO] [LOOP] Cycle #229 | 2026-06-18 04:47:16
2026-06-18 04:47:16,143 [INFO] [MONITOR] Evaluating 6 open positions…
2026-06-18 04:47:16,263 [INFO] [DATA] TRXUSDT | now=0.3210 | entry=0.3173 | PnL=+1.17%
2026-06-18 04:47:16,382 [INFO] [DATA] RLUSDUSDT | now=1.0008 | entry=1.0008 | PnL=+0.00%
2026-06-18 04:47:16,496 [INFO] [DATA] WLDUSDT | now=0.6583 | entry=0.6348 | PnL=+3.70%
2026-06-18 04:47:16,615 [INFO] [DATA] XLMUSDT | now=0.2308 | entry=0.2262 | PnL=+2.03%
2026-06-18 04:47:16,735 [INFO] [DATA] ENAUSDT | now=0.0941 | entry=0.0897 | PnL=+4.91%
2026-06-18 04:47:16,850 [INFO] [DATA] UNIUSDT | now=3.2520 | entry=3.3250 | PnL=-2.20%
2026-06-18 04:47:16,850 [INFO] [INVENTORY] 6/10 slots used — 4 vacant.
2026-06-18 04:47:16,970 [INFO] [LIQUIDITY] Free USDT: $0.00
2026-06-18 04:47:16,970 [INFO] [STANDBY] Insufficient USDT (need $10.00).
2026-06-18 04:47:16,970 [INFO] [SLEEP] Sleeping for 120s…
2026-06-18 04:49:16,976 [INFO] ======================================================================
2026-06-18 04:49:16,976 [INFO] [LOOP] Cycle #230 | 2026-06-18 04:49:16
2026-06-18 04:49:16,976 [INFO] [MONITOR] Evaluating 6 open positions…
2026-06-18 04:49:17,097 [INFO] [DATA] TRXUSDT | now=0.3213 | entry=0.3173 | PnL=+1.26%
2026-06-18 04:49:17,202 [INFO] [DATA] RLUSDUSDT | now=1.0009 | entry=1.0008 | PnL=+0.01%
2026-06-18 04:49:17,527 [INFO] [DATA] WLDUSDT | now=0.6599 | entry=0.6348 | PnL=+3.95%
2026-06-18 04:49:17,648 [INFO] [DATA] XLMUSDT | now=0.2300 | entry=0.2262 | PnL=+1.68%
2026-06-18 04:49:17,767 [INFO] [DATA] ENAUSDT | now=0.0949 | entry=0.0897 | PnL=+5.80%
2026-06-18 04:49:17,888 [INFO] [DATA] UNIUSDT | now=3.2540 | entry=3.3250 | PnL=-2.14%
2026-06-18 04:49:17,888 [INFO] [INVENTORY] 6/10 slots used — 4 vacant.
2026-06-18 04:49:18,012 [INFO] [LIQUIDITY] Free USDT: $0.00
2026-06-18 04:49:18,012 [INFO] [STANDBY] Insufficient USDT (need $10.00).
2026-06-18 04:49:18,012 [INFO] [SLEEP] Sleeping for 120s…
2026-06-18 04:51:18,013 [INFO] ======================================================================
2026-06-18 04:51:18,013 [INFO] [LOOP] Cycle #231 | 2026-06-18 04:51:18
2026-06-18 04:51:18,013 [INFO] [MONITOR] Evaluating 6 open positions…
2026-06-18 04:51:18,134 [INFO] [DATA] TRXUSDT | now=0.3213 | entry=0.3173 | PnL=+1.26%
2026-06-18 04:51:18,238 [INFO] [DATA] RLUSDUSDT | now=1.0009 | entry=1.0008 | PnL=+0.01%
2026-06-18 04:51:18,367 [INFO] [DATA] WLDUSDT | now=0.6575 | entry=0.6348 | PnL=+3.58%
2026-06-18 04:51:18,488 [INFO] [DATA] XLMUSDT | now=0.2288 | entry=0.2262 | PnL=+1.15%
2026-06-18 04:51:18,606 [INFO] [DATA] ENAUSDT | now=0.0949 | entry=0.0897 | PnL=+5.80%
2026-06-18 04:51:18,725 [INFO] [DATA] UNIUSDT | now=3.2440 | entry=3.3250 | PnL=-2.44%
2026-06-18 04:51:18,725 [INFO] [INVENTORY] 6/10 slots used — 4 vacant.
2026-06-18 04:51:18,844 [INFO] [LIQUIDITY] Free USDT: $0.00
2026-06-18 04:51:18,844 [INFO] [STANDBY] Insufficient USDT (need $10.00).
2026-06-18 04:51:18,844 [INFO] [SLEEP] Sleeping for 120s…
2026-06-18 04:53:18,851 [INFO] ======================================================================
2026-06-18 04:53:18,851 [INFO] [LOOP] Cycle #232 | 2026-06-18 04:53:18
2026-06-18 04:53:18,851 [INFO] [MONITOR] Evaluating 6 open positions…
2026-06-18 04:53:18,971 [INFO] [DATA] TRXUSDT | now=0.3215 | entry=0.3173 | PnL=+1.32%
2026-06-18 04:53:19,079 [INFO] [DATA] RLUSDUSDT | now=1.0009 | entry=1.0008 | PnL=+0.01%
2026-06-18 04:53:19,205 [INFO] [DATA] WLDUSDT | now=0.6568 | entry=0.6348 | PnL=+3.47%
2026-06-18 04:53:19,326 [INFO] [DATA] XLMUSDT | now=0.2285 | entry=0.2262 | PnL=+1.02%
2026-06-18 04:53:19,444 [INFO] [DATA] ENAUSDT | now=0.0949 | entry=0.0897 | PnL=+5.80%
2026-06-18 04:53:19,565 [INFO] [DATA] UNIUSDT | now=3.2530 | entry=3.3250 | PnL=-2.17%
2026-06-18 04:53:19,565 [INFO] [INVENTORY] 6/10 slots used — 4 vacant.
2026-06-18 04:53:19,682 [INFO] [LIQUIDITY] Free USDT: $0.00
2026-06-18 04:53:19,682 [INFO] [STANDBY] Insufficient USDT (need $10.00).
2026-06-18 04:53:19,682 [INFO] [SLEEP] Sleeping for 120s…
2026-06-18 04:55:19,691 [INFO] ======================================================================
2026-06-18 04:55:19,691 [INFO] [LOOP] Cycle #233 | 2026-06-18 04:55:19
2026-06-18 04:55:19,691 [INFO] [MONITOR] Evaluating 6 open positions…
2026-06-18 04:55:19,811 [INFO] [DATA] TRXUSDT | now=0.3215 | entry=0.3173 | PnL=+1.32%
2026-06-18 04:55:19,929 [INFO] [DATA] RLUSDUSDT | now=1.0009 | entry=1.0008 | PnL=+0.01%
2026-06-18 04:55:20,046 [INFO] [DATA] WLDUSDT | now=0.6602 | entry=0.6348 | PnL=+4.00%
2026-06-18 04:55:20,159 [INFO] [DATA] XLMUSDT | now=0.2284 | entry=0.2262 | PnL=+0.97%
2026-06-18 04:55:20,281 [INFO] [DATA] ENAUSDT | now=0.0953 | entry=0.0897 | PnL=+6.24%
2026-06-18 04:55:20,398 [INFO] [DATA] UNIUSDT | now=3.2630 | entry=3.3250 | PnL=-1.86%
2026-06-18 04:55:20,398 [INFO] [INVENTORY] 6/10 slots used — 4 vacant.
2026-06-18 04:55:20,518 [INFO] [LIQUIDITY] Free USDT: $0.00
2026-06-18 04:55:20,518 [INFO] [STANDBY] Insufficient USDT (need $10.00).
2026-06-18 04:55:20,518 [INFO] [SLEEP] Sleeping for 120s…
2026-06-18 04:57:20,527 [INFO] ======================================================================
2026-06-18 04:57:20,527 [INFO] [LOOP] Cycle #234 | 2026-06-18 04:57:20
2026-06-18 04:57:20,527 [INFO] [MONITOR] Evaluating 6 open positions…
2026-06-18 04:57:20,646 [INFO] [DATA] TRXUSDT | now=0.3216 | entry=0.3173 | PnL=+1.36%
2026-06-18 04:57:20,749 [INFO] [DATA] RLUSDUSDT | now=1.0009 | entry=1.0008 | PnL=+0.01%
2026-06-18 04:57:20,877 [INFO] [DATA] WLDUSDT | now=0.6587 | entry=0.6348 | PnL=+3.76%
2026-06-18 04:57:20,995 [INFO] [DATA] XLMUSDT | now=0.2269 | entry=0.2262 | PnL=+0.31%
2026-06-18 04:57:21,111 [INFO] [DATA] ENAUSDT | now=0.0955 | entry=0.0897 | PnL=+6.47%
2026-06-18 04:57:21,228 [INFO] [DATA] UNIUSDT | now=3.2560 | entry=3.3250 | PnL=-2.08%
2026-06-18 04:57:21,228 [INFO] [INVENTORY] 6/10 slots used — 4 vacant.
2026-06-18 04:57:21,334 [INFO] [LIQUIDITY] Free USDT: $0.00
2026-06-18 04:57:21,334 [INFO] [STANDBY] Insufficient USDT (need $10.00).
2026-06-18 04:57:21,334 [INFO] [SLEEP] Sleeping for 120s…
2026-06-18 04:59:21,345 [INFO] ======================================================================
2026-06-18 04:59:21,345 [INFO] [LOOP] Cycle #235 | 2026-06-18 04:59:21
2026-06-18 04:59:21,345 [INFO] [MONITOR] Evaluating 6 open positions…
2026-06-18 04:59:21,463 [INFO] [DATA] TRXUSDT | now=0.3216 | entry=0.3173 | PnL=+1.36%
2026-06-18 04:59:21,571 [INFO] [DATA] RLUSDUSDT | now=1.0009 | entry=1.0008 | PnL=+0.01%
2026-06-18 04:59:21,692 [INFO] [DATA] WLDUSDT | now=0.6571 | entry=0.6348 | PnL=+3.51%
2026-06-18 04:59:21,809 [INFO] [DATA] XLMUSDT | now=0.2268 | entry=0.2262 | PnL=+0.27%
2026-06-18 04:59:21,928 [INFO] [DATA] ENAUSDT | now=0.0952 | entry=0.0897 | PnL=+6.13%
2026-06-18 04:59:22,045 [INFO] [DATA] UNIUSDT | now=3.2550 | entry=3.3250 | PnL=-2.11%
2026-06-18 04:59:22,045 [INFO] [INVENTORY] 6/10 slots used — 4 vacant.
2026-06-18 04:59:22,162 [INFO] [LIQUIDITY] Free USDT: $0.00
2026-06-18 04:59:22,162 [INFO] [STANDBY] Insufficient USDT (need $10.00).
2026-06-18 04:59:22,162 [INFO] [SLEEP] Sleeping for 120s…
2026-06-18 05:01:22,170 [INFO] ======================================================================
2026-06-18 05:01:22,170 [INFO] [LOOP] Cycle #236 | 2026-06-18 05:01:22
2026-06-18 05:01:22,170 [INFO] [MONITOR] Evaluating 6 open positions…
2026-06-18 05:01:22,290 [INFO] [DATA] TRXUSDT | now=0.3216 | entry=0.3173 | PnL=+1.36%
2026-06-18 05:01:22,395 [INFO] [DATA] RLUSDUSDT | now=1.0008 | entry=1.0008 | PnL=+0.00%
2026-06-18 05:01:22,528 [INFO] [DATA] WLDUSDT | now=0.6570 | entry=0.6348 | PnL=+3.50%
2026-06-18 05:01:22,632 [INFO] [DATA] XLMUSDT | now=0.2271 | entry=0.2262 | PnL=+0.40%
2026-06-18 05:01:22,760 [INFO] [DATA] ENAUSDT | now=0.0956 | entry=0.0897 | PnL=+6.58%
2026-06-18 05:01:22,874 [INFO] [DATA] UNIUSDT | now=3.2500 | entry=3.3250 | PnL=-2.26%
2026-06-18 05:01:22,874 [INFO] [INVENTORY] 6/10 slots used — 4 vacant.
2026-06-18 05:01:22,992 [INFO] [LIQUIDITY] Free USDT: $0.00
2026-06-18 05:01:22,992 [INFO] [STANDBY] Insufficient USDT (need $10.00).
2026-06-18 05:01:22,992 [INFO] [SLEEP] Sleeping for 120s…
2026-06-18 05:03:22,997 [INFO] ======================================================================
2026-06-18 05:03:22,997 [INFO] [LOOP] Cycle #237 | 2026-06-18 05:03:22
2026-06-18 05:03:22,997 [INFO] [MONITOR] Evaluating 6 open positions…
2026-06-18 05:03:23,114 [INFO] [DATA] TRXUSDT | now=0.3216 | entry=0.3173 | PnL=+1.36%
2026-06-18 05:03:23,222 [INFO] [DATA] RLUSDUSDT | now=1.0008 | entry=1.0008 | PnL=+0.00%
2026-06-18 05:03:23,345 [INFO] [DATA] WLDUSDT | now=0.6594 | entry=0.6348 | PnL=+3.88%
2026-06-18 05:03:23,463 [INFO] [DATA] XLMUSDT | now=0.2268 | entry=0.2262 | PnL=+0.27%
2026-06-18 05:03:23,581 [INFO] [DATA] ENAUSDT | now=0.0958 | entry=0.0897 | PnL=+6.80%
2026-06-18 05:03:23,684 [INFO] [DATA] UNIUSDT | now=3.2450 | entry=3.3250 | PnL=-2.41%
2026-06-18 05:03:23,699 [INFO] [INVENTORY] 6/10 slots used — 4 vacant.
2026-06-18 05:03:23,813 [INFO] [LIQUIDITY] Free USDT: $0.00
2026-06-18 05:03:23,813 [INFO] [STANDBY] Insufficient USDT (need $10.00).
2026-06-18 05:03:23,813 [INFO] [SLEEP] Sleeping for 120s…
2026-06-18 05:05:23,817 [INFO] ======================================================================
2026-06-18 05:05:23,817 [INFO] [LOOP] Cycle #238 | 2026-06-18 05:05:23
2026-06-18 05:05:23,817 [INFO] [MONITOR] Evaluating 6 open positions…
2026-06-18 05:05:23,935 [INFO] [DATA] TRXUSDT | now=0.3216 | entry=0.3173 | PnL=+1.36%
2026-06-18 05:05:24,044 [INFO] [DATA] RLUSDUSDT | now=1.0008 | entry=1.0008 | PnL=+0.00%
2026-06-18 05:05:24,163 [INFO] [DATA] WLDUSDT | now=0.6600 | entry=0.6348 | PnL=+3.97%
2026-06-18 05:05:24,281 [INFO] [DATA] XLMUSDT | now=0.2267 | entry=0.2262 | PnL=+0.22%
2026-06-18 05:05:24,398 [INFO] [DATA] ENAUSDT | now=0.0955 | entry=0.0897 | PnL=+6.47%
2026-06-18 05:05:24,521 [INFO] [DATA] UNIUSDT | now=3.2430 | entry=3.3250 | PnL=-2.47%
2026-06-18 05:05:24,521 [INFO] [INVENTORY] 6/10 slots used — 4 vacant.
2026-06-18 05:05:24,637 [INFO] [LIQUIDITY] Free USDT: $0.00
2026-06-18 05:05:24,637 [INFO] [STANDBY] Insufficient USDT (need $10.00).
2026-06-18 05:05:24,637 [INFO] [SLEEP] Sleeping for 120s…
2026-06-18 05:07:24,643 [INFO] ======================================================================
2026-06-18 05:07:24,643 [INFO] [LOOP] Cycle #239 | 2026-06-18 05:07:24
2026-06-18 05:07:24,643 [INFO] [MONITOR] Evaluating 6 open positions…
2026-06-18 05:07:24,761 [INFO] [DATA] TRXUSDT | now=0.3216 | entry=0.3173 | PnL=+1.36%
2026-06-18 05:07:24,867 [INFO] [DATA] RLUSDUSDT | now=1.0009 | entry=1.0008 | PnL=+0.01%
2026-06-18 05:07:24,993 [INFO] [DATA] WLDUSDT | now=0.6600 | entry=0.6348 | PnL=+3.97%
2026-06-18 05:07:25,111 [INFO] [DATA] XLMUSDT | now=0.2266 | entry=0.2262 | PnL=+0.18%
2026-06-18 05:07:25,228 [INFO] [DATA] ENAUSDT | now=0.0949 | entry=0.0897 | PnL=+5.80%
2026-06-18 05:07:25,344 [INFO] [DATA] UNIUSDT | now=3.2370 | entry=3.3250 | PnL=-2.65%
2026-06-18 05:07:25,344 [INFO] [INVENTORY] 6/10 slots used — 4 vacant.
2026-06-18 05:07:25,466 [INFO] [LIQUIDITY] Free USDT: $0.00
2026-06-18 05:07:25,466 [INFO] [STANDBY] Insufficient USDT (need $10.00).
2026-06-18 05:07:25,466 [INFO] [SLEEP] Sleeping for 120s…
2026-06-18 05:09:25,469 [INFO] ======================================================================
2026-06-18 05:09:25,469 [INFO] [LOOP] Cycle #240 | 2026-06-18 05:09:25
2026-06-18 05:09:25,469 [INFO] [MONITOR] Evaluating 6 open positions…
2026-06-18 05:09:25,591 [INFO] [DATA] TRXUSDT | now=0.3216 | entry=0.3173 | PnL=+1.36%
2026-06-18 05:09:25,696 [INFO] [DATA] RLUSDUSDT | now=1.0008 | entry=1.0008 | PnL=+0.00%
2026-06-18 05:09:25,823 [INFO] [DATA] WLDUSDT | now=0.6587 | entry=0.6348 | PnL=+3.76%
2026-06-18 05:09:25,943 [INFO] [DATA] XLMUSDT | now=0.2268 | entry=0.2262 | PnL=+0.27%
2026-06-18 05:09:26,061 [INFO] [DATA] ENAUSDT | now=0.0950 | entry=0.0897 | PnL=+5.91%
2026-06-18 05:09:26,180 [INFO] [DATA] UNIUSDT | now=3.2310 | entry=3.3250 | PnL=-2.83%
2026-06-18 05:09:26,180 [INFO] [INVENTORY] 6/10 slots used — 4 vacant.
2026-06-18 05:09:26,295 [INFO] [LIQUIDITY] Free USDT: $0.00
2026-06-18 05:09:26,295 [INFO] [STANDBY] Insufficient USDT (need $10.00).
2026-06-18 05:09:26,295 [INFO] [SLEEP] Sleeping for 120s…
2026-06-18 05:11:26,300 [INFO] ======================================================================
2026-06-18 05:11:26,300 [INFO] [LOOP] Cycle #241 | 2026-06-18 05:11:26
2026-06-18 05:11:26,300 [INFO] [MONITOR] Evaluating 6 open positions…
2026-06-18 05:11:26,421 [INFO] [DATA] TRXUSDT | now=0.3217 | entry=0.3173 | PnL=+1.39%
2026-06-18 05:11:26,523 [INFO] [DATA] RLUSDUSDT | now=1.0008 | entry=1.0008 | PnL=+0.00%
2026-06-18 05:11:26,651 [INFO] [DATA] WLDUSDT | now=0.6569 | entry=0.6348 | PnL=+3.48%
2026-06-18 05:11:26,770 [INFO] [DATA] XLMUSDT | now=0.2263 | entry=0.2262 | PnL=+0.04%
2026-06-18 05:11:26,891 [INFO] [DATA] ENAUSDT | now=0.0952 | entry=0.0897 | PnL=+6.13%
2026-06-18 05:11:27,009 [INFO] [DATA] UNIUSDT | now=3.2260 | entry=3.3250 | PnL=-2.98%
2026-06-18 05:11:27,009 [INFO] [INVENTORY] 6/10 slots used — 4 vacant.
2026-06-18 05:11:27,123 [INFO] [LIQUIDITY] Free USDT: $0.00
2026-06-18 05:11:27,123 [INFO] [STANDBY] Insufficient USDT (need $10.00).
2026-06-18 05:11:27,123 [INFO] [SLEEP] Sleeping for 120s…
2026-06-18 05:13:27,129 [INFO] ======================================================================
2026-06-18 05:13:27,129 [INFO] [LOOP] Cycle #242 | 2026-06-18 05:13:27
2026-06-18 05:13:27,129 [INFO] [MONITOR] Evaluating 6 open positions…
2026-06-18 05:13:27,245 [INFO] [DATA] TRXUSDT | now=0.3217 | entry=0.3173 | PnL=+1.39%
2026-06-18 05:13:27,352 [INFO] [DATA] RLUSDUSDT | now=1.0008 | entry=1.0008 | PnL=+0.00%
2026-06-18 05:13:27,473 [INFO] [DATA] WLDUSDT | now=0.6560 | entry=0.6348 | PnL=+3.34%
2026-06-18 05:13:27,590 [INFO] [DATA] XLMUSDT | now=0.2265 | entry=0.2262 | PnL=+0.13%
2026-06-18 05:13:27,707 [INFO] [DATA] ENAUSDT | now=0.0948 | entry=0.0897 | PnL=+5.69%
2026-06-18 05:13:27,824 [INFO] [DATA] UNIUSDT | now=3.2270 | entry=3.3250 | PnL=-2.95%
2026-06-18 05:13:27,824 [INFO] [INVENTORY] 6/10 slots used — 4 vacant.
2026-06-18 05:13:27,941 [INFO] [LIQUIDITY] Free USDT: $0.00
2026-06-18 05:13:27,941 [INFO] [STANDBY] Insufficient USDT (need $10.00).
2026-06-18 05:13:27,941 [INFO] [SLEEP] Sleeping for 120s…
2026-06-18 05:15:27,947 [INFO] ======================================================================
2026-06-18 05:15:27,947 [INFO] [LOOP] Cycle #243 | 2026-06-18 05:15:27
2026-06-18 05:15:27,947 [INFO] [MONITOR] Evaluating 6 open positions…
2026-06-18 05:15:28,065 [INFO] [DATA] TRXUSDT | now=0.3215 | entry=0.3173 | PnL=+1.32%
2026-06-18 05:15:28,169 [INFO] [DATA] RLUSDUSDT | now=1.0008 | entry=1.0008 | PnL=+0.00%
2026-06-18 05:15:28,298 [INFO] [DATA] WLDUSDT | now=0.6562 | entry=0.6348 | PnL=+3.37%
2026-06-18 05:15:28,413 [INFO] [DATA] XLMUSDT | now=0.2256 | entry=0.2262 | PnL=-0.27%
2026-06-18 05:15:28,533 [INFO] [DATA] ENAUSDT | now=0.0945 | entry=0.0897 | PnL=+5.35%
2026-06-18 05:15:28,651 [INFO] [DATA] UNIUSDT | now=3.2210 | entry=3.3250 | PnL=-3.13%
2026-06-18 05:15:28,651 [INFO] [INVENTORY] 6/10 slots used — 4 vacant.
2026-06-18 05:15:28,767 [INFO] [LIQUIDITY] Free USDT: $0.00
2026-06-18 05:15:28,767 [INFO] [STANDBY] Insufficient USDT (need $10.00).
2026-06-18 05:15:28,767 [INFO] [SLEEP] Sleeping for 120s…
2026-06-18 05:17:28,773 [INFO] ======================================================================
2026-06-18 05:17:28,773 [INFO] [LOOP] Cycle #244 | 2026-06-18 05:17:28
2026-06-18 05:17:28,773 [INFO] [MONITOR] Evaluating 6 open positions…
2026-06-18 05:17:28,890 [INFO] [DATA] TRXUSDT | now=0.3217 | entry=0.3173 | PnL=+1.39%
2026-06-18 05:17:29,005 [INFO] [DATA] RLUSDUSDT | now=1.0008 | entry=1.0008 | PnL=+0.00%
2026-06-18 05:17:29,108 [INFO] [DATA] WLDUSDT | now=0.6596 | entry=0.6348 | PnL=+3.91%
2026-06-18 05:17:29,233 [INFO] [DATA] XLMUSDT | now=0.2261 | entry=0.2262 | PnL=-0.04%
2026-06-18 05:17:29,353 [INFO] [DATA] ENAUSDT | now=0.0951 | entry=0.0897 | PnL=+6.02%
2026-06-18 05:17:29,472 [INFO] [DATA] UNIUSDT | now=3.2300 | entry=3.3250 | PnL=-2.86%
2026-06-18 05:17:29,472 [INFO] [INVENTORY] 6/10 slots used — 4 vacant.
2026-06-18 05:17:29,588 [INFO] [LIQUIDITY] Free USDT: $0.00
2026-06-18 05:17:29,588 [INFO] [STANDBY] Insufficient USDT (need $10.00).
2026-06-18 05:17:29,588 [INFO] [SLEEP] Sleeping for 120s…
2026-06-18 05:19:29,594 [INFO] ======================================================================
2026-06-18 05:19:29,594 [INFO] [LOOP] Cycle #245 | 2026-06-18 05:19:29
2026-06-18 05:19:29,594 [INFO] [MONITOR] Evaluating 6 open positions…
2026-06-18 05:19:29,711 [INFO] [DATA] TRXUSDT | now=0.3218 | entry=0.3173 | PnL=+1.42%
2026-06-18 05:19:29,821 [INFO] [DATA] RLUSDUSDT | now=1.0008 | entry=1.0008 | PnL=+0.00%
2026-06-18 05:19:29,947 [INFO] [DATA] WLDUSDT | now=0.6597 | entry=0.6348 | PnL=+3.92%
2026-06-18 05:19:30,062 [INFO] [DATA] XLMUSDT | now=0.2266 | entry=0.2262 | PnL=+0.18%
2026-06-18 05:19:30,180 [INFO] [DATA] ENAUSDT | now=0.0950 | entry=0.0897 | PnL=+5.91%
2026-06-18 05:19:30,296 [INFO] [DATA] UNIUSDT | now=3.2300 | entry=3.3250 | PnL=-2.86%
2026-06-18 05:19:30,296 [INFO] [INVENTORY] 6/10 slots used — 4 vacant.
2026-06-18 05:19:30,413 [INFO] [LIQUIDITY] Free USDT: $0.00
2026-06-18 05:19:30,413 [INFO] [STANDBY] Insufficient USDT (need $10.00).
2026-06-18 05:19:30,413 [INFO] [SLEEP] Sleeping for 120s…
2026-06-18 05:21:30,418 [INFO] ======================================================================
2026-06-18 05:21:30,418 [INFO] [LOOP] Cycle #246 | 2026-06-18 05:21:30
2026-06-18 05:21:30,418 [INFO] [MONITOR] Evaluating 6 open positions…
2026-06-18 05:21:30,536 [INFO] [DATA] TRXUSDT | now=0.3218 | entry=0.3173 | PnL=+1.42%
2026-06-18 05:21:30,641 [INFO] [DATA] RLUSDUSDT | now=1.0008 | entry=1.0008 | PnL=+0.00%
2026-06-18 05:21:30,767 [INFO] [DATA] WLDUSDT | now=0.6596 | entry=0.6348 | PnL=+3.91%
2026-06-18 05:21:30,887 [INFO] [DATA] XLMUSDT | now=0.2263 | entry=0.2262 | PnL=+0.04%
2026-06-18 05:21:30,996 [INFO] [DATA] ENAUSDT | now=0.0952 | entry=0.0897 | PnL=+6.13%
2026-06-18 05:21:31,121 [INFO] [DATA] UNIUSDT | now=3.2240 | entry=3.3250 | PnL=-3.04%
2026-06-18 05:21:31,121 [INFO] [INVENTORY] 6/10 slots used — 4 vacant.
2026-06-18 05:21:31,238 [INFO] [LIQUIDITY] Free USDT: $0.00
2026-06-18 05:21:31,238 [INFO] [STANDBY] Insufficient USDT (need $10.00).
2026-06-18 05:21:31,238 [INFO] [SLEEP] Sleeping for 120s…
2026-06-18 05:23:31,242 [INFO] ======================================================================
2026-06-18 05:23:31,242 [INFO] [LOOP] Cycle #247 | 2026-06-18 05:23:31
2026-06-18 05:23:31,242 [INFO] [MONITOR] Evaluating 6 open positions…
2026-06-18 05:23:31,358 [INFO] [DATA] TRXUSDT | now=0.3218 | entry=0.3173 | PnL=+1.42%
2026-06-18 05:23:31,465 [INFO] [DATA] RLUSDUSDT | now=1.0008 | entry=1.0008 | PnL=+0.00%
2026-06-18 05:23:31,590 [INFO] [DATA] WLDUSDT | now=0.6593 | entry=0.6348 | PnL=+3.86%
2026-06-18 05:23:31,707 [INFO] [DATA] XLMUSDT | now=0.2262 | entry=0.2262 | PnL=+0.00%
2026-06-18 05:23:31,825 [INFO] [DATA] ENAUSDT | now=0.0954 | entry=0.0897 | PnL=+6.35%
2026-06-18 05:23:31,941 [INFO] [DATA] UNIUSDT | now=3.2260 | entry=3.3250 | PnL=-2.98%
2026-06-18 05:23:31,941 [INFO] [INVENTORY] 6/10 slots used — 4 vacant.
2026-06-18 05:23:32,057 [INFO] [LIQUIDITY] Free USDT: $0.00
2026-06-18 05:23:32,057 [INFO] [STANDBY] Insufficient USDT (need $10.00).
2026-06-18 05:23:32,057 [INFO] [SLEEP] Sleeping for 120s…
2026-06-18 05:25:32,064 [INFO] ======================================================================
2026-06-18 05:25:32,064 [INFO] [LOOP] Cycle #248 | 2026-06-18 05:25:32
2026-06-18 05:25:32,064 [INFO] [MONITOR] Evaluating 6 open positions…
2026-06-18 05:25:32,182 [INFO] [DATA] TRXUSDT | now=0.3218 | entry=0.3173 | PnL=+1.42%
2026-06-18 05:25:32,290 [INFO] [DATA] RLUSDUSDT | now=1.0008 | entry=1.0008 | PnL=+0.00%
2026-06-18 05:25:32,414 [INFO] [DATA] WLDUSDT | now=0.6586 | entry=0.6348 | PnL=+3.75%
2026-06-18 05:25:32,533 [INFO] [DATA] XLMUSDT | now=0.2257 | entry=0.2262 | PnL=-0.22%
2026-06-18 05:25:32,651 [INFO] [DATA] ENAUSDT | now=0.0952 | entry=0.0897 | PnL=+6.13%
2026-06-18 05:25:32,772 [INFO] [DATA] UNIUSDT | now=3.2250 | entry=3.3250 | PnL=-3.01%
2026-06-18 05:25:32,773 [INFO] [INVENTORY] 6/10 slots used — 4 vacant.
2026-06-18 05:25:32,882 [INFO] [LIQUIDITY] Free USDT: $0.00
2026-06-18 05:25:32,882 [INFO] [STANDBY] Insufficient USDT (need $10.00).
2026-06-18 05:25:32,882 [INFO] [SLEEP] Sleeping for 120s…
2026-06-18 05:27:32,890 [INFO] ======================================================================
2026-06-18 05:27:32,890 [INFO] [LOOP] Cycle #249 | 2026-06-18 05:27:32
2026-06-18 05:27:32,890 [INFO] [MONITOR] Evaluating 6 open positions…
2026-06-18 05:27:33,011 [INFO] [DATA] TRXUSDT | now=0.3217 | entry=0.3173 | PnL=+1.39%
2026-06-18 05:27:33,124 [INFO] [DATA] RLUSDUSDT | now=1.0008 | entry=1.0008 | PnL=+0.00%
2026-06-18 05:27:33,241 [INFO] [DATA] WLDUSDT | now=0.6583 | entry=0.6348 | PnL=+3.70%
2026-06-18 05:27:33,359 [INFO] [DATA] XLMUSDT | now=0.2256 | entry=0.2262 | PnL=-0.27%
2026-06-18 05:27:33,477 [INFO] [DATA] ENAUSDT | now=0.0950 | entry=0.0897 | PnL=+5.91%
2026-06-18 05:27:33,595 [INFO] [DATA] UNIUSDT | now=3.2270 | entry=3.3250 | PnL=-2.95%
2026-06-18 05:27:33,595 [INFO] [INVENTORY] 6/10 slots used — 4 vacant.
2026-06-18 05:27:33,710 [INFO] [LIQUIDITY] Free USDT: $0.00
2026-06-18 05:27:33,710 [INFO] [STANDBY] Insufficient USDT (need $10.00).
2026-06-18 05:27:33,710 [INFO] [SLEEP] Sleeping for 120s…
