2026-06-19 11:53:59,847 [INFO] [SYSTEM] Synchronising clock with Binance server…
2026-06-19 11:54:00,014 [INFO] [SYSTEM] Clock synchronised. Offset: 53111ms.
2026-06-19 11:54:00,037 [INFO] [SYSTEM] Bot started. Tracking 9 positions.
2026-06-19 11:54:00,038 [INFO] [SYSTEM] Running one-time wallet ingestion…
2026-06-19 11:54:02,660 [INFO] [SYSTEM] Ingestion complete. Tracking 9 positions.
2026-06-19 11:54:02,660 [INFO] ======================================================================
2026-06-19 11:54:02,660 [INFO] [LOOP] Cycle #1 | 2026-06-19 11:54:02
2026-06-19 11:54:02,660 [INFO] [MONITOR] Evaluating 9 open positions…
2026-06-19 11:54:02,999 [INFO] [DATA] TRXUSDT | now=0.3208 | entry=0.3173 | PnL=+1.10%
2026-06-19 11:54:03,180 [INFO] [DATA] RLUSDUSDT | now=1.0008 | entry=1.0008 | PnL=+0.00%
2026-06-19 11:54:03,301 [INFO] [DATA] WLDUSDT | now=0.6439 | entry=0.6348 | PnL=+1.43%
2026-06-19 11:54:03,429 [INFO] [DATA] XLMUSDT | now=0.2219 | entry=0.2262 | PnL=-1.90%
2026-06-19 11:54:03,550 [INFO] [DATA] ENAUSDT | now=0.0885 | entry=0.0897 | PnL=-1.34%
2026-06-19 11:54:03,864 [INFO] [DATA] UUSDT | now=1.0009 | entry=1.0009 | PnL=+0.00%
2026-06-19 11:54:03,990 [INFO] [DATA] SYNUSDT | now=0.1213 | entry=0.1178 | PnL=+2.97%
2026-06-19 11:54:04,113 [INFO] [DATA] BIOUSDT | now=0.0353 | entry=0.0356 | PnL=-0.84%
2026-06-19 11:54:04,235 [INFO] [DATA] ALLOUSDT | now=0.3953 | entry=0.3833 | PnL=+3.13%
2026-06-19 11:54:04,235 [INFO] [INVENTORY] 9/10 slots used — 1 vacant.
2026-06-19 11:54:04,454 [INFO] [LIQUIDITY] Free USDT: $0.58
2026-06-19 11:54:04,467 [INFO] [STANDBY] Insufficient USDT (need $10.00).
2026-06-19 11:54:04,467 [INFO] [SLEEP] Sleeping for 120s…
2026-06-19 11:56:04,469 [INFO] ======================================================================
2026-06-19 11:56:04,469 [INFO] [LOOP] Cycle #2 | 2026-06-19 11:56:04
2026-06-19 11:56:04,469 [INFO] [MONITOR] Evaluating 9 open positions…
2026-06-19 11:56:04,625 [INFO] [DATA] TRXUSDT | now=0.3208 | entry=0.3173 | PnL=+1.10%
2026-06-19 11:56:04,745 [INFO] [DATA] RLUSDUSDT | now=1.0008 | entry=1.0008 | PnL=+0.00%
2026-06-19 11:56:04,930 [INFO] [DATA] WLDUSDT | now=0.6441 | entry=0.6348 | PnL=+1.47%
2026-06-19 11:56:05,046 [INFO] [DATA] XLMUSDT | now=0.2219 | entry=0.2262 | PnL=-1.90%
2026-06-19 11:56:05,166 [INFO] [DATA] ENAUSDT | now=0.0886 | entry=0.0897 | PnL=-1.23%
2026-06-19 11:56:05,316 [INFO] [DATA] UUSDT | now=1.0009 | entry=1.0009 | PnL=+0.00%
2026-06-19 11:56:05,451 [INFO] [DATA] SYNUSDT | now=0.1220 | entry=0.1178 | PnL=+3.57%
2026-06-19 11:56:05,601 [INFO] [DATA] BIOUSDT | now=0.0354 | entry=0.0356 | PnL=-0.65%
2026-06-19 11:56:05,736 [INFO] [DATA] ALLOUSDT | now=0.3923 | entry=0.3833 | PnL=+2.35%
2026-06-19 11:56:05,736 [INFO] [INVENTORY] 9/10 slots used — 1 vacant.
2026-06-19 11:56:05,856 [INFO] [LIQUIDITY] Free USDT: $0.58
2026-06-19 11:56:05,856 [INFO] [STANDBY] Insufficient USDT (need $10.00).
2026-06-19 11:56:05,856 [INFO] [SLEEP] Sleeping for 120s…
2026-06-19 11:58:05,870 [INFO] ======================================================================
2026-06-19 11:58:05,870 [INFO] [LOOP] Cycle #3 | 2026-06-19 11:58:05
2026-06-19 11:58:05,870 [INFO] [MONITOR] Evaluating 9 open positions…
2026-06-19 11:58:05,985 [INFO] [DATA] TRXUSDT | now=0.3208 | entry=0.3173 | PnL=+1.10%
2026-06-19 11:58:06,105 [INFO] [DATA] RLUSDUSDT | now=1.0008 | entry=1.0008 | PnL=+0.00%
2026-06-19 11:58:06,240 [INFO] [DATA] WLDUSDT | now=0.6406 | entry=0.6348 | PnL=+0.91%
2026-06-19 11:58:06,360 [INFO] [DATA] XLMUSDT | now=0.2216 | entry=0.2262 | PnL=-2.03%
2026-06-19 11:58:06,480 [INFO] [DATA] ENAUSDT | now=0.0884 | entry=0.0897 | PnL=-1.45%
2026-06-19 11:58:06,616 [INFO] [DATA] UUSDT | now=1.0008 | entry=1.0009 | PnL=-0.01%
2026-06-19 11:58:06,992 [INFO] [DATA] SYNUSDT | now=0.1211 | entry=0.1178 | PnL=+2.80%
2026-06-19 11:58:07,203 [INFO] [DATA] BIOUSDT | now=0.0353 | entry=0.0356 | PnL=-0.84%
2026-06-19 11:58:07,353 [INFO] [DATA] ALLOUSDT | now=0.3903 | entry=0.3833 | PnL=+1.83%
2026-06-19 11:58:07,353 [INFO] [INVENTORY] 9/10 slots used — 1 vacant.
2026-06-19 11:58:07,488 [INFO] [LIQUIDITY] Free USDT: $0.58
2026-06-19 11:58:07,488 [INFO] [STANDBY] Insufficient USDT (need $10.00).
2026-06-19 11:58:07,488 [INFO] [SLEEP] Sleeping for 120s…
2026-06-19 12:00:07,500 [INFO] ======================================================================
2026-06-19 12:00:07,500 [INFO] [LOOP] Cycle #4 | 2026-06-19 12:00:07
2026-06-19 12:00:07,500 [INFO] [MONITOR] Evaluating 9 open positions…
2026-06-19 12:00:07,675 [INFO] [DATA] TRXUSDT | now=0.3208 | entry=0.3173 | PnL=+1.10%
2026-06-19 12:00:07,870 [INFO] [DATA] RLUSDUSDT | now=1.0008 | entry=1.0008 | PnL=+0.00%
2026-06-19 12:00:08,170 [INFO] [DATA] WLDUSDT | now=0.6422 | entry=0.6348 | PnL=+1.17%
2026-06-19 12:00:08,741 [INFO] [DATA] XLMUSDT | now=0.2220 | entry=0.2262 | PnL=-1.86%
2026-06-19 12:00:09,101 [INFO] [DATA] ENAUSDT | now=0.0885 | entry=0.0897 | PnL=-1.34%
2026-06-19 12:00:09,297 [INFO] [DATA] UUSDT | now=1.0009 | entry=1.0009 | PnL=+0.00%
2026-06-19 12:00:09,477 [INFO] [DATA] SYNUSDT | now=0.1199 | entry=0.1178 | PnL=+1.78%
2026-06-19 12:00:09,747 [INFO] [DATA] BIOUSDT | now=0.0353 | entry=0.0356 | PnL=-0.84%
2026-06-19 12:00:10,092 [INFO] [DATA] ALLOUSDT | now=0.3906 | entry=0.3833 | PnL=+1.90%
2026-06-19 12:00:10,092 [INFO] [INVENTORY] 9/10 slots used — 1 vacant.
2026-06-19 12:00:10,242 [INFO] [LIQUIDITY] Free USDT: $0.58
2026-06-19 12:00:10,242 [INFO] [STANDBY] Insufficient USDT (need $10.00).
2026-06-19 12:00:10,242 [INFO] [SLEEP] Sleeping for 120s…
2026-06-19 12:02:10,251 [INFO] ======================================================================
2026-06-19 12:02:10,251 [INFO] [LOOP] Cycle #5 | 2026-06-19 12:02:10
2026-06-19 12:02:10,251 [INFO] [MONITOR] Evaluating 9 open positions…
2026-06-19 12:02:10,373 [INFO] [DATA] TRXUSDT | now=0.3207 | entry=0.3173 | PnL=+1.07%
2026-06-19 12:02:10,494 [INFO] [DATA] RLUSDUSDT | now=1.0007 | entry=1.0008 | PnL=-0.01%
2026-06-19 12:02:10,614 [INFO] [DATA] WLDUSDT | now=0.6416 | entry=0.6348 | PnL=+1.07%
2026-06-19 12:02:10,734 [INFO] [DATA] XLMUSDT | now=0.2216 | entry=0.2262 | PnL=-2.03%
2026-06-19 12:02:10,869 [INFO] [DATA] ENAUSDT | now=0.0884 | entry=0.0897 | PnL=-1.45%
2026-06-19 12:02:11,004 [INFO] [DATA] UUSDT | now=1.0009 | entry=1.0009 | PnL=+0.00%
2026-06-19 12:02:11,124 [INFO] [DATA] SYNUSDT | now=0.1197 | entry=0.1178 | PnL=+1.61%
2026-06-19 12:02:11,259 [INFO] [DATA] BIOUSDT | now=0.0354 | entry=0.0356 | PnL=-0.73%
2026-06-19 12:02:11,424 [INFO] [DATA] ALLOUSDT | now=0.3910 | entry=0.3833 | PnL=+2.01%
2026-06-19 12:02:11,424 [INFO] [INVENTORY] 9/10 slots used — 1 vacant.
2026-06-19 12:02:11,559 [INFO] [LIQUIDITY] Free USDT: $0.58
2026-06-19 12:02:11,559 [INFO] [STANDBY] Insufficient USDT (need $10.00).
2026-06-19 12:02:11,559 [INFO] [SLEEP] Sleeping for 120s…
2026-06-19 12:04:11,572 [INFO] ======================================================================
2026-06-19 12:04:11,572 [INFO] [LOOP] Cycle #6 | 2026-06-19 12:04:11
2026-06-19 12:04:11,572 [INFO] [MONITOR] Evaluating 9 open positions…
2026-06-19 12:04:11,719 [INFO] [DATA] TRXUSDT | now=0.3206 | entry=0.3173 | PnL=+1.04%
2026-06-19 12:04:11,839 [INFO] [DATA] RLUSDUSDT | now=1.0008 | entry=1.0008 | PnL=+0.00%
2026-06-19 12:04:11,959 [INFO] [DATA] WLDUSDT | now=0.6419 | entry=0.6348 | PnL=+1.12%
2026-06-19 12:04:12,094 [INFO] [DATA] XLMUSDT | now=0.2219 | entry=0.2262 | PnL=-1.90%
2026-06-19 12:04:12,214 [INFO] [DATA] ENAUSDT | now=0.0881 | entry=0.0897 | PnL=-1.78%
2026-06-19 12:04:12,334 [INFO] [DATA] UUSDT | now=1.0009 | entry=1.0009 | PnL=+0.00%
2026-06-19 12:04:12,469 [INFO] [DATA] SYNUSDT | now=0.1187 | entry=0.1178 | PnL=+0.76%
2026-06-19 12:04:12,590 [INFO] [DATA] BIOUSDT | now=0.0355 | entry=0.0356 | PnL=-0.25%
2026-06-19 12:04:12,710 [INFO] [DATA] ALLOUSDT | now=0.3918 | entry=0.3833 | PnL=+2.22%
2026-06-19 12:04:12,710 [INFO] [INVENTORY] 9/10 slots used — 1 vacant.
2026-06-19 12:04:12,845 [INFO] [LIQUIDITY] Free USDT: $0.58
2026-06-19 12:04:12,845 [INFO] [STANDBY] Insufficient USDT (need $10.00).
2026-06-19 12:04:12,845 [INFO] [SLEEP] Sleeping for 120s…
2026-06-19 12:06:12,847 [INFO] ======================================================================
2026-06-19 12:06:12,847 [INFO] [LOOP] Cycle #7 | 2026-06-19 12:06:12
2026-06-19 12:06:12,847 [INFO] [MONITOR] Evaluating 9 open positions…
2026-06-19 12:06:12,976 [INFO] [DATA] TRXUSDT | now=0.3206 | entry=0.3173 | PnL=+1.04%
2026-06-19 12:06:13,096 [INFO] [DATA] RLUSDUSDT | now=1.0007 | entry=1.0008 | PnL=-0.01%
2026-06-19 12:06:13,261 [INFO] [DATA] WLDUSDT | now=0.6385 | entry=0.6348 | PnL=+0.58%
2026-06-19 12:06:13,381 [INFO] [DATA] XLMUSDT | now=0.2211 | entry=0.2262 | PnL=-2.25%
2026-06-19 12:06:13,561 [INFO] [DATA] ENAUSDT | now=0.0877 | entry=0.0897 | PnL=-2.23%
2026-06-19 12:06:13,711 [INFO] [DATA] UUSDT | now=1.0008 | entry=1.0009 | PnL=-0.01%
2026-06-19 12:06:13,861 [INFO] [DATA] SYNUSDT | now=0.1187 | entry=0.1178 | PnL=+0.76%
2026-06-19 12:06:13,996 [INFO] [DATA] BIOUSDT | now=0.0354 | entry=0.0356 | PnL=-0.79%
2026-06-19 12:06:14,116 [INFO] [DATA] ALLOUSDT | now=0.3890 | entry=0.3833 | PnL=+1.49%
2026-06-19 12:06:14,116 [INFO] [INVENTORY] 9/10 slots used — 1 vacant.
2026-06-19 12:06:14,236 [INFO] [LIQUIDITY] Free USDT: $0.58
2026-06-19 12:06:14,236 [INFO] [STANDBY] Insufficient USDT (need $10.00).
2026-06-19 12:06:14,236 [INFO] [SLEEP] Sleeping for 120s…
2026-06-19 12:08:14,251 [INFO] ======================================================================
2026-06-19 12:08:14,251 [INFO] [LOOP] Cycle #8 | 2026-06-19 12:08:14
2026-06-19 12:08:14,251 [INFO] [MONITOR] Evaluating 9 open positions…
2026-06-19 12:08:14,375 [INFO] [DATA] TRXUSDT | now=0.3206 | entry=0.3173 | PnL=+1.04%
2026-06-19 12:08:14,495 [INFO] [DATA] RLUSDUSDT | now=1.0008 | entry=1.0008 | PnL=+0.00%
2026-06-19 12:08:14,615 [INFO] [DATA] WLDUSDT | now=0.6390 | entry=0.6348 | PnL=+0.66%
2026-06-19 12:08:14,750 [INFO] [DATA] XLMUSDT | now=0.2210 | entry=0.2262 | PnL=-2.30%
2026-06-19 12:08:14,870 [INFO] [DATA] ENAUSDT | now=0.0878 | entry=0.0897 | PnL=-2.12%
2026-06-19 12:08:14,990 [INFO] [DATA] UUSDT | now=1.0008 | entry=1.0009 | PnL=-0.01%
2026-06-19 12:08:15,110 [INFO] [DATA] SYNUSDT | now=0.1180 | entry=0.1178 | PnL=+0.17%
2026-06-19 12:08:15,231 [INFO] [DATA] BIOUSDT | now=0.0354 | entry=0.0356 | PnL=-0.70%
2026-06-19 12:08:15,350 [INFO] [DATA] ALLOUSDT | now=0.3891 | entry=0.3833 | PnL=+1.51%
2026-06-19 12:08:15,350 [INFO] [INVENTORY] 9/10 slots used — 1 vacant.
2026-06-19 12:08:15,501 [INFO] [LIQUIDITY] Free USDT: $0.58
2026-06-19 12:08:15,501 [INFO] [STANDBY] Insufficient USDT (need $10.00).
2026-06-19 12:08:15,501 [INFO] [SLEEP] Sleeping for 120s…
2026-06-19 12:10:15,507 [INFO] ======================================================================
2026-06-19 12:10:15,507 [INFO] [LOOP] Cycle #9 | 2026-06-19 12:10:15
2026-06-19 12:10:15,507 [INFO] [MONITOR] Evaluating 9 open positions…
2026-06-19 12:10:15,632 [INFO] [DATA] TRXUSDT | now=0.3207 | entry=0.3173 | PnL=+1.07%
2026-06-19 12:10:15,767 [INFO] [DATA] RLUSDUSDT | now=1.0008 | entry=1.0008 | PnL=+0.00%
2026-06-19 12:10:15,888 [INFO] [DATA] WLDUSDT | now=0.6416 | entry=0.6348 | PnL=+1.07%
2026-06-19 12:10:16,023 [INFO] [DATA] XLMUSDT | now=0.2210 | entry=0.2262 | PnL=-2.30%
2026-06-19 12:10:16,143 [INFO] [DATA] ENAUSDT | now=0.0878 | entry=0.0897 | PnL=-2.12%
2026-06-19 12:10:16,264 [INFO] [DATA] UUSDT | now=1.0008 | entry=1.0009 | PnL=-0.01%
2026-06-19 12:10:16,398 [INFO] [DATA] SYNUSDT | now=0.1176 | entry=0.1178 | PnL=-0.17%
2026-06-19 12:10:16,518 [INFO] [DATA] BIOUSDT | now=0.0354 | entry=0.0356 | PnL=-0.65%
2026-06-19 12:10:16,638 [INFO] [DATA] ALLOUSDT | now=0.3886 | entry=0.3833 | PnL=+1.38%
2026-06-19 12:10:16,638 [INFO] [INVENTORY] 9/10 slots used — 1 vacant.
2026-06-19 12:10:16,773 [INFO] [LIQUIDITY] Free USDT: $0.58
2026-06-19 12:10:16,773 [INFO] [STANDBY] Insufficient USDT (need $10.00).
2026-06-19 12:10:16,773 [INFO] [SLEEP] Sleeping for 120s…
2026-06-19 12:12:16,783 [INFO] ======================================================================
2026-06-19 12:12:16,783 [INFO] [LOOP] Cycle #10 | 2026-06-19 12:12:16
2026-06-19 12:12:16,783 [INFO] [MONITOR] Evaluating 9 open positions…
2026-06-19 12:12:16,902 [INFO] [DATA] TRXUSDT | now=0.3206 | entry=0.3173 | PnL=+1.04%
2026-06-19 12:12:17,022 [INFO] [DATA] RLUSDUSDT | now=1.0008 | entry=1.0008 | PnL=+0.00%
2026-06-19 12:12:17,142 [INFO] [DATA] WLDUSDT | now=0.6420 | entry=0.6348 | PnL=+1.13%
2026-06-19 12:12:17,262 [INFO] [DATA] XLMUSDT | now=0.2213 | entry=0.2262 | PnL=-2.17%
2026-06-19 12:12:17,382 [INFO] [DATA] ENAUSDT | now=0.0880 | entry=0.0897 | PnL=-1.90%
2026-06-19 12:12:17,517 [INFO] [DATA] UUSDT | now=1.0008 | entry=1.0009 | PnL=-0.01%
2026-06-19 12:12:17,653 [INFO] [DATA] SYNUSDT | now=0.1177 | entry=0.1178 | PnL=-0.08%
2026-06-19 12:12:17,788 [INFO] [DATA] BIOUSDT | now=0.0355 | entry=0.0356 | PnL=-0.34%
2026-06-19 12:12:17,908 [INFO] [DATA] ALLOUSDT | now=0.3892 | entry=0.3833 | PnL=+1.54%
2026-06-19 12:12:17,908 [INFO] [INVENTORY] 9/10 slots used — 1 vacant.
2026-06-19 12:12:18,043 [INFO] [LIQUIDITY] Free USDT: $0.58
2026-06-19 12:12:18,043 [INFO] [STANDBY] Insufficient USDT (need $10.00).
2026-06-19 12:12:18,043 [INFO] [SLEEP] Sleeping for 120s…
2026-06-19 12:14:18,053 [INFO] ======================================================================
2026-06-19 12:14:18,053 [INFO] [LOOP] Cycle #11 | 2026-06-19 12:14:18
2026-06-19 12:14:18,053 [INFO] [MONITOR] Evaluating 9 open positions…
2026-06-19 12:14:18,190 [INFO] [DATA] TRXUSDT | now=0.3207 | entry=0.3173 | PnL=+1.07%
2026-06-19 12:14:18,325 [INFO] [DATA] RLUSDUSDT | now=1.0008 | entry=1.0008 | PnL=+0.00%
2026-06-19 12:14:18,445 [INFO] [DATA] WLDUSDT | now=0.6422 | entry=0.6348 | PnL=+1.17%
2026-06-19 12:14:18,565 [INFO] [DATA] XLMUSDT | now=0.2217 | entry=0.2262 | PnL=-1.99%
2026-06-19 12:14:18,685 [INFO] [DATA] ENAUSDT | now=0.0882 | entry=0.0897 | PnL=-1.67%
2026-06-19 12:14:18,805 [INFO] [DATA] UUSDT | now=1.0008 | entry=1.0009 | PnL=-0.01%
2026-06-19 12:14:18,925 [INFO] [DATA] SYNUSDT | now=0.1173 | entry=0.1178 | PnL=-0.42%
2026-06-19 12:14:19,045 [INFO] [DATA] BIOUSDT | now=0.0355 | entry=0.0356 | PnL=-0.28%
2026-06-19 12:14:19,165 [INFO] [DATA] ALLOUSDT | now=0.3892 | entry=0.3833 | PnL=+1.54%
2026-06-19 12:14:19,165 [INFO] [INVENTORY] 9/10 slots used — 1 vacant.
2026-06-19 12:14:19,287 [INFO] [LIQUIDITY] Free USDT: $0.58
2026-06-19 12:14:19,287 [INFO] [STANDBY] Insufficient USDT (need $10.00).
2026-06-19 12:14:19,287 [INFO] [SLEEP] Sleeping for 120s…
2026-06-19 12:16:19,301 [INFO] ======================================================================
2026-06-19 12:16:19,301 [INFO] [LOOP] Cycle #12 | 2026-06-19 12:16:19
2026-06-19 12:16:19,301 [INFO] [MONITOR] Evaluating 9 open positions…
2026-06-19 12:16:19,422 [INFO] [DATA] TRXUSDT | now=0.3207 | entry=0.3173 | PnL=+1.07%
2026-06-19 12:16:19,542 [INFO] [DATA] RLUSDUSDT | now=1.0008 | entry=1.0008 | PnL=+0.00%
2026-06-19 12:16:19,662 [INFO] [DATA] WLDUSDT | now=0.6424 | entry=0.6348 | PnL=+1.20%
2026-06-19 12:16:19,782 [INFO] [DATA] XLMUSDT | now=0.2214 | entry=0.2262 | PnL=-2.12%
2026-06-19 12:16:19,917 [INFO] [DATA] ENAUSDT | now=0.0880 | entry=0.0897 | PnL=-1.90%
2026-06-19 12:16:20,037 [INFO] [DATA] UUSDT | now=1.0008 | entry=1.0009 | PnL=-0.01%
2026-06-19 12:16:20,157 [INFO] [DATA] SYNUSDT | now=0.1168 | entry=0.1178 | PnL=-0.85%
2026-06-19 12:16:20,277 [INFO] [DATA] BIOUSDT | now=0.0355 | entry=0.0356 | PnL=-0.53%
2026-06-19 12:16:20,397 [INFO] [DATA] ALLOUSDT | now=0.3885 | entry=0.3833 | PnL=+1.36%
2026-06-19 12:16:20,412 [INFO] [INVENTORY] 9/10 slots used — 1 vacant.
2026-06-19 12:16:20,533 [INFO] [LIQUIDITY] Free USDT: $0.58
2026-06-19 12:16:20,533 [INFO] [STANDBY] Insufficient USDT (need $10.00).
2026-06-19 12:16:20,533 [INFO] [SLEEP] Sleeping for 120s…
2026-06-19 12:18:20,543 [INFO] ======================================================================
2026-06-19 12:18:20,543 [INFO] [LOOP] Cycle #13 | 2026-06-19 12:18:20
2026-06-19 12:18:20,543 [INFO] [MONITOR] Evaluating 9 open positions…
2026-06-19 12:18:20,660 [INFO] [DATA] TRXUSDT | now=0.3205 | entry=0.3173 | PnL=+1.01%
2026-06-19 12:18:20,780 [INFO] [DATA] RLUSDUSDT | now=1.0008 | entry=1.0008 | PnL=+0.00%
2026-06-19 12:18:20,901 [INFO] [DATA] WLDUSDT | now=0.6430 | entry=0.6348 | PnL=+1.29%
2026-06-19 12:18:21,021 [INFO] [DATA] XLMUSDT | now=0.2217 | entry=0.2262 | PnL=-1.99%
2026-06-19 12:18:21,141 [INFO] [DATA] ENAUSDT | now=0.0879 | entry=0.0897 | PnL=-2.01%
2026-06-19 12:18:21,261 [INFO] [DATA] UUSDT | now=1.0009 | entry=1.0009 | PnL=+0.00%
2026-06-19 12:18:21,396 [INFO] [DATA] SYNUSDT | now=0.1165 | entry=0.1178 | PnL=-1.10%
2026-06-19 12:18:21,516 [INFO] [DATA] BIOUSDT | now=0.0353 | entry=0.0356 | PnL=-0.95%
2026-06-19 12:18:21,636 [INFO] [DATA] ALLOUSDT | now=0.3878 | entry=0.3833 | PnL=+1.17%
2026-06-19 12:18:21,636 [INFO] [INVENTORY] 9/10 slots used — 1 vacant.
2026-06-19 12:18:21,756 [INFO] [LIQUIDITY] Free USDT: $0.58
2026-06-19 12:18:21,756 [INFO] [STANDBY] Insufficient USDT (need $10.00).
2026-06-19 12:18:21,756 [INFO] [SLEEP] Sleeping for 120s…
2026-06-19 12:20:21,763 [INFO] ======================================================================
2026-06-19 12:20:21,763 [INFO] [LOOP] Cycle #14 | 2026-06-19 12:20:21
2026-06-19 12:20:21,763 [INFO] [MONITOR] Evaluating 9 open positions…
2026-06-19 12:20:21,940 [INFO] [DATA] TRXUSDT | now=0.3206 | entry=0.3173 | PnL=+1.04%
2026-06-19 12:20:22,075 [INFO] [DATA] RLUSDUSDT | now=1.0009 | entry=1.0008 | PnL=+0.01%
2026-06-19 12:20:22,195 [INFO] [DATA] WLDUSDT | now=0.6443 | entry=0.6348 | PnL=+1.50%
2026-06-19 12:20:22,315 [INFO] [DATA] XLMUSDT | now=0.2217 | entry=0.2262 | PnL=-1.99%
2026-06-19 12:20:22,450 [INFO] [DATA] ENAUSDT | now=0.0880 | entry=0.0897 | PnL=-1.90%
2026-06-19 12:20:22,585 [INFO] [DATA] UUSDT | now=1.0008 | entry=1.0009 | PnL=-0.01%
2026-06-19 12:20:22,720 [INFO] [DATA] SYNUSDT | now=0.1166 | entry=0.1178 | PnL=-1.02%
2026-06-19 12:20:22,855 [INFO] [DATA] BIOUSDT | now=0.0354 | entry=0.0356 | PnL=-0.56%
2026-06-19 12:20:23,020 [INFO] [DATA] ALLOUSDT | now=0.3880 | entry=0.3833 | PnL=+1.23%
2026-06-19 12:20:23,020 [INFO] [INVENTORY] 9/10 slots used — 1 vacant.
2026-06-19 12:20:23,172 [INFO] [LIQUIDITY] Free USDT: $0.58
2026-06-19 12:20:23,172 [INFO] [STANDBY] Insufficient USDT (need $10.00).
2026-06-19 12:20:23,172 [INFO] [SLEEP] Sleeping for 120s…
2026-06-19 12:22:23,178 [INFO] ======================================================================
2026-06-19 12:22:23,178 [INFO] [LOOP] Cycle #15 | 2026-06-19 12:22:23
2026-06-19 12:22:23,178 [INFO] [MONITOR] Evaluating 9 open positions…
2026-06-19 12:22:24,029 [INFO] [DATA] TRXUSDT | now=0.3205 | entry=0.3173 | PnL=+1.01%
2026-06-19 12:22:24,284 [INFO] [DATA] RLUSDUSDT | now=1.0008 | entry=1.0008 | PnL=+0.00%
2026-06-19 12:22:24,437 [INFO] [DATA] WLDUSDT | now=0.6449 | entry=0.6348 | PnL=+1.59%
2026-06-19 12:22:24,630 [INFO] [DATA] XLMUSDT | now=0.2220 | entry=0.2262 | PnL=-1.86%
2026-06-19 12:22:24,765 [INFO] [DATA] ENAUSDT | now=0.0878 | entry=0.0897 | PnL=-2.12%
2026-06-19 12:22:24,915 [INFO] [DATA] UUSDT | now=1.0009 | entry=1.0009 | PnL=+0.00%
2026-06-19 12:22:25,095 [INFO] [DATA] SYNUSDT | now=0.1175 | entry=0.1178 | PnL=-0.25%
2026-06-19 12:22:25,305 [INFO] [DATA] BIOUSDT | now=0.0353 | entry=0.0356 | PnL=-0.95%
2026-06-19 12:22:25,426 [INFO] [DATA] ALLOUSDT | now=0.3883 | entry=0.3833 | PnL=+1.30%
2026-06-19 12:22:25,426 [INFO] [INVENTORY] 9/10 slots used — 1 vacant.
2026-06-19 12:22:25,561 [INFO] [LIQUIDITY] Free USDT: $0.58
2026-06-19 12:22:25,561 [INFO] [STANDBY] Insufficient USDT (need $10.00).
2026-06-19 12:22:25,561 [INFO] [SLEEP] Sleeping for 120s…
2026-06-19 12:24:25,567 [INFO] ======================================================================
2026-06-19 12:24:25,567 [INFO] [LOOP] Cycle #16 | 2026-06-19 12:24:25
2026-06-19 12:24:25,567 [INFO] [MONITOR] Evaluating 9 open positions…
2026-06-19 12:24:25,681 [INFO] [DATA] TRXUSDT | now=0.3205 | entry=0.3173 | PnL=+1.01%
2026-06-19 12:24:25,816 [INFO] [DATA] RLUSDUSDT | now=1.0008 | entry=1.0008 | PnL=+0.00%
2026-06-19 12:24:25,937 [INFO] [DATA] WLDUSDT | now=0.6453 | entry=0.6348 | PnL=+1.65%
2026-06-19 12:24:26,072 [INFO] [DATA] XLMUSDT | now=0.2220 | entry=0.2262 | PnL=-1.86%
2026-06-19 12:24:26,214 [INFO] [DATA] ENAUSDT | now=0.0877 | entry=0.0897 | PnL=-2.23%
2026-06-19 12:24:26,342 [INFO] [DATA] UUSDT | now=1.0009 | entry=1.0009 | PnL=+0.00%
2026-06-19 12:24:26,537 [INFO] [DATA] SYNUSDT | now=0.1164 | entry=0.1178 | PnL=-1.19%
2026-06-19 12:24:26,747 [INFO] [DATA] BIOUSDT | now=0.0353 | entry=0.0356 | PnL=-1.07%
2026-06-19 12:24:26,882 [INFO] [DATA] ALLOUSDT | now=0.3880 | entry=0.3833 | PnL=+1.23%
2026-06-19 12:24:26,882 [INFO] [INVENTORY] 9/10 slots used — 1 vacant.
2026-06-19 12:24:27,092 [INFO] [LIQUIDITY] Free USDT: $0.58
2026-06-19 12:24:27,092 [INFO] [STANDBY] Insufficient USDT (need $10.00).
2026-06-19 12:24:27,092 [INFO] [SLEEP] Sleeping for 120s…
2026-06-19 12:26:27,102 [INFO] ======================================================================
2026-06-19 12:26:27,102 [INFO] [LOOP] Cycle #17 | 2026-06-19 12:26:27
2026-06-19 12:26:27,102 [INFO] [MONITOR] Evaluating 9 open positions…
2026-06-19 12:26:27,226 [INFO] [DATA] TRXUSDT | now=0.3206 | entry=0.3173 | PnL=+1.04%
2026-06-19 12:26:27,346 [INFO] [DATA] RLUSDUSDT | now=1.0008 | entry=1.0008 | PnL=+0.00%
2026-06-19 12:26:27,481 [INFO] [DATA] WLDUSDT | now=0.6455 | entry=0.6348 | PnL=+1.69%
2026-06-19 12:26:27,601 [INFO] [DATA] XLMUSDT | now=0.2223 | entry=0.2262 | PnL=-1.72%
2026-06-19 12:26:27,721 [INFO] [DATA] ENAUSDT | now=0.0879 | entry=0.0897 | PnL=-2.01%
2026-06-19 12:26:27,856 [INFO] [DATA] UUSDT | now=1.0008 | entry=1.0009 | PnL=-0.01%
2026-06-19 12:26:27,976 [INFO] [DATA] SYNUSDT | now=0.1177 | entry=0.1178 | PnL=-0.08%
2026-06-19 12:26:28,111 [INFO] [DATA] BIOUSDT | now=0.0353 | entry=0.0356 | PnL=-0.93%
2026-06-19 12:26:28,232 [INFO] [DATA] ALLOUSDT | now=0.3882 | entry=0.3833 | PnL=+1.28%
2026-06-19 12:26:28,232 [INFO] [INVENTORY] 9/10 slots used — 1 vacant.
2026-06-19 12:26:28,352 [INFO] [LIQUIDITY] Free USDT: $0.58
2026-06-19 12:26:28,352 [INFO] [STANDBY] Insufficient USDT (need $10.00).
2026-06-19 12:26:28,352 [INFO] [SLEEP] Sleeping for 120s…
2026-06-19 12:28:28,364 [INFO] ======================================================================
2026-06-19 12:28:28,364 [INFO] [LOOP] Cycle #18 | 2026-06-19 12:28:28
2026-06-19 12:28:28,364 [INFO] [MONITOR] Evaluating 9 open positions…
2026-06-19 12:28:28,512 [INFO] [DATA] TRXUSDT | now=0.3205 | entry=0.3173 | PnL=+1.01%
2026-06-19 12:28:28,632 [INFO] [DATA] RLUSDUSDT | now=1.0008 | entry=1.0008 | PnL=+0.00%
2026-06-19 12:28:28,752 [INFO] [DATA] WLDUSDT | now=0.6619 | entry=0.6348 | PnL=+4.27%
2026-06-19 12:28:28,872 [INFO] [DATA] XLMUSDT | now=0.2227 | entry=0.2262 | PnL=-1.55%
2026-06-19 12:28:28,992 [INFO] [DATA] ENAUSDT | now=0.0886 | entry=0.0897 | PnL=-1.23%
2026-06-19 12:28:29,112 [INFO] [DATA] UUSDT | now=1.0009 | entry=1.0009 | PnL=+0.00%
2026-06-19 12:28:29,232 [INFO] [DATA] SYNUSDT | now=0.1190 | entry=0.1178 | PnL=+1.02%
2026-06-19 12:28:29,352 [INFO] [DATA] BIOUSDT | now=0.0355 | entry=0.0356 | PnL=-0.51%
2026-06-19 12:28:29,472 [INFO] [DATA] ALLOUSDT | now=0.3900 | entry=0.3833 | PnL=+1.75%
2026-06-19 12:28:29,472 [INFO] [INVENTORY] 9/10 slots used — 1 vacant.
2026-06-19 12:28:29,592 [INFO] [LIQUIDITY] Free USDT: $0.58
2026-06-19 12:28:29,592 [INFO] [STANDBY] Insufficient USDT (need $10.00).
2026-06-19 12:28:29,592 [INFO] [SLEEP] Sleeping for 120s…
2026-06-19 12:30:29,605 [INFO] ======================================================================
2026-06-19 12:30:29,605 [INFO] [LOOP] Cycle #19 | 2026-06-19 12:30:29
2026-06-19 12:30:29,605 [INFO] [MONITOR] Evaluating 9 open positions…
2026-06-19 12:30:29,728 [INFO] [DATA] TRXUSDT | now=0.3206 | entry=0.3173 | PnL=+1.04%
2026-06-19 12:30:29,893 [INFO] [DATA] RLUSDUSDT | now=1.0007 | entry=1.0008 | PnL=-0.01%
2026-06-19 12:30:30,073 [INFO] [DATA] WLDUSDT | now=0.6571 | entry=0.6348 | PnL=+3.51%
2026-06-19 12:30:30,208 [INFO] [DATA] XLMUSDT | now=0.2218 | entry=0.2262 | PnL=-1.95%
2026-06-19 12:30:30,358 [INFO] [DATA] ENAUSDT | now=0.0883 | entry=0.0897 | PnL=-1.56%
2026-06-19 12:30:30,553 [INFO] [DATA] UUSDT | now=1.0008 | entry=1.0009 | PnL=-0.01%
2026-06-19 12:30:30,673 [INFO] [DATA] SYNUSDT | now=0.1197 | entry=0.1178 | PnL=+1.61%
2026-06-19 12:30:30,808 [INFO] [DATA] BIOUSDT | now=0.0352 | entry=0.0356 | PnL=-1.18%
2026-06-19 12:30:30,929 [INFO] [DATA] ALLOUSDT | now=0.3865 | entry=0.3833 | PnL=+0.83%
2026-06-19 12:30:30,929 [INFO] [INVENTORY] 9/10 slots used — 1 vacant.
2026-06-19 12:30:31,064 [INFO] [LIQUIDITY] Free USDT: $0.58
2026-06-19 12:30:31,064 [INFO] [STANDBY] Insufficient USDT (need $10.00).
2026-06-19 12:30:31,064 [INFO] [SLEEP] Sleeping for 120s…
2026-06-19 12:32:31,070 [INFO] ======================================================================
2026-06-19 12:32:31,070 [INFO] [LOOP] Cycle #20 | 2026-06-19 12:32:31
2026-06-19 12:32:31,070 [INFO] [MONITOR] Evaluating 9 open positions…
2026-06-19 12:32:31,177 [INFO] [DATA] TRXUSDT | now=0.3205 | entry=0.3173 | PnL=+1.01%
2026-06-19 12:32:31,297 [INFO] [DATA] RLUSDUSDT | now=1.0007 | entry=1.0008 | PnL=-0.01%
2026-06-19 12:32:31,433 [INFO] [DATA] WLDUSDT | now=0.6580 | entry=0.6348 | PnL=+3.65%
2026-06-19 12:32:31,568 [INFO] [DATA] XLMUSDT | now=0.2219 | entry=0.2262 | PnL=-1.90%
2026-06-19 12:32:31,688 [INFO] [DATA] ENAUSDT | now=0.0880 | entry=0.0897 | PnL=-1.90%
2026-06-19 12:32:31,808 [INFO] [DATA] UUSDT | now=1.0009 | entry=1.0009 | PnL=+0.00%
2026-06-19 12:32:31,928 [INFO] [DATA] SYNUSDT | now=0.1205 | entry=0.1178 | PnL=+2.29%
2026-06-19 12:32:32,048 [INFO] [DATA] BIOUSDT | now=0.0351 | entry=0.0356 | PnL=-1.49%
2026-06-19 12:32:32,168 [INFO] [DATA] ALLOUSDT | now=0.3857 | entry=0.3833 | PnL=+0.63%
2026-06-19 12:32:32,168 [INFO] [INVENTORY] 9/10 slots used — 1 vacant.
2026-06-19 12:32:32,288 [INFO] [LIQUIDITY] Free USDT: $0.58
2026-06-19 12:32:32,288 [INFO] [STANDBY] Insufficient USDT (need $10.00).
2026-06-19 12:32:32,288 [INFO] [SLEEP] Sleeping for 120s…
2026-06-19 12:34:32,302 [INFO] ======================================================================
2026-06-19 12:34:32,302 [INFO] [LOOP] Cycle #21 | 2026-06-19 12:34:32
2026-06-19 12:34:32,302 [INFO] [MONITOR] Evaluating 9 open positions…
2026-06-19 12:34:32,418 [INFO] [DATA] TRXUSDT | now=0.3205 | entry=0.3173 | PnL=+1.01%
2026-06-19 12:34:32,553 [INFO] [DATA] RLUSDUSDT | now=1.0008 | entry=1.0008 | PnL=+0.00%
2026-06-19 12:34:32,674 [INFO] [DATA] WLDUSDT | now=0.6516 | entry=0.6348 | PnL=+2.65%
2026-06-19 12:34:32,794 [INFO] [DATA] XLMUSDT | now=0.2218 | entry=0.2262 | PnL=-1.95%
2026-06-19 12:34:32,929 [INFO] [DATA] ENAUSDT | now=0.0879 | entry=0.0897 | PnL=-2.01%
2026-06-19 12:34:33,094 [INFO] [DATA] UUSDT | now=1.0008 | entry=1.0009 | PnL=-0.01%
2026-06-19 12:34:33,274 [INFO] [DATA] SYNUSDT | now=0.1245 | entry=0.1178 | PnL=+5.69%
2026-06-19 12:34:33,709 [INFO] [DATA] BIOUSDT | now=0.0351 | entry=0.0356 | PnL=-1.49%
2026-06-19 12:34:33,964 [INFO] [DATA] ALLOUSDT | now=0.3868 | entry=0.3833 | PnL=+0.91%
2026-06-19 12:34:33,964 [INFO] [INVENTORY] 9/10 slots used — 1 vacant.
2026-06-19 12:34:34,145 [INFO] [LIQUIDITY] Free USDT: $0.58
2026-06-19 12:34:34,145 [INFO] [STANDBY] Insufficient USDT (need $10.00).
2026-06-19 12:34:34,145 [INFO] [SLEEP] Sleeping for 120s…
2026-06-19 12:36:34,152 [INFO] ======================================================================
2026-06-19 12:36:34,152 [INFO] [LOOP] Cycle #22 | 2026-06-19 12:36:34
2026-06-19 12:36:34,152 [INFO] [MONITOR] Evaluating 9 open positions…
2026-06-19 12:36:34,304 [INFO] [DATA] TRXUSDT | now=0.3204 | entry=0.3173 | PnL=+0.98%
2026-06-19 12:36:34,634 [INFO] [DATA] RLUSDUSDT | now=1.0008 | entry=1.0008 | PnL=+0.00%
2026-06-19 12:36:34,754 [INFO] [DATA] WLDUSDT | now=0.6545 | entry=0.6348 | PnL=+3.10%
2026-06-19 12:36:34,874 [INFO] [DATA] XLMUSDT | now=0.2215 | entry=0.2262 | PnL=-2.08%
2026-06-19 12:36:34,994 [INFO] [DATA] ENAUSDT | now=0.0880 | entry=0.0897 | PnL=-1.90%
2026-06-19 12:36:35,114 [INFO] [DATA] UUSDT | now=1.0008 | entry=1.0009 | PnL=-0.01%
2026-06-19 12:36:35,369 [INFO] [DATA] SYNUSDT | now=0.1279 | entry=0.1178 | PnL=+8.57%
2026-06-19 12:36:36,045 [INFO] [DATA] BIOUSDT | now=0.0350 | entry=0.0356 | PnL=-1.77%
2026-06-19 12:36:36,241 [INFO] [DATA] ALLOUSDT | now=0.3867 | entry=0.3833 | PnL=+0.89%
2026-06-19 12:36:36,241 [INFO] [INVENTORY] 9/10 slots used — 1 vacant.
2026-06-19 12:36:36,436 [INFO] [LIQUIDITY] Free USDT: $0.58
2026-06-19 12:36:36,436 [INFO] [STANDBY] Insufficient USDT (need $10.00).
2026-06-19 12:36:36,436 [INFO] [SLEEP] Sleeping for 120s…
2026-06-19 12:38:36,450 [INFO] ======================================================================
2026-06-19 12:38:36,450 [INFO] [LOOP] Cycle #23 | 2026-06-19 12:38:36
2026-06-19 12:38:36,450 [INFO] [MONITOR] Evaluating 9 open positions…
2026-06-19 12:38:36,561 [INFO] [DATA] TRXUSDT | now=0.3203 | entry=0.3173 | PnL=+0.95%
2026-06-19 12:38:36,711 [INFO] [DATA] RLUSDUSDT | now=1.0008 | entry=1.0008 | PnL=+0.00%
2026-06-19 12:38:36,831 [INFO] [DATA] WLDUSDT | now=0.6546 | entry=0.6348 | PnL=+3.12%
2026-06-19 12:38:36,966 [INFO] [DATA] XLMUSDT | now=0.2219 | entry=0.2262 | PnL=-1.90%
2026-06-19 12:38:37,086 [INFO] [DATA] ENAUSDT | now=0.0880 | entry=0.0897 | PnL=-1.90%
2026-06-19 12:38:37,206 [INFO] [DATA] UUSDT | now=1.0008 | entry=1.0009 | PnL=-0.01%
2026-06-19 12:38:37,326 [INFO] [DATA] SYNUSDT | now=0.1255 | entry=0.1178 | PnL=+6.54%
2026-06-19 12:38:37,461 [INFO] [DATA] BIOUSDT | now=0.0349 | entry=0.0356 | PnL=-1.99%
2026-06-19 12:38:37,566 [INFO] [DATA] ALLOUSDT | now=0.3867 | entry=0.3833 | PnL=+0.89%
2026-06-19 12:38:37,581 [INFO] [INVENTORY] 9/10 slots used — 1 vacant.
2026-06-19 12:38:37,701 [INFO] [LIQUIDITY] Free USDT: $0.58
2026-06-19 12:38:37,701 [INFO] [STANDBY] Insufficient USDT (need $10.00).
2026-06-19 12:38:37,701 [INFO] [SLEEP] Sleeping for 120s…
2026-06-19 12:40:37,711 [INFO] ======================================================================
2026-06-19 12:40:37,711 [INFO] [LOOP] Cycle #24 | 2026-06-19 12:40:37
2026-06-19 12:40:37,711 [INFO] [MONITOR] Evaluating 9 open positions…
2026-06-19 12:40:37,904 [INFO] [DATA] TRXUSDT | now=0.3203 | entry=0.3173 | PnL=+0.95%
2026-06-19 12:40:38,024 [INFO] [DATA] RLUSDUSDT | now=1.0007 | entry=1.0008 | PnL=-0.01%
2026-06-19 12:40:38,159 [INFO] [DATA] WLDUSDT | now=0.6512 | entry=0.6348 | PnL=+2.58%
2026-06-19 12:40:38,279 [INFO] [DATA] XLMUSDT | now=0.2217 | entry=0.2262 | PnL=-1.99%
2026-06-19 12:40:38,399 [INFO] [DATA] ENAUSDT | now=0.0879 | entry=0.0897 | PnL=-2.01%
2026-06-19 12:40:38,534 [INFO] [DATA] UUSDT | now=1.0009 | entry=1.0009 | PnL=+0.00%
2026-06-19 12:40:38,730 [INFO] [DATA] SYNUSDT | now=0.1276 | entry=0.1178 | PnL=+8.32%
2026-06-19 12:40:39,030 [INFO] [DATA] BIOUSDT | now=0.0349 | entry=0.0356 | PnL=-2.02%
2026-06-19 12:40:39,210 [INFO] [DATA] ALLOUSDT | now=0.3875 | entry=0.3833 | PnL=+1.10%
2026-06-19 12:40:39,210 [INFO] [INVENTORY] 9/10 slots used — 1 vacant.
2026-06-19 12:40:39,390 [INFO] [LIQUIDITY] Free USDT: $0.58
2026-06-19 12:40:39,390 [INFO] [STANDBY] Insufficient USDT (need $10.00).
2026-06-19 12:40:39,390 [INFO] [SLEEP] Sleeping for 120s…
2026-06-19 12:42:39,392 [INFO] ======================================================================
2026-06-19 12:42:39,392 [INFO] [LOOP] Cycle #25 | 2026-06-19 12:42:39
2026-06-19 12:42:39,392 [INFO] [MONITOR] Evaluating 9 open positions…
2026-06-19 12:42:39,634 [INFO] [DATA] TRXUSDT | now=0.3202 | entry=0.3173 | PnL=+0.91%
2026-06-19 12:42:39,800 [INFO] [DATA] RLUSDUSDT | now=1.0007 | entry=1.0008 | PnL=-0.01%
2026-06-19 12:42:39,920 [INFO] [DATA] WLDUSDT | now=0.6511 | entry=0.6348 | PnL=+2.57%
2026-06-19 12:42:40,040 [INFO] [DATA] XLMUSDT | now=0.2213 | entry=0.2262 | PnL=-2.17%
2026-06-19 12:42:40,160 [INFO] [DATA] ENAUSDT | now=0.0878 | entry=0.0897 | PnL=-2.12%
2026-06-19 12:42:40,295 [INFO] [DATA] UUSDT | now=1.0008 | entry=1.0009 | PnL=-0.01%
2026-06-19 12:42:40,415 [INFO] [DATA] SYNUSDT | now=0.1256 | entry=0.1178 | PnL=+6.62%
2026-06-19 12:42:40,535 [INFO] [DATA] BIOUSDT | now=0.0349 | entry=0.0356 | PnL=-1.99%
2026-06-19 12:42:40,656 [INFO] [DATA] ALLOUSDT | now=0.3872 | entry=0.3833 | PnL=+1.02%
2026-06-19 12:42:40,656 [INFO] [INVENTORY] 9/10 slots used — 1 vacant.
2026-06-19 12:42:40,791 [INFO] [LIQUIDITY] Free USDT: $0.58
2026-06-19 12:42:40,791 [INFO] [STANDBY] Insufficient USDT (need $10.00).
2026-06-19 12:42:40,791 [INFO] [SLEEP] Sleeping for 120s…
2026-06-19 12:44:40,800 [INFO] ======================================================================
2026-06-19 12:44:40,800 [INFO] [LOOP] Cycle #26 | 2026-06-19 12:44:40
2026-06-19 12:44:40,800 [INFO] [MONITOR] Evaluating 9 open positions…
2026-06-19 12:44:40,920 [INFO] [DATA] TRXUSDT | now=0.3204 | entry=0.3173 | PnL=+0.98%
2026-06-19 12:44:41,040 [INFO] [DATA] RLUSDUSDT | now=1.0008 | entry=1.0008 | PnL=+0.00%
2026-06-19 12:44:41,160 [INFO] [DATA] WLDUSDT | now=0.6501 | entry=0.6348 | PnL=+2.41%
2026-06-19 12:44:41,280 [INFO] [DATA] XLMUSDT | now=0.2211 | entry=0.2262 | PnL=-2.25%
2026-06-19 12:44:41,415 [INFO] [DATA] ENAUSDT | now=0.0878 | entry=0.0897 | PnL=-2.12%
2026-06-19 12:44:41,535 [INFO] [DATA] UUSDT | now=1.0008 | entry=1.0009 | PnL=-0.01%
2026-06-19 12:44:41,655 [INFO] [DATA] SYNUSDT | now=0.1271 | entry=0.1178 | PnL=+7.89%
2026-06-19 12:44:41,775 [INFO] [DATA] BIOUSDT | now=0.0348 | entry=0.0356 | PnL=-2.41%
2026-06-19 12:44:41,910 [INFO] [DATA] ALLOUSDT | now=0.3874 | entry=0.3833 | PnL=+1.07%
2026-06-19 12:44:41,910 [INFO] [INVENTORY] 9/10 slots used — 1 vacant.
2026-06-19 12:44:42,045 [INFO] [LIQUIDITY] Free USDT: $0.58
2026-06-19 12:44:42,045 [INFO] [STANDBY] Insufficient USDT (need $10.00).
2026-06-19 12:44:42,045 [INFO] [SLEEP] Sleeping for 120s…
2026-06-19 12:46:42,046 [INFO] ======================================================================
2026-06-19 12:46:42,046 [INFO] [LOOP] Cycle #27 | 2026-06-19 12:46:42
2026-06-19 12:46:42,046 [INFO] [MONITOR] Evaluating 9 open positions…
2026-06-19 12:46:42,172 [INFO] [DATA] TRXUSDT | now=0.3203 | entry=0.3173 | PnL=+0.95%
2026-06-19 12:46:42,307 [INFO] [DATA] RLUSDUSDT | now=1.0007 | entry=1.0008 | PnL=-0.01%
2026-06-19 12:46:42,427 [INFO] [DATA] WLDUSDT | now=0.6527 | entry=0.6348 | PnL=+2.82%
2026-06-19 12:46:42,547 [INFO] [DATA] XLMUSDT | now=0.2218 | entry=0.2262 | PnL=-1.95%
2026-06-19 12:46:42,682 [INFO] [DATA] ENAUSDT | now=0.0880 | entry=0.0897 | PnL=-1.90%
2026-06-19 12:46:42,847 [INFO] [DATA] UUSDT | now=1.0008 | entry=1.0009 | PnL=-0.01%
2026-06-19 12:46:42,969 [INFO] [DATA] SYNUSDT | now=0.1280 | entry=0.1178 | PnL=+8.66%
2026-06-19 12:46:43,102 [INFO] [DATA] BIOUSDT | now=0.0345 | entry=0.0356 | PnL=-3.34%
2026-06-19 12:46:43,417 [INFO] [DATA] ALLOUSDT | now=0.3874 | entry=0.3833 | PnL=+1.07%
2026-06-19 12:46:43,417 [INFO] [INVENTORY] 9/10 slots used — 1 vacant.
2026-06-19 12:46:43,552 [INFO] [LIQUIDITY] Free USDT: $0.58
2026-06-19 12:46:43,552 [INFO] [STANDBY] Insufficient USDT (need $10.00).
2026-06-19 12:46:43,552 [INFO] [SLEEP] Sleeping for 120s…
2026-06-19 12:48:43,558 [INFO] ======================================================================
2026-06-19 12:48:43,558 [INFO] [LOOP] Cycle #28 | 2026-06-19 12:48:43
2026-06-19 12:48:43,558 [INFO] [MONITOR] Evaluating 9 open positions…
2026-06-19 12:48:43,692 [INFO] [DATA] TRXUSDT | now=0.3204 | entry=0.3173 | PnL=+0.98%
2026-06-19 12:48:43,812 [INFO] [DATA] RLUSDUSDT | now=1.0008 | entry=1.0008 | PnL=+0.00%
2026-06-19 12:48:43,932 [INFO] [DATA] WLDUSDT | now=0.6498 | entry=0.6348 | PnL=+2.36%
2026-06-19 12:48:44,052 [INFO] [DATA] XLMUSDT | now=0.2210 | entry=0.2262 | PnL=-2.30%
2026-06-19 12:48:44,172 [INFO] [DATA] ENAUSDT | now=0.0876 | entry=0.0897 | PnL=-2.34%
2026-06-19 12:48:44,322 [INFO] [DATA] UUSDT | now=1.0008 | entry=1.0009 | PnL=-0.01%
2026-06-19 12:48:44,563 [INFO] [DATA] SYNUSDT | now=0.1274 | entry=0.1178 | PnL=+8.15%
2026-06-19 12:48:44,788 [INFO] [DATA] BIOUSDT | now=0.0345 | entry=0.0356 | PnL=-3.34%
2026-06-19 12:48:44,908 [INFO] [DATA] ALLOUSDT | now=0.3878 | entry=0.3833 | PnL=+1.17%
2026-06-19 12:48:44,908 [INFO] [INVENTORY] 9/10 slots used — 1 vacant.
2026-06-19 12:48:45,043 [INFO] [LIQUIDITY] Free USDT: $0.58
2026-06-19 12:48:45,043 [INFO] [STANDBY] Insufficient USDT (need $10.00).
2026-06-19 12:48:45,043 [INFO] [SLEEP] Sleeping for 120s…
2026-06-19 12:50:45,050 [INFO] ======================================================================
2026-06-19 12:50:45,050 [INFO] [LOOP] Cycle #29 | 2026-06-19 12:50:45
2026-06-19 12:50:45,050 [INFO] [MONITOR] Evaluating 9 open positions…
2026-06-19 12:50:45,164 [INFO] [DATA] TRXUSDT | now=0.3203 | entry=0.3173 | PnL=+0.95%
2026-06-19 12:50:45,284 [INFO] [DATA] RLUSDUSDT | now=1.0008 | entry=1.0008 | PnL=+0.00%
2026-06-19 12:50:45,419 [INFO] [DATA] WLDUSDT | now=0.6475 | entry=0.6348 | PnL=+2.00%
2026-06-19 12:50:45,539 [INFO] [DATA] XLMUSDT | now=0.2204 | entry=0.2262 | PnL=-2.56%
2026-06-19 12:50:45,659 [INFO] [DATA] ENAUSDT | now=0.0876 | entry=0.0897 | PnL=-2.34%
2026-06-19 12:50:45,779 [INFO] [DATA] UUSDT | now=1.0009 | entry=1.0009 | PnL=+0.00%
2026-06-19 12:50:45,900 [INFO] [DATA] SYNUSDT | now=0.1269 | entry=0.1178 | PnL=+7.72%
2026-06-19 12:50:46,020 [INFO] [DATA] BIOUSDT | now=0.0345 | entry=0.0356 | PnL=-3.06%
2026-06-19 12:50:46,140 [INFO] [DATA] ALLOUSDT | now=0.3873 | entry=0.3833 | PnL=+1.04%
2026-06-19 12:50:46,140 [INFO] [INVENTORY] 9/10 slots used — 1 vacant.
2026-06-19 12:50:46,275 [INFO] [LIQUIDITY] Free USDT: $0.58
2026-06-19 12:50:46,275 [INFO] [STANDBY] Insufficient USDT (need $10.00).
2026-06-19 12:50:46,275 [INFO] [SLEEP] Sleeping for 120s…
2026-06-19 12:52:46,276 [INFO] ======================================================================
2026-06-19 12:52:46,276 [INFO] [LOOP] Cycle #30 | 2026-06-19 12:52:46
2026-06-19 12:52:46,276 [INFO] [MONITOR] Evaluating 9 open positions…
2026-06-19 12:52:46,443 [INFO] [DATA] TRXUSDT | now=0.3204 | entry=0.3173 | PnL=+0.98%
2026-06-19 12:52:46,668 [INFO] [DATA] RLUSDUSDT | now=1.0008 | entry=1.0008 | PnL=+0.00%
2026-06-19 12:52:46,848 [INFO] [DATA] WLDUSDT | now=0.6518 | entry=0.6348 | PnL=+2.68%
2026-06-19 12:52:46,968 [INFO] [DATA] XLMUSDT | now=0.2200 | entry=0.2262 | PnL=-2.74%
2026-06-19 12:52:47,088 [INFO] [DATA] ENAUSDT | now=0.0875 | entry=0.0897 | PnL=-2.45%
2026-06-19 12:52:47,208 [INFO] [DATA] UUSDT | now=1.0009 | entry=1.0009 | PnL=+0.00%
2026-06-19 12:52:47,343 [INFO] [DATA] SYNUSDT | now=0.1266 | entry=0.1178 | PnL=+7.47%
2026-06-19 12:52:47,478 [INFO] [DATA] BIOUSDT | now=0.0346 | entry=0.0356 | PnL=-2.95%
2026-06-19 12:52:47,599 [INFO] [DATA] ALLOUSDT | now=0.3890 | entry=0.3833 | PnL=+1.49%
2026-06-19 12:52:47,599 [INFO] [INVENTORY] 9/10 slots used — 1 vacant.
2026-06-19 12:52:47,734 [INFO] [LIQUIDITY] Free USDT: $0.58
2026-06-19 12:52:47,734 [INFO] [STANDBY] Insufficient USDT (need $10.00).
2026-06-19 12:52:47,734 [INFO] [SLEEP] Sleeping for 120s…
2026-06-19 12:54:47,736 [INFO] ======================================================================
2026-06-19 12:54:47,736 [INFO] [LOOP] Cycle #31 | 2026-06-19 12:54:47
2026-06-19 12:54:47,736 [INFO] [MONITOR] Evaluating 9 open positions…
2026-06-19 12:54:47,867 [INFO] [DATA] TRXUSDT | now=0.3204 | entry=0.3173 | PnL=+0.98%
2026-06-19 12:54:48,048 [INFO] [DATA] RLUSDUSDT | now=1.0008 | entry=1.0008 | PnL=+0.00%
2026-06-19 12:54:48,243 [INFO] [DATA] WLDUSDT | now=0.6554 | entry=0.6348 | PnL=+3.25%
2026-06-19 12:54:48,513 [INFO] [DATA] XLMUSDT | now=0.2203 | entry=0.2262 | PnL=-2.61%
2026-06-19 12:54:49,158 [INFO] [DATA] ENAUSDT | now=0.0878 | entry=0.0897 | PnL=-2.12%
2026-06-19 12:54:49,414 [INFO] [DATA] UUSDT | now=1.0008 | entry=1.0009 | PnL=-0.01%
2026-06-19 12:54:49,654 [INFO] [DATA] SYNUSDT | now=0.1255 | entry=0.1178 | PnL=+6.54%
2026-06-19 12:54:49,789 [INFO] [DATA] BIOUSDT | now=0.0346 | entry=0.0356 | PnL=-3.00%
2026-06-19 12:54:49,939 [INFO] [DATA] ALLOUSDT | now=0.3892 | entry=0.3833 | PnL=+1.54%
2026-06-19 12:54:49,939 [INFO] [INVENTORY] 9/10 slots used — 1 vacant.
2026-06-19 12:54:50,074 [INFO] [LIQUIDITY] Free USDT: $0.58
2026-06-19 12:54:50,074 [INFO] [STANDBY] Insufficient USDT (need $10.00).
2026-06-19 12:54:50,074 [INFO] [SLEEP] Sleeping for 120s…
2026-06-19 12:56:50,081 [INFO] ======================================================================
2026-06-19 12:56:50,081 [INFO] [LOOP] Cycle #32 | 2026-06-19 12:56:50
2026-06-19 12:56:50,081 [INFO] [MONITOR] Evaluating 9 open positions…
2026-06-19 12:56:50,210 [INFO] [DATA] TRXUSDT | now=0.3204 | entry=0.3173 | PnL=+0.98%
2026-06-19 12:56:50,375 [INFO] [DATA] RLUSDUSDT | now=1.0008 | entry=1.0008 | PnL=+0.00%
2026-06-19 12:56:50,601 [INFO] [DATA] WLDUSDT | now=0.6515 | entry=0.6348 | PnL=+2.63%
2026-06-19 12:56:50,721 [INFO] [DATA] XLMUSDT | now=0.2203 | entry=0.2262 | PnL=-2.61%
2026-06-19 12:56:50,841 [INFO] [DATA] ENAUSDT | now=0.0876 | entry=0.0897 | PnL=-2.34%
2026-06-19 12:56:50,961 [INFO] [DATA] UUSDT | now=1.0008 | entry=1.0009 | PnL=-0.01%
2026-06-19 12:56:51,096 [INFO] [DATA] SYNUSDT | now=0.1246 | entry=0.1178 | PnL=+5.77%
2026-06-19 12:56:51,202 [INFO] [DATA] BIOUSDT | now=0.0345 | entry=0.0356 | PnL=-3.17%
2026-06-19 12:56:51,352 [INFO] [DATA] ALLOUSDT | now=0.3904 | entry=0.3833 | PnL=+1.85%
2026-06-19 12:56:51,352 [INFO] [INVENTORY] 9/10 slots used — 1 vacant.
2026-06-19 12:56:51,517 [INFO] [LIQUIDITY] Free USDT: $0.58
2026-06-19 12:56:51,517 [INFO] [STANDBY] Insufficient USDT (need $10.00).
2026-06-19 12:56:51,517 [INFO] [SLEEP] Sleeping for 120s…
2026-06-19 12:58:51,519 [INFO] ======================================================================
2026-06-19 12:58:51,519 [INFO] [LOOP] Cycle #33 | 2026-06-19 12:58:51
2026-06-19 12:58:51,519 [INFO] [MONITOR] Evaluating 9 open positions…
2026-06-19 12:58:51,635 [INFO] [DATA] TRXUSDT | now=0.3204 | entry=0.3173 | PnL=+0.98%
2026-06-19 12:58:51,755 [INFO] [DATA] RLUSDUSDT | now=1.0007 | entry=1.0008 | PnL=-0.01%
2026-06-19 12:58:51,890 [INFO] [DATA] WLDUSDT | now=0.6517 | entry=0.6348 | PnL=+2.66%
2026-06-19 12:58:52,011 [INFO] [DATA] XLMUSDT | now=0.2197 | entry=0.2262 | PnL=-2.87%
2026-06-19 12:58:52,131 [INFO] [DATA] ENAUSDT | now=0.0874 | entry=0.0897 | PnL=-2.56%
2026-06-19 12:58:52,251 [INFO] [DATA] UUSDT | now=1.0009 | entry=1.0009 | PnL=+0.00%
2026-06-19 12:58:52,370 [INFO] [DATA] SYNUSDT | now=0.1249 | entry=0.1178 | PnL=+6.03%
2026-06-19 12:58:52,491 [INFO] [DATA] BIOUSDT | now=0.0343 | entry=0.0356 | PnL=-3.73%
2026-06-19 12:58:52,611 [INFO] [DATA] ALLOUSDT | now=0.3899 | entry=0.3833 | PnL=+1.72%
2026-06-19 12:58:52,611 [INFO] [INVENTORY] 9/10 slots used — 1 vacant.
2026-06-19 12:58:52,731 [INFO] [LIQUIDITY] Free USDT: $0.58
2026-06-19 12:58:52,731 [INFO] [STANDBY] Insufficient USDT (need $10.00).
2026-06-19 12:58:52,731 [INFO] [SLEEP] Sleeping for 120s…
2026-06-19 13:00:52,741 [INFO] ======================================================================
2026-06-19 13:00:52,741 [INFO] [LOOP] Cycle #34 | 2026-06-19 13:00:52
2026-06-19 13:00:52,741 [INFO] [MONITOR] Evaluating 9 open positions…
2026-06-19 13:00:52,866 [INFO] [DATA] TRXUSDT | now=0.3205 | entry=0.3173 | PnL=+1.01%
2026-06-19 13:00:52,986 [INFO] [DATA] RLUSDUSDT | now=1.0007 | entry=1.0008 | PnL=-0.01%
2026-06-19 13:00:53,106 [INFO] [DATA] WLDUSDT | now=0.6521 | entry=0.6348 | PnL=+2.73%
2026-06-19 13:00:53,226 [INFO] [DATA] XLMUSDT | now=0.2201 | entry=0.2262 | PnL=-2.70%
2026-06-19 13:00:53,361 [INFO] [DATA] ENAUSDT | now=0.0875 | entry=0.0897 | PnL=-2.45%
2026-06-19 13:00:53,481 [INFO] [DATA] UUSDT | now=1.0009 | entry=1.0009 | PnL=+0.00%
2026-06-19 13:00:53,601 [INFO] [DATA] SYNUSDT | now=0.1235 | entry=0.1178 | PnL=+4.84%
2026-06-19 13:00:53,721 [INFO] [DATA] BIOUSDT | now=0.0344 | entry=0.0356 | PnL=-3.48%
2026-06-19 13:00:53,841 [INFO] [DATA] ALLOUSDT | now=0.3894 | entry=0.3833 | PnL=+1.59%
2026-06-19 13:00:53,841 [INFO] [INVENTORY] 9/10 slots used — 1 vacant.
2026-06-19 13:00:53,976 [INFO] [LIQUIDITY] Free USDT: $0.58
2026-06-19 13:00:53,976 [INFO] [STANDBY] Insufficient USDT (need $10.00).
2026-06-19 13:00:53,976 [INFO] [SLEEP] Sleeping for 120s…
2026-06-19 13:02:53,983 [INFO] ======================================================================
2026-06-19 13:02:53,983 [INFO] [LOOP] Cycle #35 | 2026-06-19 13:02:53
2026-06-19 13:02:53,983 [INFO] [MONITOR] Evaluating 9 open positions…
2026-06-19 13:02:54,110 [INFO] [DATA] TRXUSDT | now=0.3205 | entry=0.3173 | PnL=+1.01%
2026-06-19 13:02:54,275 [INFO] [DATA] RLUSDUSDT | now=1.0007 | entry=1.0008 | PnL=-0.01%
2026-06-19 13:02:54,395 [INFO] [DATA] WLDUSDT | now=0.6487 | entry=0.6348 | PnL=+2.19%
2026-06-19 13:02:54,515 [INFO] [DATA] XLMUSDT | now=0.2192 | entry=0.2262 | PnL=-3.09%
2026-06-19 13:02:54,650 [INFO] [DATA] ENAUSDT | now=0.0872 | entry=0.0897 | PnL=-2.79%
2026-06-19 13:02:54,770 [INFO] [DATA] UUSDT | now=1.0009 | entry=1.0009 | PnL=+0.00%
2026-06-19 13:02:54,905 [INFO] [DATA] SYNUSDT | now=0.1213 | entry=0.1178 | PnL=+2.97%
2026-06-19 13:02:55,026 [INFO] [DATA] BIOUSDT | now=0.0344 | entry=0.0356 | PnL=-3.56%
2026-06-19 13:02:55,161 [INFO] [DATA] ALLOUSDT | now=0.3876 | entry=0.3833 | PnL=+1.12%
2026-06-19 13:02:55,161 [INFO] [INVENTORY] 9/10 slots used — 1 vacant.
2026-06-19 13:02:55,311 [INFO] [LIQUIDITY] Free USDT: $0.58
2026-06-19 13:02:55,311 [INFO] [STANDBY] Insufficient USDT (need $10.00).
2026-06-19 13:02:55,311 [INFO] [SLEEP] Sleeping for 120s…
2026-06-19 13:04:55,318 [INFO] ======================================================================
2026-06-19 13:04:55,318 [INFO] [LOOP] Cycle #36 | 2026-06-19 13:04:55
2026-06-19 13:04:55,318 [INFO] [MONITOR] Evaluating 9 open positions…
2026-06-19 13:04:55,443 [INFO] [DATA] TRXUSDT | now=0.3205 | entry=0.3173 | PnL=+1.01%
2026-06-19 13:04:55,563 [INFO] [DATA] RLUSDUSDT | now=1.0008 | entry=1.0008 | PnL=+0.00%
2026-06-19 13:04:55,683 [INFO] [DATA] WLDUSDT | now=0.6482 | entry=0.6348 | PnL=+2.11%
2026-06-19 13:04:55,893 [INFO] [DATA] XLMUSDT | now=0.2187 | entry=0.2262 | PnL=-3.32%
2026-06-19 13:04:56,134 [INFO] [DATA] ENAUSDT | now=0.0871 | entry=0.0897 | PnL=-2.90%
2026-06-19 13:04:56,269 [INFO] [DATA] UUSDT | now=1.0008 | entry=1.0009 | PnL=-0.01%
2026-06-19 13:04:56,524 [INFO] [DATA] SYNUSDT | now=0.1218 | entry=0.1178 | PnL=+3.40%
2026-06-19 13:04:56,719 [INFO] [DATA] BIOUSDT | now=0.0343 | entry=0.0356 | PnL=-3.65%
2026-06-19 13:04:56,854 [INFO] [DATA] ALLOUSDT | now=0.3879 | entry=0.3833 | PnL=+1.20%
2026-06-19 13:04:56,854 [INFO] [INVENTORY] 9/10 slots used — 1 vacant.
2026-06-19 13:04:56,974 [INFO] [LIQUIDITY] Free USDT: $0.58
2026-06-19 13:04:56,974 [INFO] [STANDBY] Insufficient USDT (need $10.00).
2026-06-19 13:04:56,974 [INFO] [SLEEP] Sleeping for 120s…
2026-06-19 13:06:56,983 [INFO] ======================================================================
2026-06-19 13:06:56,983 [INFO] [LOOP] Cycle #37 | 2026-06-19 13:06:56
2026-06-19 13:06:56,983 [INFO] [MONITOR] Evaluating 9 open positions…
2026-06-19 13:06:57,097 [INFO] [DATA] TRXUSDT | now=0.3203 | entry=0.3173 | PnL=+0.95%
2026-06-19 13:06:57,232 [INFO] [DATA] RLUSDUSDT | now=1.0007 | entry=1.0008 | PnL=-0.01%
2026-06-19 13:06:57,352 [INFO] [DATA] WLDUSDT | now=0.6454 | entry=0.6348 | PnL=+1.67%
2026-06-19 13:06:57,472 [INFO] [DATA] XLMUSDT | now=0.2182 | entry=0.2262 | PnL=-3.54%
2026-06-19 13:06:57,603 [INFO] [DATA] ENAUSDT | now=0.0872 | entry=0.0897 | PnL=-2.79%
2026-06-19 13:06:57,712 [INFO] [DATA] UUSDT | now=1.0009 | entry=1.0009 | PnL=+0.00%
2026-06-19 13:06:57,847 [INFO] [DATA] SYNUSDT | now=0.1223 | entry=0.1178 | PnL=+3.82%
2026-06-19 13:06:57,967 [INFO] [DATA] BIOUSDT | now=0.0345 | entry=0.0356 | PnL=-3.28%
2026-06-19 13:06:58,087 [INFO] [DATA] ALLOUSDT | now=0.3877 | entry=0.3833 | PnL=+1.15%
2026-06-19 13:06:58,087 [INFO] [INVENTORY] 9/10 slots used — 1 vacant.
2026-06-19 13:06:58,222 [INFO] [LIQUIDITY] Free USDT: $0.58
2026-06-19 13:06:58,222 [INFO] [STANDBY] Insufficient USDT (need $10.00).
2026-06-19 13:06:58,222 [INFO] [SLEEP] Sleeping for 120s…
2026-06-19 13:08:58,225 [INFO] ======================================================================
2026-06-19 13:08:58,225 [INFO] [LOOP] Cycle #38 | 2026-06-19 13:08:58
2026-06-19 13:08:58,225 [INFO] [MONITOR] Evaluating 9 open positions…
2026-06-19 13:08:58,340 [INFO] [DATA] TRXUSDT | now=0.3203 | entry=0.3173 | PnL=+0.95%
2026-06-19 13:08:58,460 [INFO] [DATA] RLUSDUSDT | now=1.0007 | entry=1.0008 | PnL=-0.01%
2026-06-19 13:08:58,580 [INFO] [DATA] WLDUSDT | now=0.6433 | entry=0.6348 | PnL=+1.34%
2026-06-19 13:08:58,700 [INFO] [DATA] XLMUSDT | now=0.2183 | entry=0.2262 | PnL=-3.49%
2026-06-19 13:08:58,835 [INFO] [DATA] ENAUSDT | now=0.0870 | entry=0.0897 | PnL=-3.01%
2026-06-19 13:08:58,955 [INFO] [DATA] UUSDT | now=1.0008 | entry=1.0009 | PnL=-0.01%
2026-06-19 13:08:59,075 [INFO] [DATA] SYNUSDT | now=0.1244 | entry=0.1178 | PnL=+5.60%
2026-06-19 13:08:59,195 [INFO] [DATA] BIOUSDT | now=0.0345 | entry=0.0356 | PnL=-3.17%
2026-06-19 13:08:59,315 [INFO] [DATA] ALLOUSDT | now=0.3866 | entry=0.3833 | PnL=+0.86%
2026-06-19 13:08:59,315 [INFO] [INVENTORY] 9/10 slots used — 1 vacant.
2026-06-19 13:08:59,435 [INFO] [LIQUIDITY] Free USDT: $0.58
2026-06-19 13:08:59,450 [INFO] [STANDBY] Insufficient USDT (need $10.00).
2026-06-19 13:08:59,450 [INFO] [SLEEP] Sleeping for 120s…
2026-06-19 13:10:59,450 [INFO] ======================================================================
2026-06-19 13:10:59,450 [INFO] [LOOP] Cycle #39 | 2026-06-19 13:10:59
2026-06-19 13:10:59,450 [INFO] [MONITOR] Evaluating 9 open positions…
2026-06-19 13:10:59,629 [INFO] [DATA] TRXUSDT | now=0.3204 | entry=0.3173 | PnL=+0.98%
2026-06-19 13:10:59,839 [INFO] [DATA] RLUSDUSDT | now=1.0007 | entry=1.0008 | PnL=-0.01%
2026-06-19 13:10:59,959 [INFO] [DATA] WLDUSDT | now=0.6460 | entry=0.6348 | PnL=+1.76%
2026-06-19 13:11:00,079 [INFO] [DATA] XLMUSDT | now=0.2183 | entry=0.2262 | PnL=-3.49%
2026-06-19 13:11:00,199 [INFO] [DATA] ENAUSDT | now=0.0871 | entry=0.0897 | PnL=-2.90%
2026-06-19 13:11:00,334 [INFO] [DATA] UUSDT | now=1.0008 | entry=1.0009 | PnL=-0.01%
2026-06-19 13:11:00,455 [INFO] [DATA] SYNUSDT | now=0.1230 | entry=0.1178 | PnL=+4.41%
2026-06-19 13:11:00,575 [INFO] [DATA] BIOUSDT | now=0.0345 | entry=0.0356 | PnL=-3.25%
2026-06-19 13:11:00,710 [INFO] [DATA] ALLOUSDT | now=0.3869 | entry=0.3833 | PnL=+0.94%
2026-06-19 13:11:00,710 [INFO] [INVENTORY] 9/10 slots used — 1 vacant.
2026-06-19 13:11:00,830 [INFO] [LIQUIDITY] Free USDT: $0.58
2026-06-19 13:11:00,830 [INFO] [STANDBY] Insufficient USDT (need $10.00).
2026-06-19 13:11:00,830 [INFO] [SLEEP] Sleeping for 120s…
2026-06-19 13:13:00,839 [INFO] ======================================================================
2026-06-19 13:13:00,839 [INFO] [LOOP] Cycle #40 | 2026-06-19 13:13:00
2026-06-19 13:13:00,839 [INFO] [MONITOR] Evaluating 9 open positions…
2026-06-19 13:13:00,958 [INFO] [DATA] TRXUSDT | now=0.3205 | entry=0.3173 | PnL=+1.01%
2026-06-19 13:13:01,070 [INFO] [DATA] RLUSDUSDT | now=1.0008 | entry=1.0008 | PnL=+0.00%
2026-06-19 13:13:01,183 [INFO] [DATA] WLDUSDT | now=0.6463 | entry=0.6348 | PnL=+1.81%
2026-06-19 13:13:01,303 [INFO] [DATA] XLMUSDT | now=0.2174 | entry=0.2262 | PnL=-3.89%
2026-06-19 13:13:01,423 [INFO] [DATA] ENAUSDT | now=0.0869 | entry=0.0897 | PnL=-3.12%
2026-06-19 13:13:01,543 [INFO] [DATA] UUSDT | now=1.0008 | entry=1.0009 | PnL=-0.01%
2026-06-19 13:13:01,663 [INFO] [DATA] SYNUSDT | now=0.1235 | entry=0.1178 | PnL=+4.84%
2026-06-19 13:13:01,783 [INFO] [DATA] BIOUSDT | now=0.0345 | entry=0.0356 | PnL=-3.25%
2026-06-19 13:13:01,903 [INFO] [DATA] ALLOUSDT | now=0.3882 | entry=0.3833 | PnL=+1.28%
2026-06-19 13:13:01,903 [INFO] [INVENTORY] 9/10 slots used — 1 vacant.
2026-06-19 13:13:02,039 [INFO] [LIQUIDITY] Free USDT: $0.58
2026-06-19 13:13:02,039 [INFO] [STANDBY] Insufficient USDT (need $10.00).
2026-06-19 13:13:02,039 [INFO] [SLEEP] Sleeping for 120s…
2026-06-19 13:15:02,041 [INFO] ======================================================================
2026-06-19 13:15:02,041 [INFO] [LOOP] Cycle #41 | 2026-06-19 13:15:02
2026-06-19 13:15:02,041 [INFO] [MONITOR] Evaluating 9 open positions…
2026-06-19 13:15:02,150 [INFO] [DATA] TRXUSDT | now=0.3206 | entry=0.3173 | PnL=+1.04%
2026-06-19 13:15:02,270 [INFO] [DATA] RLUSDUSDT | now=1.0008 | entry=1.0008 | PnL=+0.00%
2026-06-19 13:15:02,390 [INFO] [DATA] WLDUSDT | now=0.6463 | entry=0.6348 | PnL=+1.81%
2026-06-19 13:15:02,510 [INFO] [DATA] XLMUSDT | now=0.2172 | entry=0.2262 | PnL=-3.98%
2026-06-19 13:15:02,690 [INFO] [DATA] ENAUSDT | now=0.0868 | entry=0.0897 | PnL=-3.23%
2026-06-19 13:15:02,809 [INFO] [DATA] UUSDT | now=1.0008 | entry=1.0009 | PnL=-0.01%
2026-06-19 13:15:02,930 [INFO] [DATA] SYNUSDT | now=0.1257 | entry=0.1178 | PnL=+6.71%
2026-06-19 13:15:03,095 [INFO] [DATA] BIOUSDT | now=0.0346 | entry=0.0356 | PnL=-2.81%
2026-06-19 13:15:03,230 [INFO] [DATA] ALLOUSDT | now=0.3880 | entry=0.3833 | PnL=+1.23%
2026-06-19 13:15:03,230 [INFO] [INVENTORY] 9/10 slots used — 1 vacant.
2026-06-19 13:15:03,365 [INFO] [LIQUIDITY] Free USDT: $0.58
2026-06-19 13:15:03,365 [INFO] [STANDBY] Insufficient USDT (need $10.00).
2026-06-19 13:15:03,365 [INFO] [SLEEP] Sleeping for 120s…
2026-06-19 13:17:03,369 [INFO] ======================================================================
2026-06-19 13:17:03,369 [INFO] [LOOP] Cycle #42 | 2026-06-19 13:17:03
2026-06-19 13:17:03,369 [INFO] [MONITOR] Evaluating 9 open positions…
2026-06-19 13:17:03,477 [INFO] [DATA] TRXUSDT | now=0.3206 | entry=0.3173 | PnL=+1.04%
2026-06-19 13:17:03,612 [INFO] [DATA] RLUSDUSDT | now=1.0009 | entry=1.0008 | PnL=+0.01%
2026-06-19 13:17:03,717 [INFO] [DATA] WLDUSDT | now=0.6469 | entry=0.6348 | PnL=+1.91%
2026-06-19 13:17:03,854 [INFO] [DATA] XLMUSDT | now=0.2170 | entry=0.2262 | PnL=-4.07%
2026-06-19 13:17:03,972 [INFO] [DATA] ENAUSDT | now=0.0866 | entry=0.0897 | PnL=-3.46%
2026-06-19 13:17:04,092 [INFO] [DATA] UUSDT | now=1.0008 | entry=1.0009 | PnL=-0.01%
2026-06-19 13:17:04,212 [INFO] [DATA] SYNUSDT | now=0.1234 | entry=0.1178 | PnL=+4.75%
2026-06-19 13:17:04,332 [INFO] [DATA] BIOUSDT | now=0.0345 | entry=0.0356 | PnL=-3.09%
2026-06-19 13:17:04,453 [INFO] [DATA] ALLOUSDT | now=0.3886 | entry=0.3833 | PnL=+1.38%
2026-06-19 13:17:04,453 [INFO] [INVENTORY] 9/10 slots used — 1 vacant.
2026-06-19 13:17:04,588 [INFO] [LIQUIDITY] Free USDT: $0.58
2026-06-19 13:17:04,588 [INFO] [STANDBY] Insufficient USDT (need $10.00).
2026-06-19 13:17:04,588 [INFO] [SLEEP] Sleeping for 120s…
2026-06-19 13:19:04,590 [INFO] ======================================================================
2026-06-19 13:19:04,590 [INFO] [LOOP] Cycle #43 | 2026-06-19 13:19:04
2026-06-19 13:19:04,590 [INFO] [MONITOR] Evaluating 9 open positions…
2026-06-19 13:19:04,706 [INFO] [DATA] TRXUSDT | now=0.3206 | entry=0.3173 | PnL=+1.04%
2026-06-19 13:19:04,826 [INFO] [DATA] RLUSDUSDT | now=1.0009 | entry=1.0008 | PnL=+0.01%
2026-06-19 13:19:04,946 [INFO] [DATA] WLDUSDT | now=0.6463 | entry=0.6348 | PnL=+1.81%
2026-06-19 13:19:05,066 [INFO] [DATA] XLMUSDT | now=0.2172 | entry=0.2262 | PnL=-3.98%
2026-06-19 13:19:05,201 [INFO] [DATA] ENAUSDT | now=0.0869 | entry=0.0897 | PnL=-3.12%
2026-06-19 13:19:05,321 [INFO] [DATA] UUSDT | now=1.0008 | entry=1.0009 | PnL=-0.01%
2026-06-19 13:19:05,441 [INFO] [DATA] SYNUSDT | now=0.1225 | entry=0.1178 | PnL=+3.99%
2026-06-19 13:19:05,561 [INFO] [DATA] BIOUSDT | now=0.0348 | entry=0.0356 | PnL=-2.47%
2026-06-19 13:19:05,681 [INFO] [DATA] ALLOUSDT | now=0.3886 | entry=0.3833 | PnL=+1.38%
2026-06-19 13:19:05,681 [INFO] [INVENTORY] 9/10 slots used — 1 vacant.
2026-06-19 13:19:05,801 [INFO] [LIQUIDITY] Free USDT: $0.58
2026-06-19 13:19:05,816 [INFO] [STANDBY] Insufficient USDT (need $10.00).
2026-06-19 13:19:05,816 [INFO] [SLEEP] Sleeping for 120s…
2026-06-19 13:21:05,817 [INFO] ======================================================================
2026-06-19 13:21:05,817 [INFO] [LOOP] Cycle #44 | 2026-06-19 13:21:05
2026-06-19 13:21:05,817 [INFO] [MONITOR] Evaluating 9 open positions…
2026-06-19 13:21:05,933 [INFO] [DATA] TRXUSDT | now=0.3206 | entry=0.3173 | PnL=+1.04%
2026-06-19 13:21:06,053 [INFO] [DATA] RLUSDUSDT | now=1.0008 | entry=1.0008 | PnL=+0.00%
2026-06-19 13:21:06,173 [INFO] [DATA] WLDUSDT | now=0.6488 | entry=0.6348 | PnL=+2.21%
2026-06-19 13:21:06,293 [INFO] [DATA] XLMUSDT | now=0.2183 | entry=0.2262 | PnL=-3.49%
2026-06-19 13:21:06,414 [INFO] [DATA] ENAUSDT | now=0.0873 | entry=0.0897 | PnL=-2.68%
2026-06-19 13:21:06,534 [INFO] [DATA] UUSDT | now=1.0009 | entry=1.0009 | PnL=+0.00%
2026-06-19 13:21:06,654 [INFO] [DATA] SYNUSDT | now=0.1244 | entry=0.1178 | PnL=+5.60%
2026-06-19 13:21:06,774 [INFO] [DATA] BIOUSDT | now=0.0349 | entry=0.0356 | PnL=-1.96%
2026-06-19 13:21:06,894 [INFO] [DATA] ALLOUSDT | now=0.3891 | entry=0.3833 | PnL=+1.51%
2026-06-19 13:21:06,894 [INFO] [INVENTORY] 9/10 slots used — 1 vacant.
2026-06-19 13:21:07,014 [INFO] [LIQUIDITY] Free USDT: $0.58
2026-06-19 13:21:07,014 [INFO] [STANDBY] Insufficient USDT (need $10.00).
2026-06-19 13:21:07,014 [INFO] [SLEEP] Sleeping for 120s…
2026-06-19 13:23:07,023 [INFO] ======================================================================
2026-06-19 13:23:07,023 [INFO] [LOOP] Cycle #45 | 2026-06-19 13:23:07
2026-06-19 13:23:07,023 [INFO] [MONITOR] Evaluating 9 open positions…
2026-06-19 13:23:07,135 [INFO] [DATA] TRXUSDT | now=0.3206 | entry=0.3173 | PnL=+1.04%
2026-06-19 13:23:07,270 [INFO] [DATA] RLUSDUSDT | now=1.0009 | entry=1.0008 | PnL=+0.01%
2026-06-19 13:23:07,390 [INFO] [DATA] WLDUSDT | now=0.6482 | entry=0.6348 | PnL=+2.11%
2026-06-19 13:23:07,525 [INFO] [DATA] XLMUSDT | now=0.2172 | entry=0.2262 | PnL=-3.98%
2026-06-19 13:23:07,645 [INFO] [DATA] ENAUSDT | now=0.0869 | entry=0.0897 | PnL=-3.12%
2026-06-19 13:23:07,765 [INFO] [DATA] UUSDT | now=1.0009 | entry=1.0009 | PnL=+0.00%
2026-06-19 13:23:07,870 [INFO] [DATA] SYNUSDT | now=0.1239 | entry=0.1178 | PnL=+5.18%
2026-06-19 13:23:08,006 [INFO] [DATA] BIOUSDT | now=0.0348 | entry=0.0356 | PnL=-2.24%
2026-06-19 13:23:08,126 [INFO] [DATA] ALLOUSDT | now=0.3896 | entry=0.3833 | PnL=+1.64%
2026-06-19 13:23:08,126 [INFO] [INVENTORY] 9/10 slots used — 1 vacant.
2026-06-19 13:23:08,261 [INFO] [LIQUIDITY] Free USDT: $0.58
2026-06-19 13:23:08,262 [INFO] [STANDBY] Insufficient USDT (need $10.00).
2026-06-19 13:23:08,262 [INFO] [SLEEP] Sleeping for 120s…
2026-06-19 13:25:08,264 [INFO] ======================================================================
2026-06-19 13:25:08,264 [INFO] [LOOP] Cycle #46 | 2026-06-19 13:25:08
2026-06-19 13:25:08,264 [INFO] [MONITOR] Evaluating 9 open positions…
2026-06-19 13:25:08,382 [INFO] [DATA] TRXUSDT | now=0.3206 | entry=0.3173 | PnL=+1.04%
2026-06-19 13:25:08,502 [INFO] [DATA] RLUSDUSDT | now=1.0008 | entry=1.0008 | PnL=+0.00%
2026-06-19 13:25:08,637 [INFO] [DATA] WLDUSDT | now=0.6476 | entry=0.6348 | PnL=+2.02%
2026-06-19 13:25:08,757 [INFO] [DATA] XLMUSDT | now=0.2172 | entry=0.2262 | PnL=-3.98%
2026-06-19 13:25:08,877 [INFO] [DATA] ENAUSDT | now=0.0872 | entry=0.0897 | PnL=-2.79%
2026-06-19 13:25:08,997 [INFO] [DATA] UUSDT | now=1.0008 | entry=1.0009 | PnL=-0.01%
2026-06-19 13:25:09,117 [INFO] [DATA] SYNUSDT | now=0.1217 | entry=0.1178 | PnL=+3.31%
2026-06-19 13:25:09,237 [INFO] [DATA] BIOUSDT | now=0.0349 | entry=0.0356 | PnL=-2.08%
2026-06-19 13:25:09,372 [INFO] [DATA] ALLOUSDT | now=0.3894 | entry=0.3833 | PnL=+1.59%
2026-06-19 13:25:09,372 [INFO] [INVENTORY] 9/10 slots used — 1 vacant.
2026-06-19 13:25:09,507 [INFO] [LIQUIDITY] Free USDT: $0.58
2026-06-19 13:25:09,507 [INFO] [STANDBY] Insufficient USDT (need $10.00).
2026-06-19 13:25:09,507 [INFO] [SLEEP] Sleeping for 120s…
2026-06-19 13:27:09,509 [INFO] ======================================================================
2026-06-19 13:27:09,509 [INFO] [LOOP] Cycle #47 | 2026-06-19 13:27:09
2026-06-19 13:27:09,509 [INFO] [MONITOR] Evaluating 9 open positions…
2026-06-19 13:27:09,626 [INFO] [DATA] TRXUSDT | now=0.3205 | entry=0.3173 | PnL=+1.01%
2026-06-19 13:27:09,746 [INFO] [DATA] RLUSDUSDT | now=1.0008 | entry=1.0008 | PnL=+0.00%
2026-06-19 13:27:09,866 [INFO] [DATA] WLDUSDT | now=0.6497 | entry=0.6348 | PnL=+2.35%
2026-06-19 13:27:10,001 [INFO] [DATA] XLMUSDT | now=0.2169 | entry=0.2262 | PnL=-4.11%
2026-06-19 13:27:10,211 [INFO] [DATA] ENAUSDT | now=0.0870 | entry=0.0897 | PnL=-3.01%
2026-06-19 13:27:10,332 [INFO] [DATA] UUSDT | now=1.0008 | entry=1.0009 | PnL=-0.01%
2026-06-19 13:27:10,489 [INFO] [DATA] SYNUSDT | now=0.1216 | entry=0.1178 | PnL=+3.23%
2026-06-19 13:27:10,693 [INFO] [DATA] BIOUSDT | now=0.0349 | entry=0.0356 | PnL=-2.08%
2026-06-19 13:27:10,813 [INFO] [DATA] ALLOUSDT | now=0.3892 | entry=0.3833 | PnL=+1.54%
2026-06-19 13:27:10,813 [INFO] [INVENTORY] 9/10 slots used — 1 vacant.
2026-06-19 13:27:10,963 [INFO] [LIQUIDITY] Free USDT: $0.58
2026-06-19 13:27:10,963 [INFO] [STANDBY] Insufficient USDT (need $10.00).
2026-06-19 13:27:10,963 [INFO] [SLEEP] Sleeping for 120s…
2026-06-19 13:29:10,965 [INFO] ======================================================================
2026-06-19 13:29:10,965 [INFO] [LOOP] Cycle #48 | 2026-06-19 13:29:10
2026-06-19 13:29:10,965 [INFO] [MONITOR] Evaluating 9 open positions…
2026-06-19 13:29:11,128 [INFO] [DATA] TRXUSDT | now=0.3204 | entry=0.3173 | PnL=+0.98%
2026-06-19 13:29:11,279 [INFO] [DATA] RLUSDUSDT | now=1.0009 | entry=1.0008 | PnL=+0.01%
2026-06-19 13:29:11,399 [INFO] [DATA] WLDUSDT | now=0.6468 | entry=0.6348 | PnL=+1.89%
2026-06-19 13:29:11,534 [INFO] [DATA] XLMUSDT | now=0.2175 | entry=0.2262 | PnL=-3.85%
2026-06-19 13:29:11,684 [INFO] [DATA] ENAUSDT | now=0.0869 | entry=0.0897 | PnL=-3.12%
2026-06-19 13:29:11,819 [INFO] [DATA] UUSDT | now=1.0008 | entry=1.0009 | PnL=-0.01%
2026-06-19 13:29:11,939 [INFO] [DATA] SYNUSDT | now=0.1218 | entry=0.1178 | PnL=+3.40%
2026-06-19 13:29:12,104 [INFO] [DATA] BIOUSDT | now=0.0348 | entry=0.0356 | PnL=-2.27%
2026-06-19 13:29:12,359 [INFO] [DATA] ALLOUSDT | now=0.3896 | entry=0.3833 | PnL=+1.64%
2026-06-19 13:29:12,359 [INFO] [INVENTORY] 9/10 slots used — 1 vacant.
2026-06-19 13:29:12,509 [INFO] [LIQUIDITY] Free USDT: $0.58
2026-06-19 13:29:12,509 [INFO] [STANDBY] Insufficient USDT (need $10.00).
2026-06-19 13:29:12,509 [INFO] [SLEEP] Sleeping for 120s…
2026-06-19 13:31:12,514 [INFO] ======================================================================
2026-06-19 13:31:12,514 [INFO] [LOOP] Cycle #49 | 2026-06-19 13:31:12
2026-06-19 13:31:12,514 [INFO] [MONITOR] Evaluating 9 open positions…
2026-06-19 13:31:12,653 [INFO] [DATA] TRXUSDT | now=0.3206 | entry=0.3173 | PnL=+1.04%
2026-06-19 13:31:12,788 [INFO] [DATA] RLUSDUSDT | now=1.0009 | entry=1.0008 | PnL=+0.01%
2026-06-19 13:31:12,908 [INFO] [DATA] WLDUSDT | now=0.6485 | entry=0.6348 | PnL=+2.16%
2026-06-19 13:31:13,028 [INFO] [DATA] XLMUSDT | now=0.2181 | entry=0.2262 | PnL=-3.58%
2026-06-19 13:31:13,163 [INFO] [DATA] ENAUSDT | now=0.0870 | entry=0.0897 | PnL=-3.01%
2026-06-19 13:31:13,283 [INFO] [DATA] UUSDT | now=1.0009 | entry=1.0009 | PnL=+0.00%
2026-06-19 13:31:13,388 [INFO] [DATA] SYNUSDT | now=0.1224 | entry=0.1178 | PnL=+3.90%
2026-06-19 13:31:13,523 [INFO] [DATA] BIOUSDT | now=0.0349 | entry=0.0356 | PnL=-2.10%
2026-06-19 13:31:13,643 [INFO] [DATA] ALLOUSDT | now=0.3902 | entry=0.3833 | PnL=+1.80%
2026-06-19 13:31:13,643 [INFO] [INVENTORY] 9/10 slots used — 1 vacant.
2026-06-19 13:31:13,793 [INFO] [LIQUIDITY] Free USDT: $0.58
2026-06-19 13:31:13,793 [INFO] [STANDBY] Insufficient USDT (need $10.00).
2026-06-19 13:31:13,793 [INFO] [SLEEP] Sleeping for 120s…
2026-06-19 13:33:13,807 [INFO] ======================================================================
2026-06-19 13:33:13,807 [INFO] [LOOP] Cycle #50 | 2026-06-19 13:33:13
2026-06-19 13:33:13,807 [INFO] [MONITOR] Evaluating 9 open positions…
2026-06-19 13:33:13,937 [INFO] [DATA] TRXUSDT | now=0.3206 | entry=0.3173 | PnL=+1.04%
2026-06-19 13:33:14,057 [INFO] [DATA] RLUSDUSDT | now=1.0009 | entry=1.0008 | PnL=+0.01%
2026-06-19 13:33:14,192 [INFO] [DATA] WLDUSDT | now=0.6495 | entry=0.6348 | PnL=+2.32%
2026-06-19 13:33:14,433 [INFO] [DATA] XLMUSDT | now=0.2180 | entry=0.2262 | PnL=-3.63%
2026-06-19 13:33:14,868 [INFO] [DATA] ENAUSDT | now=0.0868 | entry=0.0897 | PnL=-3.23%
2026-06-19 13:33:15,213 [INFO] [DATA] UUSDT | now=1.0008 | entry=1.0009 | PnL=-0.01%
2026-06-19 13:33:15,394 [INFO] [DATA] SYNUSDT | now=0.1220 | entry=0.1178 | PnL=+3.57%
2026-06-19 13:33:15,544 [INFO] [DATA] BIOUSDT | now=0.0350 | entry=0.0356 | PnL=-1.82%
2026-06-19 13:33:15,694 [INFO] [DATA] ALLOUSDT | now=0.3893 | entry=0.3833 | PnL=+1.57%
2026-06-19 13:33:15,694 [INFO] [INVENTORY] 9/10 slots used — 1 vacant.
2026-06-19 13:33:15,829 [INFO] [LIQUIDITY] Free USDT: $0.58
2026-06-19 13:33:15,829 [INFO] [STANDBY] Insufficient USDT (need $10.00).
2026-06-19 13:33:15,829 [INFO] [SLEEP] Sleeping for 120s…
2026-06-19 13:35:15,834 [INFO] ======================================================================
2026-06-19 13:35:15,834 [INFO] [LOOP] Cycle #51 | 2026-06-19 13:35:15
2026-06-19 13:35:15,834 [INFO] [MONITOR] Evaluating 9 open positions…
2026-06-19 13:35:15,966 [INFO] [DATA] TRXUSDT | now=0.3207 | entry=0.3173 | PnL=+1.07%
2026-06-19 13:35:16,086 [INFO] [DATA] RLUSDUSDT | now=1.0008 | entry=1.0008 | PnL=+0.00%
2026-06-19 13:35:16,207 [INFO] [DATA] WLDUSDT | now=0.6493 | entry=0.6348 | PnL=+2.28%
2026-06-19 13:35:16,342 [INFO] [DATA] XLMUSDT | now=0.2184 | entry=0.2262 | PnL=-3.45%
2026-06-19 13:35:16,462 [INFO] [DATA] ENAUSDT | now=0.0867 | entry=0.0897 | PnL=-3.34%
2026-06-19 13:35:16,582 [INFO] [DATA] UUSDT | now=1.0009 | entry=1.0009 | PnL=+0.00%
2026-06-19 13:35:16,702 [INFO] [DATA] SYNUSDT | now=0.1210 | entry=0.1178 | PnL=+2.72%
2026-06-19 13:35:16,822 [INFO] [DATA] BIOUSDT | now=0.0351 | entry=0.0356 | PnL=-1.60%
2026-06-19 13:35:16,972 [INFO] [DATA] ALLOUSDT | now=0.3883 | entry=0.3833 | PnL=+1.30%
2026-06-19 13:35:16,972 [INFO] [INVENTORY] 9/10 slots used — 1 vacant.
2026-06-19 13:35:17,107 [INFO] [LIQUIDITY] Free USDT: $0.58
2026-06-19 13:35:17,107 [INFO] [STANDBY] Insufficient USDT (need $10.00).
2026-06-19 13:35:17,107 [INFO] [SLEEP] Sleeping for 120s…
2026-06-19 13:37:17,112 [INFO] ======================================================================
2026-06-19 13:37:17,112 [INFO] [LOOP] Cycle #52 | 2026-06-19 13:37:17
2026-06-19 13:37:17,112 [INFO] [MONITOR] Evaluating 9 open positions…
2026-06-19 13:37:17,232 [INFO] [DATA] TRXUSDT | now=0.3207 | entry=0.3173 | PnL=+1.07%
2026-06-19 13:37:17,457 [INFO] [DATA] RLUSDUSDT | now=1.0009 | entry=1.0008 | PnL=+0.01%
2026-06-19 13:37:17,592 [INFO] [DATA] WLDUSDT | now=0.6457 | entry=0.6348 | PnL=+1.72%
2026-06-19 13:37:17,712 [INFO] [DATA] XLMUSDT | now=0.2185 | entry=0.2262 | PnL=-3.40%
2026-06-19 13:37:17,892 [INFO] [DATA] ENAUSDT | now=0.0867 | entry=0.0897 | PnL=-3.34%
2026-06-19 13:37:18,012 [INFO] [DATA] UUSDT | now=1.0008 | entry=1.0009 | PnL=-0.01%
2026-06-19 13:37:18,132 [INFO] [DATA] SYNUSDT | now=0.1222 | entry=0.1178 | PnL=+3.74%
2026-06-19 13:37:18,297 [INFO] [DATA] BIOUSDT | now=0.0351 | entry=0.0356 | PnL=-1.49%
2026-06-19 13:37:18,432 [INFO] [DATA] ALLOUSDT | now=0.3881 | entry=0.3833 | PnL=+1.25%
2026-06-19 13:37:18,432 [INFO] [INVENTORY] 9/10 slots used — 1 vacant.
2026-06-19 13:37:18,553 [INFO] [LIQUIDITY] Free USDT: $0.58
2026-06-19 13:37:18,553 [INFO] [STANDBY] Insufficient USDT (need $10.00).
2026-06-19 13:37:18,553 [INFO] [SLEEP] Sleeping for 120s…
2026-06-19 13:39:18,563 [INFO] ======================================================================
2026-06-19 13:39:18,563 [INFO] [LOOP] Cycle #53 | 2026-06-19 13:39:18
2026-06-19 13:39:18,563 [INFO] [MONITOR] Evaluating 9 open positions…
2026-06-19 13:39:18,679 [INFO] [DATA] TRXUSDT | now=0.3207 | entry=0.3173 | PnL=+1.07%
2026-06-19 13:39:18,829 [INFO] [DATA] RLUSDUSDT | now=1.0009 | entry=1.0008 | PnL=+0.01%
2026-06-19 13:39:19,024 [INFO] [DATA] WLDUSDT | now=0.6445 | entry=0.6348 | PnL=+1.53%
2026-06-19 13:39:19,205 [INFO] [DATA] XLMUSDT | now=0.2185 | entry=0.2262 | PnL=-3.40%
2026-06-19 13:39:19,355 [INFO] [DATA] ENAUSDT | now=0.0867 | entry=0.0897 | PnL=-3.34%
2026-06-19 13:39:19,490 [INFO] [DATA] UUSDT | now=1.0008 | entry=1.0009 | PnL=-0.01%
2026-06-19 13:39:19,610 [INFO] [DATA] SYNUSDT | now=0.1238 | entry=0.1178 | PnL=+5.09%
2026-06-19 13:39:19,779 [INFO] [DATA] BIOUSDT | now=0.0351 | entry=0.0356 | PnL=-1.49%
2026-06-19 13:39:19,895 [INFO] [DATA] ALLOUSDT | now=0.3878 | entry=0.3833 | PnL=+1.17%
2026-06-19 13:39:19,895 [INFO] [INVENTORY] 9/10 slots used — 1 vacant.
2026-06-19 13:39:20,030 [INFO] [LIQUIDITY] Free USDT: $0.58
2026-06-19 13:39:20,030 [INFO] [STANDBY] Insufficient USDT (need $10.00).
2026-06-19 13:39:20,030 [INFO] [SLEEP] Sleeping for 120s…
2026-06-19 13:41:20,036 [INFO] ======================================================================
2026-06-19 13:41:20,036 [INFO] [LOOP] Cycle #54 | 2026-06-19 13:41:20
2026-06-19 13:41:20,036 [INFO] [MONITOR] Evaluating 9 open positions…
2026-06-19 13:41:20,168 [INFO] [DATA] TRXUSDT | now=0.3207 | entry=0.3173 | PnL=+1.07%
2026-06-19 13:41:20,303 [INFO] [DATA] RLUSDUSDT | now=1.0009 | entry=1.0008 | PnL=+0.01%
2026-06-19 13:41:20,453 [INFO] [DATA] WLDUSDT | now=0.6460 | entry=0.6348 | PnL=+1.76%
2026-06-19 13:41:20,618 [INFO] [DATA] XLMUSDT | now=0.2192 | entry=0.2262 | PnL=-3.09%
2026-06-19 13:41:20,738 [INFO] [DATA] ENAUSDT | now=0.0870 | entry=0.0897 | PnL=-3.01%
2026-06-19 13:41:20,858 [INFO] [DATA] UUSDT | now=1.0008 | entry=1.0009 | PnL=-0.01%
2026-06-19 13:41:20,978 [INFO] [DATA] SYNUSDT | now=0.1232 | entry=0.1178 | PnL=+4.58%
2026-06-19 13:41:21,098 [INFO] [DATA] BIOUSDT | now=0.0352 | entry=0.0356 | PnL=-1.32%
2026-06-19 13:41:21,218 [INFO] [DATA] ALLOUSDT | now=0.3876 | entry=0.3833 | PnL=+1.12%
2026-06-19 13:41:21,218 [INFO] [INVENTORY] 9/10 slots used — 1 vacant.
2026-06-19 13:41:21,354 [INFO] [LIQUIDITY] Free USDT: $0.58
2026-06-19 13:41:21,354 [INFO] [STANDBY] Insufficient USDT (need $10.00).
2026-06-19 13:41:21,354 [INFO] [SLEEP] Sleeping for 120s…
2026-06-19 13:43:21,360 [INFO] ======================================================================
2026-06-19 13:43:21,360 [INFO] [LOOP] Cycle #55 | 2026-06-19 13:43:21
2026-06-19 13:43:21,360 [INFO] [MONITOR] Evaluating 9 open positions…
2026-06-19 13:43:21,482 [INFO] [DATA] TRXUSDT | now=0.3207 | entry=0.3173 | PnL=+1.07%
2026-06-19 13:43:21,602 [INFO] [DATA] RLUSDUSDT | now=1.0009 | entry=1.0008 | PnL=+0.01%
2026-06-19 13:43:21,723 [INFO] [DATA] WLDUSDT | now=0.6485 | entry=0.6348 | PnL=+2.16%
2026-06-19 13:43:21,843 [INFO] [DATA] XLMUSDT | now=0.2191 | entry=0.2262 | PnL=-3.14%
2026-06-19 13:43:21,963 [INFO] [DATA] ENAUSDT | now=0.0870 | entry=0.0897 | PnL=-3.01%
2026-06-19 13:43:22,083 [INFO] [DATA] UUSDT | now=1.0009 | entry=1.0009 | PnL=+0.00%
2026-06-19 13:43:22,203 [INFO] [DATA] SYNUSDT | now=0.1230 | entry=0.1178 | PnL=+4.41%
2026-06-19 13:43:22,323 [INFO] [DATA] BIOUSDT | now=0.0352 | entry=0.0356 | PnL=-1.26%
2026-06-19 13:43:22,458 [INFO] [DATA] ALLOUSDT | now=0.3879 | entry=0.3833 | PnL=+1.20%
2026-06-19 13:43:22,458 [INFO] [INVENTORY] 9/10 slots used — 1 vacant.
2026-06-19 13:43:22,578 [INFO] [LIQUIDITY] Free USDT: $0.58
2026-06-19 13:43:22,578 [INFO] [STANDBY] Insufficient USDT (need $10.00).
2026-06-19 13:43:22,578 [INFO] [SLEEP] Sleeping for 120s…
2026-06-19 13:45:22,587 [INFO] ======================================================================
2026-06-19 13:45:22,587 [INFO] [LOOP] Cycle #56 | 2026-06-19 13:45:22
2026-06-19 13:45:22,587 [INFO] [MONITOR] Evaluating 9 open positions…
2026-06-19 13:45:22,704 [INFO] [DATA] TRXUSDT | now=0.3207 | entry=0.3173 | PnL=+1.07%
2026-06-19 13:45:22,869 [INFO] [DATA] RLUSDUSDT | now=1.0008 | entry=1.0008 | PnL=+0.00%
2026-06-19 13:45:23,034 [INFO] [DATA] WLDUSDT | now=0.6474 | entry=0.6348 | PnL=+1.98%
2026-06-19 13:45:23,154 [INFO] [DATA] XLMUSDT | now=0.2192 | entry=0.2262 | PnL=-3.09%
2026-06-19 13:45:23,274 [INFO] [DATA] ENAUSDT | now=0.0871 | entry=0.0897 | PnL=-2.90%
2026-06-19 13:45:23,394 [INFO] [DATA] UUSDT | now=1.0009 | entry=1.0009 | PnL=+0.00%
2026-06-19 13:45:23,529 [INFO] [DATA] SYNUSDT | now=0.1219 | entry=0.1178 | PnL=+3.48%
2026-06-19 13:45:23,649 [INFO] [DATA] BIOUSDT | now=0.0352 | entry=0.0356 | PnL=-1.23%
2026-06-19 13:45:23,769 [INFO] [DATA] ALLOUSDT | now=0.3876 | entry=0.3833 | PnL=+1.12%
2026-06-19 13:45:23,769 [INFO] [INVENTORY] 9/10 slots used — 1 vacant.
2026-06-19 13:45:23,905 [INFO] [LIQUIDITY] Free USDT: $0.58
2026-06-19 13:45:23,905 [INFO] [STANDBY] Insufficient USDT (need $10.00).
2026-06-19 13:45:23,905 [INFO] [SLEEP] Sleeping for 120s…
2026-06-19 13:47:23,911 [INFO] ======================================================================
2026-06-19 13:47:23,911 [INFO] [LOOP] Cycle #57 | 2026-06-19 13:47:23
2026-06-19 13:47:23,911 [INFO] [MONITOR] Evaluating 9 open positions…
2026-06-19 13:47:24,034 [INFO] [DATA] TRXUSDT | now=0.3207 | entry=0.3173 | PnL=+1.07%
2026-06-19 13:47:24,169 [INFO] [DATA] RLUSDUSDT | now=1.0009 | entry=1.0008 | PnL=+0.01%
2026-06-19 13:47:24,289 [INFO] [DATA] WLDUSDT | now=0.6491 | entry=0.6348 | PnL=+2.25%
2026-06-19 13:47:24,409 [INFO] [DATA] XLMUSDT | now=0.2197 | entry=0.2262 | PnL=-2.87%
2026-06-19 13:47:24,529 [INFO] [DATA] ENAUSDT | now=0.0870 | entry=0.0897 | PnL=-3.01%
2026-06-19 13:47:24,664 [INFO] [DATA] UUSDT | now=1.0008 | entry=1.0009 | PnL=-0.01%
2026-06-19 13:47:24,784 [INFO] [DATA] SYNUSDT | now=0.1257 | entry=0.1178 | PnL=+6.71%
2026-06-19 13:47:24,904 [INFO] [DATA] BIOUSDT | now=0.0352 | entry=0.0356 | PnL=-1.35%
2026-06-19 13:47:25,039 [INFO] [DATA] ALLOUSDT | now=0.3878 | entry=0.3833 | PnL=+1.17%
2026-06-19 13:47:25,039 [INFO] [INVENTORY] 9/10 slots used — 1 vacant.
2026-06-19 13:47:25,159 [INFO] [LIQUIDITY] Free USDT: $0.58
2026-06-19 13:47:25,159 [INFO] [STANDBY] Insufficient USDT (need $10.00).
2026-06-19 13:47:25,159 [INFO] [SLEEP] Sleeping for 120s…
2026-06-19 13:49:25,166 [INFO] ======================================================================
2026-06-19 13:49:25,166 [INFO] [LOOP] Cycle #58 | 2026-06-19 13:49:25
2026-06-19 13:49:25,166 [INFO] [MONITOR] Evaluating 9 open positions…
2026-06-19 13:49:25,284 [INFO] [DATA] TRXUSDT | now=0.3207 | entry=0.3173 | PnL=+1.07%
2026-06-19 13:49:25,419 [INFO] [DATA] RLUSDUSDT | now=1.0009 | entry=1.0008 | PnL=+0.01%
2026-06-19 13:49:25,539 [INFO] [DATA] WLDUSDT | now=0.6482 | entry=0.6348 | PnL=+2.11%
2026-06-19 13:49:25,660 [INFO] [DATA] XLMUSDT | now=0.2199 | entry=0.2262 | PnL=-2.79%
2026-06-19 13:49:25,780 [INFO] [DATA] ENAUSDT | now=0.0873 | entry=0.0897 | PnL=-2.68%
2026-06-19 13:49:25,900 [INFO] [DATA] UUSDT | now=1.0009 | entry=1.0009 | PnL=+0.00%
2026-06-19 13:49:26,035 [INFO] [DATA] SYNUSDT | now=0.1247 | entry=0.1178 | PnL=+5.86%
2026-06-19 13:49:26,230 [INFO] [DATA] BIOUSDT | now=0.0352 | entry=0.0356 | PnL=-1.09%
2026-06-19 13:49:26,350 [INFO] [DATA] ALLOUSDT | now=0.3887 | entry=0.3833 | PnL=+1.41%
2026-06-19 13:49:26,350 [INFO] [INVENTORY] 9/10 slots used — 1 vacant.
2026-06-19 13:49:26,485 [INFO] [LIQUIDITY] Free USDT: $0.58
2026-06-19 13:49:26,485 [INFO] [STANDBY] Insufficient USDT (need $10.00).
2026-06-19 13:49:26,485 [INFO] [SLEEP] Sleeping for 120s…
2026-06-19 13:51:26,490 [INFO] ======================================================================
2026-06-19 13:51:26,490 [INFO] [LOOP] Cycle #59 | 2026-06-19 13:51:26
2026-06-19 13:51:26,490 [INFO] [MONITOR] Evaluating 9 open positions…
2026-06-19 13:51:26,618 [INFO] [DATA] TRXUSDT | now=0.3208 | entry=0.3173 | PnL=+1.10%
2026-06-19 13:51:26,750 [INFO] [DATA] RLUSDUSDT | now=1.0009 | entry=1.0008 | PnL=+0.01%
2026-06-19 13:51:26,859 [INFO] [DATA] WLDUSDT | now=0.6501 | entry=0.6348 | PnL=+2.41%
2026-06-19 13:51:26,979 [INFO] [DATA] XLMUSDT | now=0.2204 | entry=0.2262 | PnL=-2.56%
2026-06-19 13:51:27,099 [INFO] [DATA] ENAUSDT | now=0.0874 | entry=0.0897 | PnL=-2.56%
2026-06-19 13:51:27,234 [INFO] [DATA] UUSDT | now=1.0008 | entry=1.0009 | PnL=-0.01%
2026-06-19 13:51:27,354 [INFO] [DATA] SYNUSDT | now=0.1239 | entry=0.1178 | PnL=+5.18%
2026-06-19 13:51:27,474 [INFO] [DATA] BIOUSDT | now=0.0351 | entry=0.0356 | PnL=-1.43%
2026-06-19 13:51:27,594 [INFO] [DATA] ALLOUSDT | now=0.3892 | entry=0.3833 | PnL=+1.54%
2026-06-19 13:51:27,594 [INFO] [INVENTORY] 9/10 slots used — 1 vacant.
2026-06-19 13:51:27,714 [INFO] [LIQUIDITY] Free USDT: $0.58
2026-06-19 13:51:27,714 [INFO] [STANDBY] Insufficient USDT (need $10.00).
2026-06-19 13:51:27,714 [INFO] [SLEEP] Sleeping for 120s…
2026-06-19 13:53:27,727 [INFO] ======================================================================
2026-06-19 13:53:27,727 [INFO] [LOOP] Cycle #60 | 2026-06-19 13:53:27
2026-06-19 13:53:27,727 [INFO] [MONITOR] Evaluating 9 open positions…
2026-06-19 13:53:27,894 [INFO] [DATA] TRXUSDT | now=0.3208 | entry=0.3173 | PnL=+1.10%
2026-06-19 13:53:28,554 [INFO] [DATA] RLUSDUSDT | now=1.0008 | entry=1.0008 | PnL=+0.00%
2026-06-19 13:53:28,899 [INFO] [DATA] WLDUSDT | now=0.6510 | entry=0.6348 | PnL=+2.55%
2026-06-19 13:53:29,079 [INFO] [DATA] XLMUSDT | now=0.2206 | entry=0.2262 | PnL=-2.48%
2026-06-19 13:53:29,259 [INFO] [DATA] ENAUSDT | now=0.0874 | entry=0.0897 | PnL=-2.56%
2026-06-19 13:53:29,395 [INFO] [DATA] UUSDT | now=1.0009 | entry=1.0009 | PnL=+0.00%
2026-06-19 13:53:29,515 [INFO] [DATA] SYNUSDT | now=0.1233 | entry=0.1178 | PnL=+4.67%
2026-06-19 13:53:29,635 [INFO] [DATA] BIOUSDT | now=0.0350 | entry=0.0356 | PnL=-1.71%
2026-06-19 13:53:29,755 [INFO] [DATA] ALLOUSDT | now=0.3898 | entry=0.3833 | PnL=+1.70%
2026-06-19 13:53:29,755 [INFO] [INVENTORY] 9/10 slots used — 1 vacant.
2026-06-19 13:53:29,905 [INFO] [LIQUIDITY] Free USDT: $0.58
2026-06-19 13:53:29,905 [INFO] [STANDBY] Insufficient USDT (need $10.00).
2026-06-19 13:53:29,905 [INFO] [SLEEP] Sleeping for 120s…
2026-06-19 13:55:29,908 [INFO] ======================================================================
2026-06-19 13:55:29,908 [INFO] [LOOP] Cycle #61 | 2026-06-19 13:55:29
2026-06-19 13:55:29,908 [INFO] [MONITOR] Evaluating 9 open positions…
2026-06-19 13:55:30,040 [INFO] [DATA] TRXUSDT | now=0.3207 | entry=0.3173 | PnL=+1.07%
2026-06-19 13:55:30,167 [INFO] [DATA] RLUSDUSDT | now=1.0008 | entry=1.0008 | PnL=+0.00%
2026-06-19 13:55:30,354 [INFO] [DATA] WLDUSDT | now=0.6486 | entry=0.6348 | PnL=+2.17%
2026-06-19 13:55:30,489 [INFO] [DATA] XLMUSDT | now=0.2208 | entry=0.2262 | PnL=-2.39%
2026-06-19 13:55:30,607 [INFO] [DATA] ENAUSDT | now=0.0874 | entry=0.0897 | PnL=-2.56%
2026-06-19 13:55:30,728 [INFO] [DATA] UUSDT | now=1.0009 | entry=1.0009 | PnL=+0.00%
2026-06-19 13:55:30,841 [INFO] [DATA] SYNUSDT | now=0.1230 | entry=0.1178 | PnL=+4.41%
2026-06-19 13:55:30,963 [INFO] [DATA] BIOUSDT | now=0.0351 | entry=0.0356 | PnL=-1.57%
2026-06-19 13:55:31,092 [INFO] [DATA] ALLOUSDT | now=0.3894 | entry=0.3833 | PnL=+1.59%
2026-06-19 13:55:31,092 [INFO] [INVENTORY] 9/10 slots used — 1 vacant.
2026-06-19 13:55:31,210 [INFO] [LIQUIDITY] Free USDT: $0.58
2026-06-19 13:55:31,210 [INFO] [STANDBY] Insufficient USDT (need $10.00).
2026-06-19 13:55:31,210 [INFO] [SLEEP] Sleeping for 120s…
2026-06-19 13:57:31,211 [INFO] ======================================================================
2026-06-19 13:57:31,211 [INFO] [LOOP] Cycle #62 | 2026-06-19 13:57:31
2026-06-19 13:57:31,211 [INFO] [MONITOR] Evaluating 9 open positions…
2026-06-19 13:57:31,331 [INFO] [DATA] TRXUSDT | now=0.3208 | entry=0.3173 | PnL=+1.10%
2026-06-19 13:57:31,448 [INFO] [DATA] RLUSDUSDT | now=1.0009 | entry=1.0008 | PnL=+0.01%
2026-06-19 13:57:31,568 [INFO] [DATA] WLDUSDT | now=0.6504 | entry=0.6348 | PnL=+2.46%
2026-06-19 13:57:31,679 [INFO] [DATA] XLMUSDT | now=0.2208 | entry=0.2262 | PnL=-2.39%
2026-06-19 13:57:31,811 [INFO] [DATA] ENAUSDT | now=0.0873 | entry=0.0897 | PnL=-2.68%
2026-06-19 13:57:31,931 [INFO] [DATA] UUSDT | now=1.0009 | entry=1.0009 | PnL=+0.00%
2026-06-19 13:57:32,053 [INFO] [DATA] SYNUSDT | now=0.1219 | entry=0.1178 | PnL=+3.48%
2026-06-19 13:57:32,170 [INFO] [DATA] BIOUSDT | now=0.0352 | entry=0.0356 | PnL=-1.15%
2026-06-19 13:57:32,288 [INFO] [DATA] ALLOUSDT | now=0.3888 | entry=0.3833 | PnL=+1.43%
2026-06-19 13:57:32,288 [INFO] [INVENTORY] 9/10 slots used — 1 vacant.
2026-06-19 13:57:32,423 [INFO] [LIQUIDITY] Free USDT: $0.58
2026-06-19 13:57:32,423 [INFO] [STANDBY] Insufficient USDT (need $10.00).
2026-06-19 13:57:32,423 [INFO] [SLEEP] Sleeping for 120s…
2026-06-19 13:59:32,424 [INFO] ======================================================================
2026-06-19 13:59:32,424 [INFO] [LOOP] Cycle #63 | 2026-06-19 13:59:32
2026-06-19 13:59:32,424 [INFO] [MONITOR] Evaluating 9 open positions…
2026-06-19 13:59:32,567 [INFO] [DATA] TRXUSDT | now=0.3208 | entry=0.3173 | PnL=+1.10%
2026-06-19 13:59:32,692 [INFO] [DATA] RLUSDUSDT | now=1.0008 | entry=1.0008 | PnL=+0.00%
2026-06-19 13:59:32,811 [INFO] [DATA] WLDUSDT | now=0.6478 | entry=0.6348 | PnL=+2.05%
2026-06-19 13:59:32,936 [INFO] [DATA] XLMUSDT | now=0.2208 | entry=0.2262 | PnL=-2.39%
2026-06-19 13:59:33,061 [INFO] [DATA] ENAUSDT | now=0.0874 | entry=0.0897 | PnL=-2.56%
2026-06-19 13:59:33,209 [INFO] [DATA] UUSDT | now=1.0008 | entry=1.0009 | PnL=-0.01%
2026-06-19 13:59:33,483 [INFO] [DATA] SYNUSDT | now=0.1221 | entry=0.1178 | PnL=+3.65%
2026-06-19 13:59:33,623 [INFO] [DATA] BIOUSDT | now=0.0352 | entry=0.0356 | PnL=-1.37%
2026-06-19 13:59:33,796 [INFO] [DATA] ALLOUSDT | now=0.3884 | entry=0.3833 | PnL=+1.33%
2026-06-19 13:59:33,797 [INFO] [INVENTORY] 9/10 slots used — 1 vacant.
2026-06-19 13:59:33,916 [INFO] [LIQUIDITY] Free USDT: $0.58
2026-06-19 13:59:33,916 [INFO] [STANDBY] Insufficient USDT (need $10.00).
2026-06-19 13:59:33,916 [INFO] [SLEEP] Sleeping for 120s…
2026-06-19 14:01:33,923 [INFO] ======================================================================
2026-06-19 14:01:33,923 [INFO] [LOOP] Cycle #64 | 2026-06-19 14:01:33
2026-06-19 14:01:33,924 [INFO] [MONITOR] Evaluating 9 open positions…
2026-06-19 14:01:34,055 [INFO] [DATA] TRXUSDT | now=0.3208 | entry=0.3173 | PnL=+1.10%
2026-06-19 14:01:34,253 [INFO] [DATA] RLUSDUSDT | now=1.0008 | entry=1.0008 | PnL=+0.00%
2026-06-19 14:01:34,365 [INFO] [DATA] WLDUSDT | now=0.6457 | entry=0.6348 | PnL=+1.72%
2026-06-19 14:01:34,503 [INFO] [DATA] XLMUSDT | now=0.2202 | entry=0.2262 | PnL=-2.65%
2026-06-19 14:01:34,726 [INFO] [DATA] ENAUSDT | now=0.0875 | entry=0.0897 | PnL=-2.45%
2026-06-19 14:01:34,953 [INFO] [DATA] UUSDT | now=1.0009 | entry=1.0009 | PnL=+0.00%
2026-06-19 14:01:35,075 [INFO] [DATA] SYNUSDT | now=0.1225 | entry=0.1178 | PnL=+3.99%
2026-06-19 14:01:35,195 [INFO] [DATA] BIOUSDT | now=0.0351 | entry=0.0356 | PnL=-1.46%
2026-06-19 14:01:35,360 [INFO] [DATA] ALLOUSDT | now=0.3884 | entry=0.3833 | PnL=+1.33%
2026-06-19 14:01:35,364 [INFO] [INVENTORY] 9/10 slots used — 1 vacant.
2026-06-19 14:01:35,485 [INFO] [LIQUIDITY] Free USDT: $0.58
2026-06-19 14:01:35,485 [INFO] [STANDBY] Insufficient USDT (need $10.00).
2026-06-19 14:01:35,485 [INFO] [SLEEP] Sleeping for 120s…
2026-06-19 14:03:35,491 [INFO] ======================================================================
2026-06-19 14:03:35,491 [INFO] [LOOP] Cycle #65 | 2026-06-19 14:03:35
2026-06-19 14:03:35,492 [INFO] [MONITOR] Evaluating 9 open positions…
2026-06-19 14:03:35,631 [INFO] [DATA] TRXUSDT | now=0.3209 | entry=0.3173 | PnL=+1.13%
2026-06-19 14:03:35,750 [INFO] [DATA] RLUSDUSDT | now=1.0008 | entry=1.0008 | PnL=+0.00%
2026-06-19 14:03:35,872 [INFO] [DATA] WLDUSDT | now=0.6471 | entry=0.6348 | PnL=+1.94%
2026-06-19 14:03:35,994 [INFO] [DATA] XLMUSDT | now=0.2203 | entry=0.2262 | PnL=-2.61%
2026-06-19 14:03:36,114 [INFO] [DATA] ENAUSDT | now=0.0874 | entry=0.0897 | PnL=-2.56%
2026-06-19 14:03:36,240 [INFO] [DATA] UUSDT | now=1.0008 | entry=1.0009 | PnL=-0.01%
2026-06-19 14:03:36,360 [INFO] [DATA] SYNUSDT | now=0.1235 | entry=0.1178 | PnL=+4.84%
2026-06-19 14:03:36,478 [INFO] [DATA] BIOUSDT | now=0.0351 | entry=0.0356 | PnL=-1.49%
2026-06-19 14:03:36,602 [INFO] [DATA] ALLOUSDT | now=0.3884 | entry=0.3833 | PnL=+1.33%
2026-06-19 14:03:36,602 [INFO] [INVENTORY] 9/10 slots used — 1 vacant.
2026-06-19 14:03:36,727 [INFO] [LIQUIDITY] Free USDT: $0.58
2026-06-19 14:03:36,727 [INFO] [STANDBY] Insufficient USDT (need $10.00).
2026-06-19 14:03:36,727 [INFO] [SLEEP] Sleeping for 120s…
2026-06-19 14:05:36,729 [INFO] ======================================================================
2026-06-19 14:05:36,729 [INFO] [LOOP] Cycle #66 | 2026-06-19 14:05:36
2026-06-19 14:05:36,729 [INFO] [MONITOR] Evaluating 9 open positions…
2026-06-19 14:05:36,845 [INFO] [DATA] TRXUSDT | now=0.3208 | entry=0.3173 | PnL=+1.10%
2026-06-19 14:05:36,965 [INFO] [DATA] RLUSDUSDT | now=1.0008 | entry=1.0008 | PnL=+0.00%
2026-06-19 14:05:37,085 [INFO] [DATA] WLDUSDT | now=0.6472 | entry=0.6348 | PnL=+1.95%
2026-06-19 14:05:37,212 [INFO] [DATA] XLMUSDT | now=0.2206 | entry=0.2262 | PnL=-2.48%
2026-06-19 14:05:37,335 [INFO] [DATA] ENAUSDT | now=0.0876 | entry=0.0897 | PnL=-2.34%
2026-06-19 14:05:37,455 [INFO] [DATA] UUSDT | now=1.0009 | entry=1.0009 | PnL=+0.00%
2026-06-19 14:05:37,581 [INFO] [DATA] SYNUSDT | now=0.1234 | entry=0.1178 | PnL=+4.75%
2026-06-19 14:05:37,701 [INFO] [DATA] BIOUSDT | now=0.0351 | entry=0.0356 | PnL=-1.54%
2026-06-19 14:05:37,819 [INFO] [DATA] ALLOUSDT | now=0.3889 | entry=0.3833 | PnL=+1.46%
2026-06-19 14:05:37,819 [INFO] [INVENTORY] 9/10 slots used — 1 vacant.
2026-06-19 14:05:37,948 [INFO] [LIQUIDITY] Free USDT: $0.58
2026-06-19 14:05:37,948 [INFO] [STANDBY] Insufficient USDT (need $10.00).
2026-06-19 14:05:37,948 [INFO] [SLEEP] Sleeping for 120s…
2026-06-19 14:07:37,949 [INFO] ======================================================================
2026-06-19 14:07:37,949 [INFO] [LOOP] Cycle #67 | 2026-06-19 14:07:37
2026-06-19 14:07:37,949 [INFO] [MONITOR] Evaluating 9 open positions…
2026-06-19 14:07:38,067 [INFO] [DATA] TRXUSDT | now=0.3209 | entry=0.3173 | PnL=+1.13%
2026-06-19 14:07:38,187 [INFO] [DATA] RLUSDUSDT | now=1.0009 | entry=1.0008 | PnL=+0.01%
2026-06-19 14:07:38,310 [INFO] [DATA] WLDUSDT | now=0.6475 | entry=0.6348 | PnL=+2.00%
2026-06-19 14:07:38,429 [INFO] [DATA] XLMUSDT | now=0.2208 | entry=0.2262 | PnL=-2.39%
2026-06-19 14:07:38,547 [INFO] [DATA] ENAUSDT | now=0.0878 | entry=0.0897 | PnL=-2.12%
2026-06-19 14:07:38,666 [INFO] [DATA] UUSDT | now=1.0008 | entry=1.0009 | PnL=-0.01%
2026-06-19 14:07:38,787 [INFO] [DATA] SYNUSDT | now=0.1247 | entry=0.1178 | PnL=+5.86%
2026-06-19 14:07:38,909 [INFO] [DATA] BIOUSDT | now=0.0353 | entry=0.0356 | PnL=-1.07%
2026-06-19 14:07:39,035 [INFO] [DATA] ALLOUSDT | now=0.3895 | entry=0.3833 | PnL=+1.62%
2026-06-19 14:07:39,035 [INFO] [INVENTORY] 9/10 slots used — 1 vacant.
2026-06-19 14:07:39,160 [INFO] [LIQUIDITY] Free USDT: $0.58
2026-06-19 14:07:39,161 [INFO] [STANDBY] Insufficient USDT (need $10.00).
2026-06-19 14:07:39,161 [INFO] [SLEEP] Sleeping for 120s…
2026-06-19 14:09:39,162 [INFO] ======================================================================
2026-06-19 14:09:39,162 [INFO] [LOOP] Cycle #68 | 2026-06-19 14:09:39
2026-06-19 14:09:39,162 [INFO] [MONITOR] Evaluating 9 open positions…
2026-06-19 14:09:39,283 [INFO] [DATA] TRXUSDT | now=0.3208 | entry=0.3173 | PnL=+1.10%
2026-06-19 14:09:39,409 [INFO] [DATA] RLUSDUSDT | now=1.0009 | entry=1.0008 | PnL=+0.01%
2026-06-19 14:09:39,539 [INFO] [DATA] WLDUSDT | now=0.6494 | entry=0.6348 | PnL=+2.30%
2026-06-19 14:09:39,664 [INFO] [DATA] XLMUSDT | now=0.2207 | entry=0.2262 | PnL=-2.43%
2026-06-19 14:09:39,800 [INFO] [DATA] ENAUSDT | now=0.0877 | entry=0.0897 | PnL=-2.23%
2026-06-19 14:09:39,920 [INFO] [DATA] UUSDT | now=1.0008 | entry=1.0009 | PnL=-0.01%
2026-06-19 14:09:40,042 [INFO] [DATA] SYNUSDT | now=0.1254 | entry=0.1178 | PnL=+6.45%
2026-06-19 14:09:40,164 [INFO] [DATA] BIOUSDT | now=0.0352 | entry=0.0356 | PnL=-1.15%
2026-06-19 14:09:40,289 [INFO] [DATA] ALLOUSDT | now=0.3868 | entry=0.3833 | PnL=+0.91%
2026-06-19 14:09:40,289 [INFO] [INVENTORY] 9/10 slots used — 1 vacant.
2026-06-19 14:09:40,456 [INFO] [LIQUIDITY] Free USDT: $0.58
2026-06-19 14:09:40,457 [INFO] [STANDBY] Insufficient USDT (need $10.00).
2026-06-19 14:09:40,457 [INFO] [SLEEP] Sleeping for 120s…
2026-06-19 14:11:40,457 [INFO] ======================================================================
2026-06-19 14:11:40,457 [INFO] [LOOP] Cycle #69 | 2026-06-19 14:11:40
2026-06-19 14:11:40,457 [INFO] [MONITOR] Evaluating 9 open positions…
2026-06-19 14:11:40,587 [INFO] [DATA] TRXUSDT | now=0.3207 | entry=0.3173 | PnL=+1.07%
2026-06-19 14:11:40,709 [INFO] [DATA] RLUSDUSDT | now=1.0008 | entry=1.0008 | PnL=+0.00%
2026-06-19 14:11:40,830 [INFO] [DATA] WLDUSDT | now=0.6447 | entry=0.6348 | PnL=+1.56%
2026-06-19 14:11:40,954 [INFO] [DATA] XLMUSDT | now=0.2199 | entry=0.2262 | PnL=-2.79%
2026-06-19 14:11:41,098 [INFO] [DATA] ENAUSDT | now=0.0875 | entry=0.0897 | PnL=-2.45%
2026-06-19 14:11:41,297 [INFO] [DATA] UUSDT | now=1.0009 | entry=1.0009 | PnL=+0.00%
2026-06-19 14:11:41,464 [INFO] [DATA] SYNUSDT | now=0.1254 | entry=0.1178 | PnL=+6.45%
2026-06-19 14:11:41,587 [INFO] [DATA] BIOUSDT | now=0.0352 | entry=0.0356 | PnL=-1.37%
2026-06-19 14:11:41,710 [INFO] [DATA] ALLOUSDT | now=0.3855 | entry=0.3833 | PnL=+0.57%
2026-06-19 14:11:41,710 [INFO] [INVENTORY] 9/10 slots used — 1 vacant.
2026-06-19 14:11:42,046 [INFO] [LIQUIDITY] Free USDT: $0.58
2026-06-19 14:11:42,046 [INFO] [STANDBY] Insufficient USDT (need $10.00).
2026-06-19 14:11:42,047 [INFO] [SLEEP] Sleeping for 120s…
2026-06-19 14:13:42,048 [INFO] ======================================================================
2026-06-19 14:13:42,048 [INFO] [LOOP] Cycle #70 | 2026-06-19 14:13:42
2026-06-19 14:13:42,048 [INFO] [MONITOR] Evaluating 9 open positions…
2026-06-19 14:13:42,168 [INFO] [DATA] TRXUSDT | now=0.3208 | entry=0.3173 | PnL=+1.10%
2026-06-19 14:13:42,289 [INFO] [DATA] RLUSDUSDT | now=1.0009 | entry=1.0008 | PnL=+0.01%
2026-06-19 14:13:42,410 [INFO] [DATA] WLDUSDT | now=0.6450 | entry=0.6348 | PnL=+1.61%
2026-06-19 14:13:42,530 [INFO] [DATA] XLMUSDT | now=0.2203 | entry=0.2262 | PnL=-2.61%
2026-06-19 14:13:42,649 [INFO] [DATA] ENAUSDT | now=0.0876 | entry=0.0897 | PnL=-2.34%
2026-06-19 14:13:42,768 [INFO] [DATA] UUSDT | now=1.0009 | entry=1.0009 | PnL=+0.00%
2026-06-19 14:13:42,892 [INFO] [DATA] SYNUSDT | now=0.1260 | entry=0.1178 | PnL=+6.96%
2026-06-19 14:13:43,011 [INFO] [DATA] BIOUSDT | now=0.0353 | entry=0.0356 | PnL=-0.95%
2026-06-19 14:13:43,131 [INFO] [DATA] ALLOUSDT | now=0.3842 | entry=0.3833 | PnL=+0.23%
2026-06-19 14:13:43,131 [INFO] [INVENTORY] 9/10 slots used — 1 vacant.
2026-06-19 14:13:43,248 [INFO] [LIQUIDITY] Free USDT: $0.58
2026-06-19 14:13:43,248 [INFO] [STANDBY] Insufficient USDT (need $10.00).
2026-06-19 14:13:43,248 [INFO] [SLEEP] Sleeping for 120s…
2026-06-19 14:15:43,253 [INFO] ======================================================================
2026-06-19 14:15:43,253 [INFO] [LOOP] Cycle #71 | 2026-06-19 14:15:43
2026-06-19 14:15:43,253 [INFO] [MONITOR] Evaluating 9 open positions…
2026-06-19 14:15:43,386 [INFO] [DATA] TRXUSDT | now=0.3208 | entry=0.3173 | PnL=+1.10%
2026-06-19 14:15:43,507 [INFO] [DATA] RLUSDUSDT | now=1.0009 | entry=1.0008 | PnL=+0.01%
2026-06-19 14:15:43,632 [INFO] [DATA] WLDUSDT | now=0.6451 | entry=0.6348 | PnL=+1.62%
2026-06-19 14:15:43,758 [INFO] [DATA] XLMUSDT | now=0.2204 | entry=0.2262 | PnL=-2.56%
2026-06-19 14:15:43,887 [INFO] [DATA] ENAUSDT | now=0.0876 | entry=0.0897 | PnL=-2.34%
2026-06-19 14:15:44,008 [INFO] [DATA] UUSDT | now=1.0009 | entry=1.0009 | PnL=+0.00%
2026-06-19 14:15:44,138 [INFO] [DATA] SYNUSDT | now=0.1270 | entry=0.1178 | PnL=+7.81%
2026-06-19 14:15:44,259 [INFO] [DATA] BIOUSDT | now=0.0352 | entry=0.0356 | PnL=-1.23%
2026-06-19 14:15:44,387 [INFO] [DATA] ALLOUSDT | now=0.3839 | entry=0.3833 | PnL=+0.16%
2026-06-19 14:15:44,388 [INFO] [INVENTORY] 9/10 slots used — 1 vacant.
2026-06-19 14:15:44,508 [INFO] [LIQUIDITY] Free USDT: $0.58
2026-06-19 14:15:44,508 [INFO] [STANDBY] Insufficient USDT (need $10.00).
2026-06-19 14:15:44,512 [INFO] [SLEEP] Sleeping for 120s…
2026-06-19 14:17:44,513 [INFO] ======================================================================
2026-06-19 14:17:44,513 [INFO] [LOOP] Cycle #72 | 2026-06-19 14:17:44
2026-06-19 14:17:44,514 [INFO] [MONITOR] Evaluating 9 open positions…
2026-06-19 14:17:44,635 [INFO] [DATA] TRXUSDT | now=0.3208 | entry=0.3173 | PnL=+1.10%
2026-06-19 14:17:44,753 [INFO] [DATA] RLUSDUSDT | now=1.0009 | entry=1.0008 | PnL=+0.01%
2026-06-19 14:17:44,871 [INFO] [DATA] WLDUSDT | now=0.6442 | entry=0.6348 | PnL=+1.48%
2026-06-19 14:17:44,992 [INFO] [DATA] XLMUSDT | now=0.2204 | entry=0.2262 | PnL=-2.56%
2026-06-19 14:17:45,165 [INFO] [DATA] ENAUSDT | now=0.0876 | entry=0.0897 | PnL=-2.34%
2026-06-19 14:17:45,282 [INFO] [DATA] UUSDT | now=1.0008 | entry=1.0009 | PnL=-0.01%
2026-06-19 14:17:45,400 [INFO] [DATA] SYNUSDT | now=0.1244 | entry=0.1178 | PnL=+5.60%
2026-06-19 14:17:45,529 [INFO] [DATA] BIOUSDT | now=0.0351 | entry=0.0356 | PnL=-1.40%
2026-06-19 14:17:45,849 [INFO] [DATA] ALLOUSDT | now=0.3848 | entry=0.3833 | PnL=+0.39%
2026-06-19 14:17:45,849 [INFO] [INVENTORY] 9/10 slots used — 1 vacant.
2026-06-19 14:17:45,974 [INFO] [LIQUIDITY] Free USDT: $0.58
2026-06-19 14:17:45,974 [INFO] [STANDBY] Insufficient USDT (need $10.00).
2026-06-19 14:17:45,975 [INFO] [SLEEP] Sleeping for 120s…
2026-06-19 14:19:45,976 [INFO] ======================================================================
2026-06-19 14:19:45,976 [INFO] [LOOP] Cycle #73 | 2026-06-19 14:19:45
2026-06-19 14:19:45,976 [INFO] [MONITOR] Evaluating 9 open positions…
2026-06-19 14:19:46,104 [INFO] [DATA] TRXUSDT | now=0.3207 | entry=0.3173 | PnL=+1.07%
2026-06-19 14:19:46,235 [INFO] [DATA] RLUSDUSDT | now=1.0008 | entry=1.0008 | PnL=+0.00%
2026-06-19 14:19:46,357 [INFO] [DATA] WLDUSDT | now=0.6421 | entry=0.6348 | PnL=+1.15%
2026-06-19 14:19:46,475 [INFO] [DATA] XLMUSDT | now=0.2202 | entry=0.2262 | PnL=-2.65%
2026-06-19 14:19:46,623 [INFO] [DATA] ENAUSDT | now=0.0877 | entry=0.0897 | PnL=-2.23%
2026-06-19 14:19:46,739 [INFO] [DATA] UUSDT | now=1.0009 | entry=1.0009 | PnL=+0.00%
2026-06-19 14:19:46,854 [INFO] [DATA] SYNUSDT | now=0.1248 | entry=0.1178 | PnL=+5.94%
2026-06-19 14:19:46,984 [INFO] [DATA] BIOUSDT | now=0.0352 | entry=0.0356 | PnL=-1.29%
2026-06-19 14:19:47,107 [INFO] [DATA] ALLOUSDT | now=0.3844 | entry=0.3833 | PnL=+0.29%
2026-06-19 14:19:47,108 [INFO] [INVENTORY] 9/10 slots used — 1 vacant.
2026-06-19 14:19:47,224 [INFO] [LIQUIDITY] Free USDT: $0.58
2026-06-19 14:19:47,224 [INFO] [STANDBY] Insufficient USDT (need $10.00).
2026-06-19 14:19:47,224 [INFO] [SLEEP] Sleeping for 120s…
2026-06-19 14:21:47,232 [INFO] ======================================================================
2026-06-19 14:21:47,232 [INFO] [LOOP] Cycle #74 | 2026-06-19 14:21:47
2026-06-19 14:21:47,232 [INFO] [MONITOR] Evaluating 9 open positions…
2026-06-19 14:21:47,356 [INFO] [DATA] TRXUSDT | now=0.3209 | entry=0.3173 | PnL=+1.13%
2026-06-19 14:21:47,504 [INFO] [DATA] RLUSDUSDT | now=1.0008 | entry=1.0008 | PnL=+0.00%
2026-06-19 14:21:47,854 [INFO] [DATA] WLDUSDT | now=0.6425 | entry=0.6348 | PnL=+1.21%
2026-06-19 14:21:48,471 [INFO] [DATA] XLMUSDT | now=0.2201 | entry=0.2262 | PnL=-2.70%
2026-06-19 14:21:48,764 [INFO] [DATA] ENAUSDT | now=0.0877 | entry=0.0897 | PnL=-2.23%
2026-06-19 14:21:48,905 [INFO] [DATA] UUSDT | now=1.0009 | entry=1.0009 | PnL=+0.00%
2026-06-19 14:21:49,224 [INFO] [DATA] SYNUSDT | now=0.1242 | entry=0.1178 | PnL=+5.43%
2026-06-19 14:21:49,345 [INFO] [DATA] BIOUSDT | now=0.0352 | entry=0.0356 | PnL=-1.35%
2026-06-19 14:21:49,470 [INFO] [DATA] ALLOUSDT | now=0.3846 | entry=0.3833 | PnL=+0.34%
2026-06-19 14:21:49,471 [INFO] [INVENTORY] 9/10 slots used — 1 vacant.
2026-06-19 14:21:49,594 [INFO] [LIQUIDITY] Free USDT: $0.58
2026-06-19 14:21:49,594 [INFO] [STANDBY] Insufficient USDT (need $10.00).
2026-06-19 14:21:49,595 [INFO] [SLEEP] Sleeping for 120s…
2026-06-19 14:23:49,595 [INFO] ======================================================================
2026-06-19 14:23:49,595 [INFO] [LOOP] Cycle #75 | 2026-06-19 14:23:49
2026-06-19 14:23:49,595 [INFO] [MONITOR] Evaluating 9 open positions…
2026-06-19 14:23:49,720 [INFO] [DATA] TRXUSDT | now=0.3209 | entry=0.3173 | PnL=+1.13%
2026-06-19 14:23:49,844 [INFO] [DATA] RLUSDUSDT | now=1.0008 | entry=1.0008 | PnL=+0.00%
2026-06-19 14:23:49,965 [INFO] [DATA] WLDUSDT | now=0.6411 | entry=0.6348 | PnL=+0.99%
2026-06-19 14:23:50,085 [INFO] [DATA] XLMUSDT | now=0.2189 | entry=0.2262 | PnL=-3.23%
2026-06-19 14:23:50,205 [INFO] [DATA] ENAUSDT | now=0.0874 | entry=0.0897 | PnL=-2.56%
2026-06-19 14:23:50,331 [INFO] [DATA] UUSDT | now=1.0009 | entry=1.0009 | PnL=+0.00%
2026-06-19 14:23:50,455 [INFO] [DATA] SYNUSDT | now=0.1230 | entry=0.1178 | PnL=+4.41%
2026-06-19 14:23:50,574 [INFO] [DATA] BIOUSDT | now=0.0351 | entry=0.0356 | PnL=-1.46%
2026-06-19 14:23:50,697 [INFO] [DATA] ALLOUSDT | now=0.3844 | entry=0.3833 | PnL=+0.29%
2026-06-19 14:23:50,697 [INFO] [INVENTORY] 9/10 slots used — 1 vacant.
2026-06-19 14:23:50,819 [INFO] [LIQUIDITY] Free USDT: $0.58
2026-06-19 14:23:50,819 [INFO] [STANDBY] Insufficient USDT (need $10.00).
2026-06-19 14:23:50,819 [INFO] [SLEEP] Sleeping for 120s…
2026-06-19 14:25:50,820 [INFO] ======================================================================
2026-06-19 14:25:50,820 [INFO] [LOOP] Cycle #76 | 2026-06-19 14:25:50
2026-06-19 14:25:50,820 [INFO] [MONITOR] Evaluating 9 open positions…
2026-06-19 14:25:50,938 [INFO] [DATA] TRXUSDT | now=0.3209 | entry=0.3173 | PnL=+1.13%
2026-06-19 14:25:51,064 [INFO] [DATA] RLUSDUSDT | now=1.0008 | entry=1.0008 | PnL=+0.00%
2026-06-19 14:25:51,186 [INFO] [DATA] WLDUSDT | now=0.6400 | entry=0.6348 | PnL=+0.82%
2026-06-19 14:25:51,311 [INFO] [DATA] XLMUSDT | now=0.2189 | entry=0.2262 | PnL=-3.23%
2026-06-19 14:25:51,433 [INFO] [DATA] ENAUSDT | now=0.0873 | entry=0.0897 | PnL=-2.68%
2026-06-19 14:25:51,579 [INFO] [DATA] UUSDT | now=1.0008 | entry=1.0009 | PnL=-0.01%
2026-06-19 14:25:51,702 [INFO] [DATA] SYNUSDT | now=0.1226 | entry=0.1178 | PnL=+4.07%
2026-06-19 14:25:51,823 [INFO] [DATA] BIOUSDT | now=0.0351 | entry=0.0356 | PnL=-1.40%
2026-06-19 14:25:51,963 [INFO] [DATA] ALLOUSDT | now=0.3849 | entry=0.3833 | PnL=+0.42%
2026-06-19 14:25:51,964 [INFO] [INVENTORY] 9/10 slots used — 1 vacant.
2026-06-19 14:25:52,186 [INFO] [LIQUIDITY] Free USDT: $0.58
2026-06-19 14:25:52,186 [INFO] [STANDBY] Insufficient USDT (need $10.00).
2026-06-19 14:25:52,186 [INFO] [SLEEP] Sleeping for 120s…
2026-06-19 14:27:52,187 [INFO] ======================================================================
2026-06-19 14:27:52,187 [INFO] [LOOP] Cycle #77 | 2026-06-19 14:27:52
2026-06-19 14:27:52,188 [INFO] [MONITOR] Evaluating 9 open positions…
2026-06-19 14:27:52,324 [INFO] [DATA] TRXUSDT | now=0.3209 | entry=0.3173 | PnL=+1.13%
2026-06-19 14:27:52,444 [INFO] [DATA] RLUSDUSDT | now=1.0009 | entry=1.0008 | PnL=+0.01%
2026-06-19 14:27:52,578 [INFO] [DATA] WLDUSDT | now=0.6415 | entry=0.6348 | PnL=+1.06%
2026-06-19 14:27:52,698 [INFO] [DATA] XLMUSDT | now=0.2193 | entry=0.2262 | PnL=-3.05%
2026-06-19 14:27:52,822 [INFO] [DATA] ENAUSDT | now=0.0875 | entry=0.0897 | PnL=-2.45%
2026-06-19 14:27:52,944 [INFO] [DATA] UUSDT | now=1.0009 | entry=1.0009 | PnL=+0.00%
2026-06-19 14:27:53,064 [INFO] [DATA] SYNUSDT | now=0.1225 | entry=0.1178 | PnL=+3.99%
2026-06-19 14:27:53,184 [INFO] [DATA] BIOUSDT | now=0.0352 | entry=0.0356 | PnL=-1.32%
2026-06-19 14:27:53,306 [INFO] [DATA] ALLOUSDT | now=0.3852 | entry=0.3833 | PnL=+0.50%
2026-06-19 14:27:53,306 [INFO] [INVENTORY] 9/10 slots used — 1 vacant.
2026-06-19 14:27:53,438 [INFO] [LIQUIDITY] Free USDT: $0.58
2026-06-19 14:27:53,438 [INFO] [STANDBY] Insufficient USDT (need $10.00).
2026-06-19 14:27:53,438 [INFO] [SLEEP] Sleeping for 120s…
2026-06-19 14:29:53,444 [INFO] ======================================================================
2026-06-19 14:29:53,444 [INFO] [LOOP] Cycle #78 | 2026-06-19 14:29:53
2026-06-19 14:29:53,444 [INFO] [MONITOR] Evaluating 9 open positions…
2026-06-19 14:29:53,562 [INFO] [DATA] TRXUSDT | now=0.3209 | entry=0.3173 | PnL=+1.13%
2026-06-19 14:29:53,711 [INFO] [DATA] RLUSDUSDT | now=1.0009 | entry=1.0008 | PnL=+0.01%
2026-06-19 14:29:53,837 [INFO] [DATA] WLDUSDT | now=0.6405 | entry=0.6348 | PnL=+0.90%
2026-06-19 14:29:53,956 [INFO] [DATA] XLMUSDT | now=0.2198 | entry=0.2262 | PnL=-2.83%
2026-06-19 14:29:54,076 [INFO] [DATA] ENAUSDT | now=0.0877 | entry=0.0897 | PnL=-2.23%
2026-06-19 14:29:54,201 [INFO] [DATA] UUSDT | now=1.0009 | entry=1.0009 | PnL=+0.00%
2026-06-19 14:29:54,321 [INFO] [DATA] SYNUSDT | now=0.1210 | entry=0.1178 | PnL=+2.72%
2026-06-19 14:29:54,442 [INFO] [DATA] BIOUSDT | now=0.0351 | entry=0.0356 | PnL=-1.52%
2026-06-19 14:29:54,563 [INFO] [DATA] ALLOUSDT | now=0.3872 | entry=0.3833 | PnL=+1.02%
2026-06-19 14:29:54,563 [INFO] [INVENTORY] 9/10 slots used — 1 vacant.
2026-06-19 14:29:54,682 [INFO] [LIQUIDITY] Free USDT: $0.58
2026-06-19 14:29:54,682 [INFO] [STANDBY] Insufficient USDT (need $10.00).
2026-06-19 14:29:54,682 [INFO] [SLEEP] Sleeping for 120s…
