2026-06-16 13:05:50,547 [INFO] [SYSTEM] Synchronising clock with Binance server…
2026-06-16 13:05:50,663 [INFO] [SYSTEM] Clock synchronised. Offset: 50855ms.
2026-06-16 13:05:50,670 [INFO] [SYSTEM] Bot started. Tracking 14 positions.
2026-06-16 13:05:50,670 [INFO] [SYSTEM] Running one-time wallet ingestion…
2026-06-16 13:05:50,790 [INFO] [INGESTION] Slot limit reached — stopping ingestion.
2026-06-16 13:05:50,790 [INFO] [SYSTEM] Ingestion complete. Tracking 14 positions.
2026-06-16 13:05:50,790 [INFO] ======================================================================
2026-06-16 13:05:50,792 [INFO] [LOOP] Cycle #1 | 2026-06-16 13:05:50
2026-06-16 13:05:50,792 [INFO] [MONITOR] Evaluating 14 open positions…
2026-06-16 13:05:50,909 [INFO] [DATA] TRXUSDT | now=0.3182 | entry=0.3180 | PnL=+0.06%
2026-06-16 13:05:51,034 [INFO] [DATA] XRPUSDT | now=1.2342 | entry=1.2284 | PnL=+0.47%
2026-06-16 13:05:51,190 [INFO] [DATA] ADAUSDT | now=0.1791 | entry=0.1778 | PnL=+0.73%
2026-06-16 13:05:51,308 [INFO] [DATA] XLMUSDT | now=0.2177 | entry=0.2156 | PnL=+0.97%
2026-06-16 13:05:51,429 [INFO] [DATA] SOLUSDT | now=74.4600 | entry=73.9000 | PnL=+0.76%
2026-06-16 13:05:51,561 [INFO] [DATA] NEARUSDT | now=2.4590 | entry=2.4410 | PnL=+0.74%
2026-06-16 13:05:51,679 [INFO] [DATA] WLDUSDT | now=0.6392 | entry=0.5884 | PnL=+8.63%
2026-06-16 13:05:51,806 [INFO] [DATA] TAOUSDT | now=266.4000 | entry=263.1000 | PnL=+1.25%
2026-06-16 13:05:51,921 [INFO] [DATA] OPGUSDT | now=0.1627 | entry=0.1597 | PnL=+1.88%
2026-06-16 13:05:52,042 [INFO] [DATA] ZECUSDT | now=525.4300 | entry=525.0000 | PnL=+0.08%
2026-06-16 13:05:52,158 [INFO] [DATA] SUIUSDT | now=0.7919 | entry=0.7862 | PnL=+0.73%
2026-06-16 13:05:52,282 [INFO] [DATA] BABYUSDT | now=0.0176 | entry=0.0177 | PnL=-0.57%
2026-06-16 13:05:52,409 [INFO] [DATA] SPCXBUSDT | now=214.4000 | entry=215.0000 | PnL=-0.28%
2026-06-16 13:05:52,552 [INFO] [DATA] JTOUSDT | now=0.7302 | entry=0.7581 | PnL=-3.68%
2026-06-16 13:05:52,552 [INFO] [INVENTORY] 14/10 slots used — -4 vacant.
2026-06-16 13:05:52,552 [INFO] [STANDBY] Maximum capacity reached.
2026-06-16 13:05:52,552 [INFO] [SLEEP] Sleeping for 120s…
2026-06-16 13:07:52,552 [INFO] ======================================================================
2026-06-16 13:07:52,552 [INFO] [LOOP] Cycle #2 | 2026-06-16 13:07:52
2026-06-16 13:07:52,552 [INFO] [MONITOR] Evaluating 14 open positions…
2026-06-16 13:07:52,656 [INFO] [DATA] TRXUSDT | now=0.3182 | entry=0.3180 | PnL=+0.06%
2026-06-16 13:07:52,787 [INFO] [DATA] XRPUSDT | now=1.2337 | entry=1.2284 | PnL=+0.43%
2026-06-16 13:07:53,232 [INFO] [DATA] ADAUSDT | now=0.1787 | entry=0.1778 | PnL=+0.51%
2026-06-16 13:07:53,394 [INFO] [DATA] XLMUSDT | now=0.2171 | entry=0.2156 | PnL=+0.70%
2026-06-16 13:07:53,534 [INFO] [DATA] SOLUSDT | now=74.3900 | entry=73.9000 | PnL=+0.66%
2026-06-16 13:07:53,697 [INFO] [DATA] NEARUSDT | now=2.4610 | entry=2.4410 | PnL=+0.82%
2026-06-16 13:07:53,810 [INFO] [DATA] WLDUSDT | now=0.6340 | entry=0.5884 | PnL=+7.75%
2026-06-16 13:07:53,956 [INFO] [DATA] TAOUSDT | now=266.8000 | entry=263.1000 | PnL=+1.41%
2026-06-16 13:07:54,088 [INFO] [DATA] OPGUSDT | now=0.1630 | entry=0.1597 | PnL=+2.07%
2026-06-16 13:07:54,206 [INFO] [DATA] ZECUSDT | now=525.8600 | entry=525.0000 | PnL=+0.16%
2026-06-16 13:07:54,312 [INFO] [DATA] SUIUSDT | now=0.7911 | entry=0.7862 | PnL=+0.62%
2026-06-16 13:07:54,446 [INFO] [DATA] BABYUSDT | now=0.0177 | entry=0.0177 | PnL=+0.11%
2026-06-16 13:07:54,614 [INFO] [DATA] SPCXBUSDT | now=213.5000 | entry=215.0000 | PnL=-0.70%
2026-06-16 13:07:54,747 [INFO] [DATA] JTOUSDT | now=0.7340 | entry=0.7581 | PnL=-3.18%
2026-06-16 13:07:54,747 [INFO] [INVENTORY] 14/10 slots used — -4 vacant.
2026-06-16 13:07:54,747 [INFO] [STANDBY] Maximum capacity reached.
2026-06-16 13:07:54,747 [INFO] [SLEEP] Sleeping for 120s…
2026-06-16 13:09:54,747 [INFO] ======================================================================
2026-06-16 13:09:54,747 [INFO] [LOOP] Cycle #3 | 2026-06-16 13:09:54
2026-06-16 13:09:54,747 [INFO] [MONITOR] Evaluating 14 open positions…
2026-06-16 13:09:54,864 [INFO] [DATA] TRXUSDT | now=0.3183 | entry=0.3180 | PnL=+0.09%
2026-06-16 13:09:54,982 [INFO] [DATA] XRPUSDT | now=1.2346 | entry=1.2284 | PnL=+0.50%
2026-06-16 13:09:55,103 [INFO] [DATA] ADAUSDT | now=0.1790 | entry=0.1778 | PnL=+0.67%
2026-06-16 13:09:55,221 [INFO] [DATA] XLMUSDT | now=0.2174 | entry=0.2156 | PnL=+0.83%
2026-06-16 13:09:55,340 [INFO] [DATA] SOLUSDT | now=74.5200 | entry=73.9000 | PnL=+0.84%
2026-06-16 13:09:55,456 [INFO] [DATA] NEARUSDT | now=2.4630 | entry=2.4410 | PnL=+0.90%
2026-06-16 13:09:55,576 [INFO] [DATA] WLDUSDT | now=0.6405 | entry=0.5884 | PnL=+8.85%
2026-06-16 13:09:55,693 [INFO] [DATA] TAOUSDT | now=267.1000 | entry=263.1000 | PnL=+1.52%
2026-06-16 13:09:55,848 [INFO] [DATA] OPGUSDT | now=0.1637 | entry=0.1597 | PnL=+2.50%
2026-06-16 13:09:55,965 [INFO] [DATA] ZECUSDT | now=526.2300 | entry=525.0000 | PnL=+0.23%
2026-06-16 13:09:56,081 [INFO] [DATA] SUIUSDT | now=0.7922 | entry=0.7862 | PnL=+0.76%
2026-06-16 13:09:56,198 [INFO] [DATA] BABYUSDT | now=0.0175 | entry=0.0177 | PnL=-0.85%
2026-06-16 13:09:56,316 [INFO] [DATA] SPCXBUSDT | now=214.0100 | entry=215.0000 | PnL=-0.46%
2026-06-16 13:09:56,435 [INFO] [DATA] JTOUSDT | now=0.7313 | entry=0.7581 | PnL=-3.54%
2026-06-16 13:09:56,436 [INFO] [INVENTORY] 14/10 slots used — -4 vacant.
2026-06-16 13:09:56,436 [INFO] [STANDBY] Maximum capacity reached.
2026-06-16 13:09:56,436 [INFO] [SLEEP] Sleeping for 120s…
2026-06-16 13:11:56,436 [INFO] ======================================================================
2026-06-16 13:11:56,436 [INFO] [LOOP] Cycle #4 | 2026-06-16 13:11:56
2026-06-16 13:11:56,436 [INFO] [MONITOR] Evaluating 14 open positions…
2026-06-16 13:11:56,556 [INFO] [DATA] TRXUSDT | now=0.3180 | entry=0.3180 | PnL=+0.00%
2026-06-16 13:11:56,672 [INFO] [DATA] XRPUSDT | now=1.2318 | entry=1.2284 | PnL=+0.28%
2026-06-16 13:11:56,792 [INFO] [DATA] ADAUSDT | now=0.1786 | entry=0.1778 | PnL=+0.45%
2026-06-16 13:11:56,908 [INFO] [DATA] XLMUSDT | now=0.2168 | entry=0.2156 | PnL=+0.56%
2026-06-16 13:11:57,025 [INFO] [DATA] SOLUSDT | now=74.3700 | entry=73.9000 | PnL=+0.64%
2026-06-16 13:11:57,140 [INFO] [DATA] NEARUSDT | now=2.4510 | entry=2.4410 | PnL=+0.41%
2026-06-16 13:11:57,254 [INFO] [DATA] WLDUSDT | now=0.6356 | entry=0.5884 | PnL=+8.02%
2026-06-16 13:11:57,371 [INFO] [DATA] TAOUSDT | now=267.0000 | entry=263.1000 | PnL=+1.48%
2026-06-16 13:11:57,490 [INFO] [DATA] OPGUSDT | now=0.1643 | entry=0.1597 | PnL=+2.88%
2026-06-16 13:11:57,606 [INFO] [DATA] ZECUSDT | now=525.7100 | entry=525.0000 | PnL=+0.14%
2026-06-16 13:11:57,726 [INFO] [DATA] SUIUSDT | now=0.7910 | entry=0.7862 | PnL=+0.61%
2026-06-16 13:11:57,842 [INFO] [DATA] BABYUSDT | now=0.0173 | entry=0.0177 | PnL=-2.09%
2026-06-16 13:11:57,960 [INFO] [DATA] SPCXBUSDT | now=213.5800 | entry=215.0000 | PnL=-0.66%
2026-06-16 13:11:58,077 [INFO] [DATA] JTOUSDT | now=0.7314 | entry=0.7581 | PnL=-3.52%
2026-06-16 13:11:58,077 [INFO] [INVENTORY] 14/10 slots used — -4 vacant.
2026-06-16 13:11:58,077 [INFO] [STANDBY] Maximum capacity reached.
2026-06-16 13:11:58,077 [INFO] [SLEEP] Sleeping for 120s…
2026-06-16 13:13:58,078 [INFO] ======================================================================
2026-06-16 13:13:58,078 [INFO] [LOOP] Cycle #5 | 2026-06-16 13:13:58
2026-06-16 13:13:58,078 [INFO] [MONITOR] Evaluating 14 open positions…
2026-06-16 13:13:58,200 [INFO] [DATA] TRXUSDT | now=0.3182 | entry=0.3180 | PnL=+0.06%
2026-06-16 13:13:58,315 [INFO] [DATA] XRPUSDT | now=1.2315 | entry=1.2284 | PnL=+0.25%
2026-06-16 13:13:58,429 [INFO] [DATA] ADAUSDT | now=0.1785 | entry=0.1778 | PnL=+0.39%
2026-06-16 13:13:58,538 [INFO] [DATA] XLMUSDT | now=0.2165 | entry=0.2156 | PnL=+0.42%
2026-06-16 13:13:58,652 [INFO] [DATA] SOLUSDT | now=74.3400 | entry=73.9000 | PnL=+0.60%
2026-06-16 13:13:58,763 [INFO] [DATA] NEARUSDT | now=2.4520 | entry=2.4410 | PnL=+0.45%
2026-06-16 13:13:58,883 [INFO] [DATA] WLDUSDT | now=0.6392 | entry=0.5884 | PnL=+8.63%
2026-06-16 13:13:59,003 [INFO] [DATA] TAOUSDT | now=266.9000 | entry=263.1000 | PnL=+1.44%
2026-06-16 13:13:59,110 [INFO] [DATA] OPGUSDT | now=0.1630 | entry=0.1597 | PnL=+2.07%
2026-06-16 13:13:59,228 [INFO] [DATA] ZECUSDT | now=525.8000 | entry=525.0000 | PnL=+0.15%
2026-06-16 13:13:59,353 [INFO] [DATA] SUIUSDT | now=0.7905 | entry=0.7862 | PnL=+0.55%
2026-06-16 13:13:59,464 [INFO] [DATA] BABYUSDT | now=0.0174 | entry=0.0177 | PnL=-1.75%
2026-06-16 13:13:59,781 [INFO] [DATA] SPCXBUSDT | now=213.5000 | entry=215.0000 | PnL=-0.70%
2026-06-16 13:13:59,899 [INFO] [DATA] JTOUSDT | now=0.7286 | entry=0.7581 | PnL=-3.89%
2026-06-16 13:13:59,899 [INFO] [INVENTORY] 14/10 slots used — -4 vacant.
2026-06-16 13:13:59,899 [INFO] [STANDBY] Maximum capacity reached.
2026-06-16 13:13:59,899 [INFO] [SLEEP] Sleeping for 120s…
2026-06-16 13:15:59,900 [INFO] ======================================================================
2026-06-16 13:15:59,900 [INFO] [LOOP] Cycle #6 | 2026-06-16 13:15:59
2026-06-16 13:15:59,900 [INFO] [MONITOR] Evaluating 14 open positions…
2026-06-16 13:16:00,021 [INFO] [DATA] TRXUSDT | now=0.3181 | entry=0.3180 | PnL=+0.03%
2026-06-16 13:16:00,138 [INFO] [DATA] XRPUSDT | now=1.2329 | entry=1.2284 | PnL=+0.37%
2026-06-16 13:16:00,267 [INFO] [DATA] ADAUSDT | now=0.1787 | entry=0.1778 | PnL=+0.51%
2026-06-16 13:16:00,389 [INFO] [DATA] XLMUSDT | now=0.2163 | entry=0.2156 | PnL=+0.32%
2026-06-16 13:16:00,517 [INFO] [DATA] SOLUSDT | now=74.3900 | entry=73.9000 | PnL=+0.66%
2026-06-16 13:16:00,781 [INFO] [DATA] NEARUSDT | now=2.4600 | entry=2.4410 | PnL=+0.78%
2026-06-16 13:16:00,904 [INFO] [DATA] WLDUSDT | now=0.6487 | entry=0.5884 | PnL=+10.25%
2026-06-16 13:16:01,021 [INFO] [DATA] TAOUSDT | now=269.1000 | entry=263.1000 | PnL=+2.28%
2026-06-16 13:16:01,130 [INFO] [DATA] OPGUSDT | now=0.1634 | entry=0.1597 | PnL=+2.32%
2026-06-16 13:16:01,261 [INFO] [DATA] ZECUSDT | now=527.2500 | entry=525.0000 | PnL=+0.43%
2026-06-16 13:16:01,367 [INFO] [DATA] SUIUSDT | now=0.7910 | entry=0.7862 | PnL=+0.61%
2026-06-16 13:16:01,492 [INFO] [DATA] BABYUSDT | now=0.0174 | entry=0.0177 | PnL=-1.70%
2026-06-16 13:16:01,611 [INFO] [DATA] SPCXBUSDT | now=213.9900 | entry=215.0000 | PnL=-0.47%
2026-06-16 13:16:01,743 [INFO] [DATA] JTOUSDT | now=0.7313 | entry=0.7581 | PnL=-3.54%
2026-06-16 13:16:01,743 [INFO] [INVENTORY] 14/10 slots used — -4 vacant.
2026-06-16 13:16:01,743 [INFO] [STANDBY] Maximum capacity reached.
2026-06-16 13:16:01,743 [INFO] [SLEEP] Sleeping for 120s…
2026-06-16 13:18:01,750 [INFO] ======================================================================
2026-06-16 13:18:01,750 [INFO] [LOOP] Cycle #7 | 2026-06-16 13:18:01
2026-06-16 13:18:01,750 [INFO] [MONITOR] Evaluating 14 open positions…
2026-06-16 13:18:01,896 [INFO] [DATA] TRXUSDT | now=0.3180 | entry=0.3180 | PnL=+0.00%
2026-06-16 13:18:02,132 [INFO] [DATA] XRPUSDT | now=1.2333 | entry=1.2284 | PnL=+0.40%
2026-06-16 13:18:02,260 [INFO] [DATA] ADAUSDT | now=0.1789 | entry=0.1778 | PnL=+0.62%
2026-06-16 13:18:02,391 [INFO] [DATA] XLMUSDT | now=0.2159 | entry=0.2156 | PnL=+0.14%
2026-06-16 13:18:02,519 [INFO] [DATA] SOLUSDT | now=74.4700 | entry=73.9000 | PnL=+0.77%
2026-06-16 13:18:02,634 [INFO] [DATA] NEARUSDT | now=2.4600 | entry=2.4410 | PnL=+0.78%
2026-06-16 13:18:02,751 [INFO] [DATA] WLDUSDT | now=0.6470 | entry=0.5884 | PnL=+9.96%
2026-06-16 13:18:02,859 [INFO] [DATA] TAOUSDT | now=269.1000 | entry=263.1000 | PnL=+2.28%
2026-06-16 13:18:02,996 [INFO] [DATA] OPGUSDT | now=0.1638 | entry=0.1597 | PnL=+2.57%
2026-06-16 13:18:03,115 [INFO] [DATA] ZECUSDT | now=526.7400 | entry=525.0000 | PnL=+0.33%
2026-06-16 13:18:03,246 [INFO] [DATA] SUIUSDT | now=0.7914 | entry=0.7862 | PnL=+0.66%
2026-06-16 13:18:03,378 [INFO] [DATA] BABYUSDT | now=0.0174 | entry=0.0177 | PnL=-1.87%
2026-06-16 13:18:03,498 [INFO] [DATA] SPCXBUSDT | now=214.0400 | entry=215.0000 | PnL=-0.45%
2026-06-16 13:18:03,606 [INFO] [DATA] JTOUSDT | now=0.7288 | entry=0.7581 | PnL=-3.86%
2026-06-16 13:18:03,606 [INFO] [INVENTORY] 14/10 slots used — -4 vacant.
2026-06-16 13:18:03,606 [INFO] [STANDBY] Maximum capacity reached.
2026-06-16 13:18:03,606 [INFO] [SLEEP] Sleeping for 120s…
2026-06-16 13:20:03,615 [INFO] ======================================================================
2026-06-16 13:20:03,615 [INFO] [LOOP] Cycle #8 | 2026-06-16 13:20:03
2026-06-16 13:20:03,615 [INFO] [MONITOR] Evaluating 14 open positions…
2026-06-16 13:20:03,731 [INFO] [DATA] TRXUSDT | now=0.3180 | entry=0.3180 | PnL=+0.00%
2026-06-16 13:20:03,844 [INFO] [DATA] XRPUSDT | now=1.2331 | entry=1.2284 | PnL=+0.38%
2026-06-16 13:20:03,954 [INFO] [DATA] ADAUSDT | now=0.1786 | entry=0.1778 | PnL=+0.45%
2026-06-16 13:20:04,083 [INFO] [DATA] XLMUSDT | now=0.2161 | entry=0.2156 | PnL=+0.23%
2026-06-16 13:20:04,189 [INFO] [DATA] SOLUSDT | now=74.4600 | entry=73.9000 | PnL=+0.76%
2026-06-16 13:20:04,306 [INFO] [DATA] NEARUSDT | now=2.4580 | entry=2.4410 | PnL=+0.70%
2026-06-16 13:20:04,420 [INFO] [DATA] WLDUSDT | now=0.6459 | entry=0.5884 | PnL=+9.77%
2026-06-16 13:20:04,545 [INFO] [DATA] TAOUSDT | now=268.9000 | entry=263.1000 | PnL=+2.20%
2026-06-16 13:20:04,652 [INFO] [DATA] OPGUSDT | now=0.1627 | entry=0.1597 | PnL=+1.88%
2026-06-16 13:20:04,765 [INFO] [DATA] ZECUSDT | now=525.0600 | entry=525.0000 | PnL=+0.01%
2026-06-16 13:20:04,883 [INFO] [DATA] SUIUSDT | now=0.7908 | entry=0.7862 | PnL=+0.59%
2026-06-16 13:20:05,012 [INFO] [DATA] BABYUSDT | now=0.0175 | entry=0.0177 | PnL=-1.30%
2026-06-16 13:20:05,121 [INFO] [DATA] SPCXBUSDT | now=214.2000 | entry=215.0000 | PnL=-0.37%
2026-06-16 13:20:05,246 [INFO] [DATA] JTOUSDT | now=0.7312 | entry=0.7581 | PnL=-3.55%
2026-06-16 13:20:05,246 [INFO] [INVENTORY] 14/10 slots used — -4 vacant.
2026-06-16 13:20:05,246 [INFO] [STANDBY] Maximum capacity reached.
2026-06-16 13:20:05,246 [INFO] [SLEEP] Sleeping for 120s…
2026-06-16 13:22:05,246 [INFO] ======================================================================
2026-06-16 13:22:05,246 [INFO] [LOOP] Cycle #9 | 2026-06-16 13:22:05
2026-06-16 13:22:05,246 [INFO] [MONITOR] Evaluating 14 open positions…
2026-06-16 13:22:05,369 [INFO] [DATA] TRXUSDT | now=0.3180 | entry=0.3180 | PnL=+0.00%
2026-06-16 13:22:05,492 [INFO] [DATA] XRPUSDT | now=1.2346 | entry=1.2284 | PnL=+0.50%
2026-06-16 13:22:05,620 [INFO] [DATA] ADAUSDT | now=0.1788 | entry=0.1778 | PnL=+0.56%
2026-06-16 13:22:05,733 [INFO] [DATA] XLMUSDT | now=0.2157 | entry=0.2156 | PnL=+0.05%
2026-06-16 13:22:05,881 [INFO] [DATA] SOLUSDT | now=74.5100 | entry=73.9000 | PnL=+0.83%
2026-06-16 13:22:06,000 [INFO] [DATA] NEARUSDT | now=2.4550 | entry=2.4410 | PnL=+0.57%
2026-06-16 13:22:06,145 [INFO] [DATA] WLDUSDT | now=0.6428 | entry=0.5884 | PnL=+9.25%
2026-06-16 13:22:06,259 [INFO] [DATA] TAOUSDT | now=269.5000 | entry=263.1000 | PnL=+2.43%
2026-06-16 13:22:06,382 [INFO] [DATA] OPGUSDT | now=0.1644 | entry=0.1597 | PnL=+2.94%
2026-06-16 13:22:06,514 [INFO] [DATA] ZECUSDT | now=525.2100 | entry=525.0000 | PnL=+0.04%
2026-06-16 13:22:06,621 [INFO] [DATA] SUIUSDT | now=0.7908 | entry=0.7862 | PnL=+0.59%
2026-06-16 13:22:06,743 [INFO] [DATA] BABYUSDT | now=0.0175 | entry=0.0177 | PnL=-1.19%
2026-06-16 13:22:06,868 [INFO] [DATA] SPCXBUSDT | now=213.4300 | entry=215.0000 | PnL=-0.73%
2026-06-16 13:22:07,026 [INFO] [DATA] JTOUSDT | now=0.7252 | entry=0.7581 | PnL=-4.34%
2026-06-16 13:22:07,026 [INFO] [INVENTORY] 14/10 slots used — -4 vacant.
2026-06-16 13:22:07,026 [INFO] [STANDBY] Maximum capacity reached.
2026-06-16 13:22:07,027 [INFO] [SLEEP] Sleeping for 120s…
2026-06-16 13:24:07,027 [INFO] ======================================================================
2026-06-16 13:24:07,027 [INFO] [LOOP] Cycle #10 | 2026-06-16 13:24:07
2026-06-16 13:24:07,027 [INFO] [MONITOR] Evaluating 14 open positions…
2026-06-16 13:24:07,149 [INFO] [DATA] TRXUSDT | now=0.3180 | entry=0.3180 | PnL=+0.00%
2026-06-16 13:24:07,271 [INFO] [DATA] XRPUSDT | now=1.2352 | entry=1.2284 | PnL=+0.55%
2026-06-16 13:24:07,379 [INFO] [DATA] ADAUSDT | now=0.1788 | entry=0.1778 | PnL=+0.56%
2026-06-16 13:24:07,516 [INFO] [DATA] XLMUSDT | now=0.2159 | entry=0.2156 | PnL=+0.14%
2026-06-16 13:24:07,624 [INFO] [DATA] SOLUSDT | now=74.4900 | entry=73.9000 | PnL=+0.80%
2026-06-16 13:24:07,749 [INFO] [DATA] NEARUSDT | now=2.4500 | entry=2.4410 | PnL=+0.37%
2026-06-16 13:24:07,884 [INFO] [DATA] WLDUSDT | now=0.6431 | entry=0.5884 | PnL=+9.30%
2026-06-16 13:24:08,009 [INFO] [DATA] TAOUSDT | now=268.9000 | entry=263.1000 | PnL=+2.20%
2026-06-16 13:24:08,132 [INFO] [DATA] OPGUSDT | now=0.1643 | entry=0.1597 | PnL=+2.88%
2026-06-16 13:24:08,246 [INFO] [DATA] ZECUSDT | now=524.5800 | entry=525.0000 | PnL=-0.08%
2026-06-16 13:24:08,367 [INFO] [DATA] SUIUSDT | now=0.7908 | entry=0.7862 | PnL=+0.59%
2026-06-16 13:24:08,495 [INFO] [DATA] BABYUSDT | now=0.0175 | entry=0.0177 | PnL=-1.02%
2026-06-16 13:24:08,639 [INFO] [DATA] SPCXBUSDT | now=213.2000 | entry=215.0000 | PnL=-0.84%
2026-06-16 13:24:08,799 [INFO] [DATA] JTOUSDT | now=0.7264 | entry=0.7581 | PnL=-4.18%
2026-06-16 13:24:08,799 [INFO] [INVENTORY] 14/10 slots used — -4 vacant.
2026-06-16 13:24:08,799 [INFO] [STANDBY] Maximum capacity reached.
2026-06-16 13:24:08,799 [INFO] [SLEEP] Sleeping for 120s…
2026-06-16 13:26:08,803 [INFO] ======================================================================
2026-06-16 13:26:08,803 [INFO] [LOOP] Cycle #11 | 2026-06-16 13:26:08
2026-06-16 13:26:08,803 [INFO] [MONITOR] Evaluating 14 open positions…
2026-06-16 13:26:09,013 [INFO] [DATA] TRXUSDT | now=0.3180 | entry=0.3180 | PnL=+0.00%
2026-06-16 13:26:09,124 [INFO] [DATA] XRPUSDT | now=1.2351 | entry=1.2284 | PnL=+0.55%
2026-06-16 13:26:09,255 [INFO] [DATA] ADAUSDT | now=0.1789 | entry=0.1778 | PnL=+0.62%
2026-06-16 13:26:09,493 [INFO] [DATA] XLMUSDT | now=0.2155 | entry=0.2156 | PnL=-0.05%
2026-06-16 13:26:09,753 [INFO] [DATA] SOLUSDT | now=74.5000 | entry=73.9000 | PnL=+0.81%
2026-06-16 13:26:09,867 [INFO] [DATA] NEARUSDT | now=2.4550 | entry=2.4410 | PnL=+0.57%
2026-06-16 13:26:10,007 [INFO] [DATA] WLDUSDT | now=0.6431 | entry=0.5884 | PnL=+9.30%
2026-06-16 13:26:10,129 [INFO] [DATA] TAOUSDT | now=269.6000 | entry=263.1000 | PnL=+2.47%
2026-06-16 13:26:10,286 [INFO] [DATA] OPGUSDT | now=0.1653 | entry=0.1597 | PnL=+3.51%
2026-06-16 13:26:10,592 [INFO] [DATA] ZECUSDT | now=525.3300 | entry=525.0000 | PnL=+0.06%
2026-06-16 13:26:10,760 [INFO] [DATA] SUIUSDT | now=0.7910 | entry=0.7862 | PnL=+0.61%
2026-06-16 13:26:10,873 [INFO] [DATA] BABYUSDT | now=0.0175 | entry=0.0177 | PnL=-1.36%
2026-06-16 13:26:11,029 [INFO] [DATA] SPCXBUSDT | now=213.2600 | entry=215.0000 | PnL=-0.81%
2026-06-16 13:26:11,182 [INFO] [DATA] JTOUSDT | now=0.7270 | entry=0.7581 | PnL=-4.10%
2026-06-16 13:26:11,182 [INFO] [INVENTORY] 14/10 slots used — -4 vacant.
2026-06-16 13:26:11,182 [INFO] [STANDBY] Maximum capacity reached.
2026-06-16 13:26:11,182 [INFO] [SLEEP] Sleeping for 120s…
2026-06-16 13:28:11,192 [INFO] ======================================================================
2026-06-16 13:28:11,192 [INFO] [LOOP] Cycle #12 | 2026-06-16 13:28:11
2026-06-16 13:28:11,192 [INFO] [MONITOR] Evaluating 14 open positions…
2026-06-16 13:28:11,672 [INFO] [DATA] TRXUSDT | now=0.3179 | entry=0.3180 | PnL=-0.03%
2026-06-16 13:28:11,838 [INFO] [DATA] XRPUSDT | now=1.2343 | entry=1.2284 | PnL=+0.48%
2026-06-16 13:28:12,225 [INFO] [DATA] ADAUSDT | now=0.1788 | entry=0.1778 | PnL=+0.56%
2026-06-16 13:28:12,548 [INFO] [DATA] XLMUSDT | now=0.2158 | entry=0.2156 | PnL=+0.09%
2026-06-16 13:28:12,711 [INFO] [DATA] SOLUSDT | now=74.4500 | entry=73.9000 | PnL=+0.74%
2026-06-16 13:28:12,892 [INFO] [DATA] NEARUSDT | now=2.4530 | entry=2.4410 | PnL=+0.49%
2026-06-16 13:28:13,039 [INFO] [DATA] WLDUSDT | now=0.6423 | entry=0.5884 | PnL=+9.16%
2026-06-16 13:28:13,186 [INFO] [DATA] TAOUSDT | now=269.3000 | entry=263.1000 | PnL=+2.36%
2026-06-16 13:28:13,341 [INFO] [DATA] OPGUSDT | now=0.1661 | entry=0.1597 | PnL=+4.01%
2026-06-16 13:28:13,633 [INFO] [DATA] ZECUSDT | now=524.8200 | entry=525.0000 | PnL=-0.03%
2026-06-16 13:28:13,870 [INFO] [DATA] SUIUSDT | now=0.7906 | entry=0.7862 | PnL=+0.56%
2026-06-16 13:28:14,012 [INFO] [DATA] BABYUSDT | now=0.0173 | entry=0.0177 | PnL=-2.04%
2026-06-16 13:28:14,172 [INFO] [DATA] SPCXBUSDT | now=213.4500 | entry=215.0000 | PnL=-0.72%
2026-06-16 13:28:14,328 [INFO] [DATA] JTOUSDT | now=0.7267 | entry=0.7581 | PnL=-4.14%
2026-06-16 13:28:14,328 [INFO] [INVENTORY] 14/10 slots used — -4 vacant.
2026-06-16 13:28:14,328 [INFO] [STANDBY] Maximum capacity reached.
2026-06-16 13:28:14,328 [INFO] [SLEEP] Sleeping for 120s…
2026-06-16 13:30:14,342 [INFO] ======================================================================
2026-06-16 13:30:14,342 [INFO] [LOOP] Cycle #13 | 2026-06-16 13:30:14
2026-06-16 13:30:14,342 [INFO] [MONITOR] Evaluating 14 open positions…
2026-06-16 13:30:14,466 [INFO] [DATA] TRXUSDT | now=0.3178 | entry=0.3180 | PnL=-0.06%
2026-06-16 13:30:14,579 [INFO] [DATA] XRPUSDT | now=1.2339 | entry=1.2284 | PnL=+0.45%
2026-06-16 13:30:14,699 [INFO] [DATA] ADAUSDT | now=0.1787 | entry=0.1778 | PnL=+0.51%
2026-06-16 13:30:14,842 [INFO] [DATA] XLMUSDT | now=0.2160 | entry=0.2156 | PnL=+0.19%
2026-06-16 13:30:15,044 [INFO] [DATA] SOLUSDT | now=74.3600 | entry=73.9000 | PnL=+0.62%
2026-06-16 13:30:15,198 [INFO] [DATA] NEARUSDT | now=2.4540 | entry=2.4410 | PnL=+0.53%
2026-06-16 13:30:15,319 [INFO] [DATA] WLDUSDT | now=0.6432 | entry=0.5884 | PnL=+9.31%
2026-06-16 13:30:15,473 [INFO] [DATA] TAOUSDT | now=269.5000 | entry=263.1000 | PnL=+2.43%
2026-06-16 13:30:15,597 [INFO] [DATA] OPGUSDT | now=0.1654 | entry=0.1597 | PnL=+3.57%
2026-06-16 13:30:15,707 [INFO] [DATA] ZECUSDT | now=524.7400 | entry=525.0000 | PnL=-0.05%
2026-06-16 13:30:15,831 [INFO] [DATA] SUIUSDT | now=0.7908 | entry=0.7862 | PnL=+0.59%
2026-06-16 13:30:15,952 [INFO] [DATA] BABYUSDT | now=0.0174 | entry=0.0177 | PnL=-1.41%
2026-06-16 13:30:16,277 [INFO] [DATA] SPCXBUSDT | now=212.6700 | entry=215.0000 | PnL=-1.08%
2026-06-16 13:30:16,395 [INFO] [DATA] JTOUSDT | now=0.7258 | entry=0.7581 | PnL=-4.26%
2026-06-16 13:30:16,395 [INFO] [INVENTORY] 14/10 slots used — -4 vacant.
2026-06-16 13:30:16,395 [INFO] [STANDBY] Maximum capacity reached.
2026-06-16 13:30:16,395 [INFO] [SLEEP] Sleeping for 120s…
2026-06-16 13:32:16,406 [INFO] ======================================================================
2026-06-16 13:32:16,406 [INFO] [LOOP] Cycle #14 | 2026-06-16 13:32:16
2026-06-16 13:32:16,406 [INFO] [MONITOR] Evaluating 14 open positions…
2026-06-16 13:32:16,670 [INFO] [DATA] TRXUSDT | now=0.3178 | entry=0.3180 | PnL=-0.06%
2026-06-16 13:32:16,820 [INFO] [DATA] XRPUSDT | now=1.2338 | entry=1.2284 | PnL=+0.44%
2026-06-16 13:32:16,974 [INFO] [DATA] ADAUSDT | now=0.1786 | entry=0.1778 | PnL=+0.45%
2026-06-16 13:32:17,092 [INFO] [DATA] XLMUSDT | now=0.2157 | entry=0.2156 | PnL=+0.05%
2026-06-16 13:32:17,226 [INFO] [DATA] SOLUSDT | now=74.4000 | entry=73.9000 | PnL=+0.68%
2026-06-16 13:32:17,352 [INFO] [DATA] NEARUSDT | now=2.4510 | entry=2.4410 | PnL=+0.41%
2026-06-16 13:32:17,471 [INFO] [DATA] WLDUSDT | now=0.6431 | entry=0.5884 | PnL=+9.30%
2026-06-16 13:32:17,602 [INFO] [DATA] TAOUSDT | now=269.6000 | entry=263.1000 | PnL=+2.47%
2026-06-16 13:32:17,716 [INFO] [DATA] OPGUSDT | now=0.1640 | entry=0.1597 | PnL=+2.69%
2026-06-16 13:32:17,838 [INFO] [DATA] ZECUSDT | now=524.5500 | entry=525.0000 | PnL=-0.09%
2026-06-16 13:32:17,993 [INFO] [DATA] SUIUSDT | now=0.7914 | entry=0.7862 | PnL=+0.66%
2026-06-16 13:32:18,160 [INFO] [DATA] BABYUSDT | now=0.0174 | entry=0.0177 | PnL=-1.41%
2026-06-16 13:32:18,321 [INFO] [DATA] SPCXBUSDT | now=213.7900 | entry=215.0000 | PnL=-0.56%
2026-06-16 13:32:18,578 [INFO] [DATA] JTOUSDT | now=0.7255 | entry=0.7581 | PnL=-4.30%
2026-06-16 13:32:18,578 [INFO] [INVENTORY] 14/10 slots used — -4 vacant.
2026-06-16 13:32:18,579 [INFO] [STANDBY] Maximum capacity reached.
2026-06-16 13:32:18,579 [INFO] [SLEEP] Sleeping for 120s…
2026-06-16 13:34:18,580 [INFO] ======================================================================
2026-06-16 13:34:18,580 [INFO] [LOOP] Cycle #15 | 2026-06-16 13:34:18
2026-06-16 13:34:18,580 [INFO] [MONITOR] Evaluating 14 open positions…
2026-06-16 13:34:18,705 [INFO] [DATA] TRXUSDT | now=0.3179 | entry=0.3180 | PnL=-0.03%
2026-06-16 13:34:18,833 [INFO] [DATA] XRPUSDT | now=1.2343 | entry=1.2284 | PnL=+0.48%
2026-06-16 13:34:18,968 [INFO] [DATA] ADAUSDT | now=0.1787 | entry=0.1778 | PnL=+0.51%
2026-06-16 13:34:19,095 [INFO] [DATA] XLMUSDT | now=0.2161 | entry=0.2156 | PnL=+0.23%
2026-06-16 13:34:19,227 [INFO] [DATA] SOLUSDT | now=74.4900 | entry=73.9000 | PnL=+0.80%
2026-06-16 13:34:19,343 [INFO] [DATA] NEARUSDT | now=2.4540 | entry=2.4410 | PnL=+0.53%
2026-06-16 13:34:19,524 [INFO] [DATA] WLDUSDT | now=0.6387 | entry=0.5884 | PnL=+8.55%
2026-06-16 13:34:19,696 [INFO] [DATA] TAOUSDT | now=269.7000 | entry=263.1000 | PnL=+2.51%
2026-06-16 13:34:19,932 [INFO] [DATA] OPGUSDT | now=0.1642 | entry=0.1597 | PnL=+2.82%
2026-06-16 13:34:20,913 [INFO] [DATA] ZECUSDT | now=525.3400 | entry=525.0000 | PnL=+0.06%
2026-06-16 13:34:21,382 [INFO] [DATA] SUIUSDT | now=0.7924 | entry=0.7862 | PnL=+0.79%
2026-06-16 13:34:21,589 [INFO] [DATA] BABYUSDT | now=0.0174 | entry=0.0177 | PnL=-1.75%
2026-06-16 13:34:21,740 [INFO] [DATA] SPCXBUSDT | now=214.1500 | entry=215.0000 | PnL=-0.40%
2026-06-16 13:34:21,923 [INFO] [DATA] JTOUSDT | now=0.7215 | entry=0.7581 | PnL=-4.83%
2026-06-16 13:34:21,923 [INFO] [INVENTORY] 14/10 slots used — -4 vacant.
2026-06-16 13:34:21,923 [INFO] [STANDBY] Maximum capacity reached.
2026-06-16 13:34:21,923 [INFO] [SLEEP] Sleeping for 120s…
2026-06-16 13:36:21,925 [INFO] ======================================================================
2026-06-16 13:36:21,925 [INFO] [LOOP] Cycle #16 | 2026-06-16 13:36:21
2026-06-16 13:36:21,925 [INFO] [MONITOR] Evaluating 14 open positions…
2026-06-16 13:36:22,046 [INFO] [DATA] TRXUSDT | now=0.3178 | entry=0.3180 | PnL=-0.06%
2026-06-16 13:36:22,177 [INFO] [DATA] XRPUSDT | now=1.2339 | entry=1.2284 | PnL=+0.45%
2026-06-16 13:36:22,291 [INFO] [DATA] ADAUSDT | now=0.1783 | entry=0.1778 | PnL=+0.28%
2026-06-16 13:36:22,413 [INFO] [DATA] XLMUSDT | now=0.2163 | entry=0.2156 | PnL=+0.32%
2026-06-16 13:36:22,557 [INFO] [DATA] SOLUSDT | now=74.5300 | entry=73.9000 | PnL=+0.85%
2026-06-16 13:36:22,673 [INFO] [DATA] NEARUSDT | now=2.4530 | entry=2.4410 | PnL=+0.49%
2026-06-16 13:36:22,805 [INFO] [DATA] WLDUSDT | now=0.6388 | entry=0.5884 | PnL=+8.57%
2026-06-16 13:36:22,933 [INFO] [DATA] TAOUSDT | now=268.8000 | entry=263.1000 | PnL=+2.17%
2026-06-16 13:36:23,048 [INFO] [DATA] OPGUSDT | now=0.1633 | entry=0.1597 | PnL=+2.25%
2026-06-16 13:36:23,166 [INFO] [DATA] ZECUSDT | now=525.7200 | entry=525.0000 | PnL=+0.14%
2026-06-16 13:36:23,289 [INFO] [DATA] SUIUSDT | now=0.7924 | entry=0.7862 | PnL=+0.79%
2026-06-16 13:36:23,416 [INFO] [DATA] BABYUSDT | now=0.0175 | entry=0.0177 | PnL=-1.24%
2026-06-16 13:36:23,550 [INFO] [DATA] SPCXBUSDT | now=213.5800 | entry=215.0000 | PnL=-0.66%
2026-06-16 13:36:23,660 [INFO] [DATA] JTOUSDT | now=0.7239 | entry=0.7581 | PnL=-4.51%
2026-06-16 13:36:23,660 [INFO] [INVENTORY] 14/10 slots used — -4 vacant.
2026-06-16 13:36:23,660 [INFO] [STANDBY] Maximum capacity reached.
2026-06-16 13:36:23,660 [INFO] [SLEEP] Sleeping for 120s…
2026-06-16 13:38:23,674 [INFO] ======================================================================
2026-06-16 13:38:23,674 [INFO] [LOOP] Cycle #17 | 2026-06-16 13:38:23
2026-06-16 13:38:23,674 [INFO] [MONITOR] Evaluating 14 open positions…
2026-06-16 13:38:23,799 [INFO] [DATA] TRXUSDT | now=0.3179 | entry=0.3180 | PnL=-0.03%
2026-06-16 13:38:23,911 [INFO] [DATA] XRPUSDT | now=1.2342 | entry=1.2284 | PnL=+0.47%
2026-06-16 13:38:24,034 [INFO] [DATA] ADAUSDT | now=0.1784 | entry=0.1778 | PnL=+0.34%
2026-06-16 13:38:24,166 [INFO] [DATA] XLMUSDT | now=0.2163 | entry=0.2156 | PnL=+0.32%
2026-06-16 13:38:24,292 [INFO] [DATA] SOLUSDT | now=74.5800 | entry=73.9000 | PnL=+0.92%
2026-06-16 13:38:24,411 [INFO] [DATA] NEARUSDT | now=2.4550 | entry=2.4410 | PnL=+0.57%
2026-06-16 13:38:24,538 [INFO] [DATA] WLDUSDT | now=0.6396 | entry=0.5884 | PnL=+8.70%
2026-06-16 13:38:24,659 [INFO] [DATA] TAOUSDT | now=268.2000 | entry=263.1000 | PnL=+1.94%
2026-06-16 13:38:24,795 [INFO] [DATA] OPGUSDT | now=0.1642 | entry=0.1597 | PnL=+2.82%
2026-06-16 13:38:24,903 [INFO] [DATA] ZECUSDT | now=525.8800 | entry=525.0000 | PnL=+0.17%
2026-06-16 13:38:25,034 [INFO] [DATA] SUIUSDT | now=0.7920 | entry=0.7862 | PnL=+0.74%
2026-06-16 13:38:25,146 [INFO] [DATA] BABYUSDT | now=0.0175 | entry=0.0177 | PnL=-1.07%
2026-06-16 13:38:25,323 [INFO] [DATA] SPCXBUSDT | now=212.9200 | entry=215.0000 | PnL=-0.97%
2026-06-16 13:38:25,444 [INFO] [DATA] JTOUSDT | now=0.7181 | entry=0.7581 | PnL=-5.28%
2026-06-16 13:38:25,444 [INFO] [INVENTORY] 14/10 slots used — -4 vacant.
2026-06-16 13:38:25,444 [INFO] [STANDBY] Maximum capacity reached.
2026-06-16 13:38:25,444 [INFO] [SLEEP] Sleeping for 120s…
2026-06-16 13:40:25,449 [INFO] ======================================================================
2026-06-16 13:40:25,449 [INFO] [LOOP] Cycle #18 | 2026-06-16 13:40:25
2026-06-16 13:40:25,449 [INFO] [MONITOR] Evaluating 14 open positions…
2026-06-16 13:40:25,568 [INFO] [DATA] TRXUSDT | now=0.3180 | entry=0.3180 | PnL=+0.00%
2026-06-16 13:40:25,686 [INFO] [DATA] XRPUSDT | now=1.2374 | entry=1.2284 | PnL=+0.73%
2026-06-16 13:40:25,820 [INFO] [DATA] ADAUSDT | now=0.1790 | entry=0.1778 | PnL=+0.67%
2026-06-16 13:40:25,958 [INFO] [DATA] XLMUSDT | now=0.2168 | entry=0.2156 | PnL=+0.56%
2026-06-16 13:40:26,077 [INFO] [DATA] SOLUSDT | now=74.6900 | entry=73.9000 | PnL=+1.07%
2026-06-16 13:40:26,207 [INFO] [DATA] NEARUSDT | now=2.4620 | entry=2.4410 | PnL=+0.86%
2026-06-16 13:40:26,324 [INFO] [DATA] WLDUSDT | now=0.6446 | entry=0.5884 | PnL=+9.55%
2026-06-16 13:40:26,446 [INFO] [DATA] TAOUSDT | now=268.5000 | entry=263.1000 | PnL=+2.05%
2026-06-16 13:40:26,568 [INFO] [DATA] OPGUSDT | now=0.1647 | entry=0.1597 | PnL=+3.13%
2026-06-16 13:40:26,696 [INFO] [DATA] ZECUSDT | now=526.2100 | entry=525.0000 | PnL=+0.23%
2026-06-16 13:40:26,810 [INFO] [DATA] SUIUSDT | now=0.7932 | entry=0.7862 | PnL=+0.89%
2026-06-16 13:40:26,932 [INFO] [DATA] BABYUSDT | now=0.0176 | entry=0.0177 | PnL=-0.51%
2026-06-16 13:40:27,057 [INFO] [DATA] SPCXBUSDT | now=212.7200 | entry=215.0000 | PnL=-1.06%
2026-06-16 13:40:27,243 [INFO] [DATA] JTOUSDT | now=0.7244 | entry=0.7581 | PnL=-4.45%
2026-06-16 13:40:27,243 [INFO] [INVENTORY] 14/10 slots used — -4 vacant.
2026-06-16 13:40:27,243 [INFO] [STANDBY] Maximum capacity reached.
2026-06-16 13:40:27,244 [INFO] [SLEEP] Sleeping for 120s…
2026-06-16 13:42:27,245 [INFO] ======================================================================
2026-06-16 13:42:27,245 [INFO] [LOOP] Cycle #19 | 2026-06-16 13:42:27
2026-06-16 13:42:27,245 [INFO] [MONITOR] Evaluating 14 open positions…
2026-06-16 13:42:27,374 [INFO] [DATA] TRXUSDT | now=0.3180 | entry=0.3180 | PnL=+0.00%
2026-06-16 13:42:27,492 [INFO] [DATA] XRPUSDT | now=1.2373 | entry=1.2284 | PnL=+0.72%
2026-06-16 13:42:27,601 [INFO] [DATA] ADAUSDT | now=0.1791 | entry=0.1778 | PnL=+0.73%
2026-06-16 13:42:27,725 [INFO] [DATA] XLMUSDT | now=0.2179 | entry=0.2156 | PnL=+1.07%
2026-06-16 13:42:27,845 [INFO] [DATA] SOLUSDT | now=74.7200 | entry=73.9000 | PnL=+1.11%
2026-06-16 13:42:27,969 [INFO] [DATA] NEARUSDT | now=2.4570 | entry=2.4410 | PnL=+0.66%
2026-06-16 13:42:28,100 [INFO] [DATA] WLDUSDT | now=0.6405 | entry=0.5884 | PnL=+8.85%
2026-06-16 13:42:28,423 [INFO] [DATA] TAOUSDT | now=268.4000 | entry=263.1000 | PnL=+2.01%
2026-06-16 13:42:28,539 [INFO] [DATA] OPGUSDT | now=0.1654 | entry=0.1597 | PnL=+3.57%
2026-06-16 13:42:28,657 [INFO] [DATA] ZECUSDT | now=525.6600 | entry=525.0000 | PnL=+0.13%
2026-06-16 13:42:28,778 [INFO] [DATA] SUIUSDT | now=0.7939 | entry=0.7862 | PnL=+0.98%
2026-06-16 13:42:28,903 [INFO] [DATA] BABYUSDT | now=0.0175 | entry=0.0177 | PnL=-0.79%
2026-06-16 13:42:29,032 [INFO] [DATA] SPCXBUSDT | now=213.1700 | entry=215.0000 | PnL=-0.85%
2026-06-16 13:42:29,153 [INFO] [DATA] JTOUSDT | now=0.7263 | entry=0.7581 | PnL=-4.19%
2026-06-16 13:42:29,153 [INFO] [INVENTORY] 14/10 slots used — -4 vacant.
2026-06-16 13:42:29,154 [INFO] [STANDBY] Maximum capacity reached.
2026-06-16 13:42:29,154 [INFO] [SLEEP] Sleeping for 120s…
2026-06-16 13:44:29,155 [INFO] ======================================================================
2026-06-16 13:44:29,155 [INFO] [LOOP] Cycle #20 | 2026-06-16 13:44:29
2026-06-16 13:44:29,155 [INFO] [MONITOR] Evaluating 14 open positions…
2026-06-16 13:44:29,277 [INFO] [DATA] TRXUSDT | now=0.3179 | entry=0.3180 | PnL=-0.03%
2026-06-16 13:44:29,391 [INFO] [DATA] XRPUSDT | now=1.2382 | entry=1.2284 | PnL=+0.80%
2026-06-16 13:44:29,522 [INFO] [DATA] ADAUSDT | now=0.1793 | entry=0.1778 | PnL=+0.84%
2026-06-16 13:44:29,633 [INFO] [DATA] XLMUSDT | now=0.2185 | entry=0.2156 | PnL=+1.35%
2026-06-16 13:44:29,755 [INFO] [DATA] SOLUSDT | now=74.7800 | entry=73.9000 | PnL=+1.19%
2026-06-16 13:44:29,891 [INFO] [DATA] NEARUSDT | now=2.4540 | entry=2.4410 | PnL=+0.53%
2026-06-16 13:44:30,011 [INFO] [DATA] WLDUSDT | now=0.6379 | entry=0.5884 | PnL=+8.41%
2026-06-16 13:44:30,126 [INFO] [DATA] TAOUSDT | now=268.0000 | entry=263.1000 | PnL=+1.86%
2026-06-16 13:44:30,242 [INFO] [DATA] OPGUSDT | now=0.1662 | entry=0.1597 | PnL=+4.07%
2026-06-16 13:44:30,376 [INFO] [DATA] ZECUSDT | now=525.7900 | entry=525.0000 | PnL=+0.15%
2026-06-16 13:44:30,502 [INFO] [DATA] SUIUSDT | now=0.8005 | entry=0.7862 | PnL=+1.82%
2026-06-16 13:44:30,612 [INFO] [DATA] BABYUSDT | now=0.0176 | entry=0.0177 | PnL=-0.62%
2026-06-16 13:44:30,748 [INFO] [DATA] SPCXBUSDT | now=211.9000 | entry=215.0000 | PnL=-1.44%
2026-06-16 13:44:30,854 [INFO] [DATA] JTOUSDT | now=0.7295 | entry=0.7581 | PnL=-3.77%
2026-06-16 13:44:30,869 [INFO] [INVENTORY] 14/10 slots used — -4 vacant.
2026-06-16 13:44:30,869 [INFO] [STANDBY] Maximum capacity reached.
2026-06-16 13:44:30,869 [INFO] [SLEEP] Sleeping for 120s…
2026-06-16 13:46:30,870 [INFO] ======================================================================
2026-06-16 13:46:30,870 [INFO] [LOOP] Cycle #21 | 2026-06-16 13:46:30
2026-06-16 13:46:30,870 [INFO] [MONITOR] Evaluating 14 open positions…
2026-06-16 13:46:30,995 [INFO] [DATA] TRXUSDT | now=0.3178 | entry=0.3180 | PnL=-0.06%
2026-06-16 13:46:31,104 [INFO] [DATA] XRPUSDT | now=1.2409 | entry=1.2284 | PnL=+1.02%
2026-06-16 13:46:31,228 [INFO] [DATA] ADAUSDT | now=0.1797 | entry=0.1778 | PnL=+1.07%
2026-06-16 13:46:31,357 [INFO] [DATA] XLMUSDT | now=0.2191 | entry=0.2156 | PnL=+1.62%
2026-06-16 13:46:31,477 [INFO] [DATA] SOLUSDT | now=74.9500 | entry=73.9000 | PnL=+1.42%
2026-06-16 13:46:31,588 [INFO] [DATA] NEARUSDT | now=2.4620 | entry=2.4410 | PnL=+0.86%
2026-06-16 13:46:31,708 [INFO] [DATA] WLDUSDT | now=0.6363 | entry=0.5884 | PnL=+8.14%
2026-06-16 13:46:31,824 [INFO] [DATA] TAOUSDT | now=267.4000 | entry=263.1000 | PnL=+1.63%
2026-06-16 13:46:31,944 [INFO] [DATA] OPGUSDT | now=0.1655 | entry=0.1597 | PnL=+3.63%
2026-06-16 13:46:32,066 [INFO] [DATA] ZECUSDT | now=527.4700 | entry=525.0000 | PnL=+0.47%
2026-06-16 13:46:32,184 [INFO] [DATA] SUIUSDT | now=0.8032 | entry=0.7862 | PnL=+2.16%
2026-06-16 13:46:32,304 [INFO] [DATA] BABYUSDT | now=0.0176 | entry=0.0177 | PnL=-0.28%
2026-06-16 13:46:32,427 [INFO] [DATA] SPCXBUSDT | now=210.1400 | entry=215.0000 | PnL=-2.26%
2026-06-16 13:46:32,547 [INFO] [DATA] JTOUSDT | now=0.7321 | entry=0.7581 | PnL=-3.43%
2026-06-16 13:46:32,547 [INFO] [INVENTORY] 14/10 slots used — -4 vacant.
2026-06-16 13:46:32,547 [INFO] [STANDBY] Maximum capacity reached.
2026-06-16 13:46:32,547 [INFO] [SLEEP] Sleeping for 120s…
2026-06-16 13:48:32,558 [INFO] ======================================================================
2026-06-16 13:48:32,558 [INFO] [LOOP] Cycle #22 | 2026-06-16 13:48:32
2026-06-16 13:48:32,558 [INFO] [MONITOR] Evaluating 14 open positions…
2026-06-16 13:48:32,680 [INFO] [DATA] TRXUSDT | now=0.3178 | entry=0.3180 | PnL=-0.06%
2026-06-16 13:48:32,820 [INFO] [DATA] XRPUSDT | now=1.2409 | entry=1.2284 | PnL=+1.02%
2026-06-16 13:48:32,938 [INFO] [DATA] ADAUSDT | now=0.1797 | entry=0.1778 | PnL=+1.07%
2026-06-16 13:48:33,057 [INFO] [DATA] XLMUSDT | now=0.2189 | entry=0.2156 | PnL=+1.53%
2026-06-16 13:48:33,176 [INFO] [DATA] SOLUSDT | now=74.8100 | entry=73.9000 | PnL=+1.23%
2026-06-16 13:48:33,301 [INFO] [DATA] NEARUSDT | now=2.4550 | entry=2.4410 | PnL=+0.57%
2026-06-16 13:48:33,420 [INFO] [DATA] WLDUSDT | now=0.6388 | entry=0.5884 | PnL=+8.57%
2026-06-16 13:48:33,543 [INFO] [DATA] TAOUSDT | now=267.2000 | entry=263.1000 | PnL=+1.56%
2026-06-16 13:48:33,657 [INFO] [DATA] OPGUSDT | now=0.1656 | entry=0.1597 | PnL=+3.69%
2026-06-16 13:48:33,787 [INFO] [DATA] ZECUSDT | now=525.5700 | entry=525.0000 | PnL=+0.11%
2026-06-16 13:48:33,955 [INFO] [DATA] SUIUSDT | now=0.7991 | entry=0.7862 | PnL=+1.64%
2026-06-16 13:48:34,070 [INFO] [DATA] BABYUSDT | now=0.0176 | entry=0.0177 | PnL=-0.57%
2026-06-16 13:48:34,193 [INFO] [DATA] SPCXBUSDT | now=210.6100 | entry=215.0000 | PnL=-2.04%
2026-06-16 13:48:34,320 [INFO] [DATA] JTOUSDT | now=0.7337 | entry=0.7581 | PnL=-3.22%
2026-06-16 13:48:34,321 [INFO] [INVENTORY] 14/10 slots used — -4 vacant.
2026-06-16 13:48:34,321 [INFO] [STANDBY] Maximum capacity reached.
2026-06-16 13:48:34,321 [INFO] [SLEEP] Sleeping for 120s…
2026-06-16 13:50:34,322 [INFO] ======================================================================
2026-06-16 13:50:34,322 [INFO] [LOOP] Cycle #23 | 2026-06-16 13:50:34
2026-06-16 13:50:34,322 [INFO] [MONITOR] Evaluating 14 open positions…
2026-06-16 13:50:34,443 [INFO] [DATA] TRXUSDT | now=0.3176 | entry=0.3180 | PnL=-0.13%
2026-06-16 13:50:34,559 [INFO] [DATA] XRPUSDT | now=1.2388 | entry=1.2284 | PnL=+0.85%
2026-06-16 13:50:34,679 [INFO] [DATA] ADAUSDT | now=0.1793 | entry=0.1778 | PnL=+0.84%
2026-06-16 13:50:34,801 [INFO] [DATA] XLMUSDT | now=0.2189 | entry=0.2156 | PnL=+1.53%
2026-06-16 13:50:34,920 [INFO] [DATA] SOLUSDT | now=74.6800 | entry=73.9000 | PnL=+1.06%
2026-06-16 13:50:35,041 [INFO] [DATA] NEARUSDT | now=2.4650 | entry=2.4410 | PnL=+0.98%
2026-06-16 13:50:35,165 [INFO] [DATA] WLDUSDT | now=0.6392 | entry=0.5884 | PnL=+8.63%
2026-06-16 13:50:35,279 [INFO] [DATA] TAOUSDT | now=267.1000 | entry=263.1000 | PnL=+1.52%
2026-06-16 13:50:35,392 [INFO] [DATA] OPGUSDT | now=0.1633 | entry=0.1597 | PnL=+2.25%
2026-06-16 13:50:35,522 [INFO] [DATA] ZECUSDT | now=525.4000 | entry=525.0000 | PnL=+0.08%
2026-06-16 13:50:35,634 [INFO] [DATA] SUIUSDT | now=0.7999 | entry=0.7862 | PnL=+1.74%
2026-06-16 13:50:35,762 [INFO] [DATA] BABYUSDT | now=0.0176 | entry=0.0177 | PnL=-0.40%
2026-06-16 13:50:35,878 [INFO] [DATA] SPCXBUSDT | now=210.4400 | entry=215.0000 | PnL=-2.12%
2026-06-16 13:50:36,012 [INFO] [DATA] JTOUSDT | now=0.7370 | entry=0.7581 | PnL=-2.78%
2026-06-16 13:50:36,012 [INFO] [INVENTORY] 14/10 slots used — -4 vacant.
2026-06-16 13:50:36,013 [INFO] [STANDBY] Maximum capacity reached.
2026-06-16 13:50:36,013 [INFO] [SLEEP] Sleeping for 120s…
2026-06-16 13:52:36,014 [INFO] ======================================================================
2026-06-16 13:52:36,014 [INFO] [LOOP] Cycle #24 | 2026-06-16 13:52:36
2026-06-16 13:52:36,014 [INFO] [MONITOR] Evaluating 14 open positions…
2026-06-16 13:52:36,134 [INFO] [DATA] TRXUSDT | now=0.3176 | entry=0.3180 | PnL=-0.13%
2026-06-16 13:52:36,250 [INFO] [DATA] XRPUSDT | now=1.2378 | entry=1.2284 | PnL=+0.77%
2026-06-16 13:52:36,367 [INFO] [DATA] ADAUSDT | now=0.1791 | entry=0.1778 | PnL=+0.73%
2026-06-16 13:52:36,493 [INFO] [DATA] XLMUSDT | now=0.2186 | entry=0.2156 | PnL=+1.39%
2026-06-16 13:52:36,607 [INFO] [DATA] SOLUSDT | now=74.6100 | entry=73.9000 | PnL=+0.96%
2026-06-16 13:52:36,725 [INFO] [DATA] NEARUSDT | now=2.4700 | entry=2.4410 | PnL=+1.19%
2026-06-16 13:52:36,848 [INFO] [DATA] WLDUSDT | now=0.6379 | entry=0.5884 | PnL=+8.41%
2026-06-16 13:52:36,963 [INFO] [DATA] TAOUSDT | now=266.8000 | entry=263.1000 | PnL=+1.41%
2026-06-16 13:52:37,095 [INFO] [DATA] OPGUSDT | now=0.1616 | entry=0.1597 | PnL=+1.19%
2026-06-16 13:52:37,207 [INFO] [DATA] ZECUSDT | now=525.2200 | entry=525.0000 | PnL=+0.04%
2026-06-16 13:52:37,327 [INFO] [DATA] SUIUSDT | now=0.7991 | entry=0.7862 | PnL=+1.64%
2026-06-16 13:52:37,444 [INFO] [DATA] BABYUSDT | now=0.0175 | entry=0.0177 | PnL=-0.96%
2026-06-16 13:52:37,572 [INFO] [DATA] SPCXBUSDT | now=209.4600 | entry=215.0000 | PnL=-2.58%
2026-06-16 13:52:37,685 [INFO] [DATA] JTOUSDT | now=0.7404 | entry=0.7581 | PnL=-2.33%
2026-06-16 13:52:37,685 [INFO] [INVENTORY] 14/10 slots used — -4 vacant.
2026-06-16 13:52:37,685 [INFO] [STANDBY] Maximum capacity reached.
2026-06-16 13:52:37,685 [INFO] [SLEEP] Sleeping for 120s…
2026-06-16 13:54:37,693 [INFO] ======================================================================
2026-06-16 13:54:37,693 [INFO] [LOOP] Cycle #25 | 2026-06-16 13:54:37
2026-06-16 13:54:37,693 [INFO] [MONITOR] Evaluating 14 open positions…
2026-06-16 13:54:37,811 [INFO] [DATA] TRXUSDT | now=0.3178 | entry=0.3180 | PnL=-0.06%
2026-06-16 13:54:37,916 [INFO] [DATA] XRPUSDT | now=1.2386 | entry=1.2284 | PnL=+0.83%
2026-06-16 13:54:38,047 [INFO] [DATA] ADAUSDT | now=0.1791 | entry=0.1778 | PnL=+0.73%
2026-06-16 13:54:38,155 [INFO] [DATA] XLMUSDT | now=0.2196 | entry=0.2156 | PnL=+1.86%
2026-06-16 13:54:38,275 [INFO] [DATA] SOLUSDT | now=74.6700 | entry=73.9000 | PnL=+1.04%
2026-06-16 13:54:38,406 [INFO] [DATA] NEARUSDT | now=2.4710 | entry=2.4410 | PnL=+1.23%
2026-06-16 13:54:38,527 [INFO] [DATA] WLDUSDT | now=0.6342 | entry=0.5884 | PnL=+7.78%
2026-06-16 13:54:38,643 [INFO] [DATA] TAOUSDT | now=265.9000 | entry=263.1000 | PnL=+1.06%
2026-06-16 13:54:38,760 [INFO] [DATA] OPGUSDT | now=0.1621 | entry=0.1597 | PnL=+1.50%
2026-06-16 13:54:38,887 [INFO] [DATA] ZECUSDT | now=525.1200 | entry=525.0000 | PnL=+0.02%
2026-06-16 13:54:39,011 [INFO] [DATA] SUIUSDT | now=0.7992 | entry=0.7862 | PnL=+1.65%
2026-06-16 13:54:39,127 [INFO] [DATA] BABYUSDT | now=0.0175 | entry=0.0177 | PnL=-1.24%
2026-06-16 13:54:39,245 [INFO] [DATA] SPCXBUSDT | now=209.4800 | entry=215.0000 | PnL=-2.57%
2026-06-16 13:54:39,366 [INFO] [DATA] JTOUSDT | now=0.7328 | entry=0.7581 | PnL=-3.34%
2026-06-16 13:54:39,366 [INFO] [INVENTORY] 14/10 slots used — -4 vacant.
2026-06-16 13:54:39,366 [INFO] [STANDBY] Maximum capacity reached.
2026-06-16 13:54:39,366 [INFO] [SLEEP] Sleeping for 120s…
2026-06-16 13:56:39,373 [INFO] ======================================================================
2026-06-16 13:56:39,373 [INFO] [LOOP] Cycle #26 | 2026-06-16 13:56:39
2026-06-16 13:56:39,373 [INFO] [MONITOR] Evaluating 14 open positions…
2026-06-16 13:56:39,497 [INFO] [DATA] TRXUSDT | now=0.3179 | entry=0.3180 | PnL=-0.03%
2026-06-16 13:56:39,609 [INFO] [DATA] XRPUSDT | now=1.2408 | entry=1.2284 | PnL=+1.01%
2026-06-16 13:56:39,743 [INFO] [DATA] ADAUSDT | now=0.1793 | entry=0.1778 | PnL=+0.84%
2026-06-16 13:56:39,878 [INFO] [DATA] XLMUSDT | now=0.2208 | entry=0.2156 | PnL=+2.41%
2026-06-16 13:56:39,997 [INFO] [DATA] SOLUSDT | now=74.7400 | entry=73.9000 | PnL=+1.14%
2026-06-16 13:56:40,112 [INFO] [DATA] NEARUSDT | now=2.4750 | entry=2.4410 | PnL=+1.39%
2026-06-16 13:56:40,230 [INFO] [DATA] WLDUSDT | now=0.6445 | entry=0.5884 | PnL=+9.53%
2026-06-16 13:56:40,365 [INFO] [DATA] TAOUSDT | now=266.6000 | entry=263.1000 | PnL=+1.33%
2026-06-16 13:56:40,486 [INFO] [DATA] OPGUSDT | now=0.1630 | entry=0.1597 | PnL=+2.07%
2026-06-16 13:56:40,594 [INFO] [DATA] ZECUSDT | now=524.9300 | entry=525.0000 | PnL=-0.01%
2026-06-16 13:56:40,731 [INFO] [DATA] SUIUSDT | now=0.8008 | entry=0.7862 | PnL=+1.86%
2026-06-16 13:56:40,852 [INFO] [DATA] BABYUSDT | now=0.0176 | entry=0.0177 | PnL=-0.68%
2026-06-16 13:56:40,968 [INFO] [DATA] SPCXBUSDT | now=209.6200 | entry=215.0000 | PnL=-2.50%
2026-06-16 13:56:41,094 [INFO] [DATA] JTOUSDT | now=0.7332 | entry=0.7581 | PnL=-3.28%
2026-06-16 13:56:41,094 [INFO] [INVENTORY] 14/10 slots used — -4 vacant.
2026-06-16 13:56:41,094 [INFO] [STANDBY] Maximum capacity reached.
2026-06-16 13:56:41,094 [INFO] [SLEEP] Sleeping for 120s…
2026-06-16 13:58:41,099 [INFO] ======================================================================
2026-06-16 13:58:41,099 [INFO] [LOOP] Cycle #27 | 2026-06-16 13:58:41
2026-06-16 13:58:41,099 [INFO] [MONITOR] Evaluating 14 open positions…
2026-06-16 13:58:41,217 [INFO] [DATA] TRXUSDT | now=0.3179 | entry=0.3180 | PnL=-0.03%
2026-06-16 13:58:41,337 [INFO] [DATA] XRPUSDT | now=1.2408 | entry=1.2284 | PnL=+1.01%
2026-06-16 13:58:41,449 [INFO] [DATA] ADAUSDT | now=0.1796 | entry=0.1778 | PnL=+1.01%
2026-06-16 13:58:41,586 [INFO] [DATA] XLMUSDT | now=0.2208 | entry=0.2156 | PnL=+2.41%
2026-06-16 13:58:41,709 [INFO] [DATA] SOLUSDT | now=74.7800 | entry=73.9000 | PnL=+1.19%
2026-06-16 13:58:41,822 [INFO] [DATA] NEARUSDT | now=2.4770 | entry=2.4410 | PnL=+1.47%
2026-06-16 13:58:41,944 [INFO] [DATA] WLDUSDT | now=0.6467 | entry=0.5884 | PnL=+9.91%
2026-06-16 13:58:42,066 [INFO] [DATA] TAOUSDT | now=266.9000 | entry=263.1000 | PnL=+1.44%
2026-06-16 13:58:42,200 [INFO] [DATA] OPGUSDT | now=0.1625 | entry=0.1597 | PnL=+1.75%
2026-06-16 13:58:42,320 [INFO] [DATA] ZECUSDT | now=524.6200 | entry=525.0000 | PnL=-0.07%
2026-06-16 13:58:42,440 [INFO] [DATA] SUIUSDT | now=0.8013 | entry=0.7862 | PnL=+1.92%
2026-06-16 13:58:42,547 [INFO] [DATA] BABYUSDT | now=0.0175 | entry=0.0177 | PnL=-1.02%
2026-06-16 13:58:42,668 [INFO] [DATA] SPCXBUSDT | now=209.3800 | entry=215.0000 | PnL=-2.61%
2026-06-16 13:58:42,793 [INFO] [DATA] JTOUSDT | now=0.7342 | entry=0.7581 | PnL=-3.15%
2026-06-16 13:58:42,793 [INFO] [INVENTORY] 14/10 slots used — -4 vacant.
2026-06-16 13:58:42,793 [INFO] [STANDBY] Maximum capacity reached.
2026-06-16 13:58:42,793 [INFO] [SLEEP] Sleeping for 120s…
2026-06-16 14:00:42,801 [INFO] ======================================================================
2026-06-16 14:00:42,801 [INFO] [LOOP] Cycle #28 | 2026-06-16 14:00:42
2026-06-16 14:00:42,801 [INFO] [MONITOR] Evaluating 14 open positions…
2026-06-16 14:00:42,924 [INFO] [DATA] TRXUSDT | now=0.3179 | entry=0.3180 | PnL=-0.03%
2026-06-16 14:00:43,043 [INFO] [DATA] XRPUSDT | now=1.2402 | entry=1.2284 | PnL=+0.96%
2026-06-16 14:00:43,158 [INFO] [DATA] ADAUSDT | now=0.1796 | entry=0.1778 | PnL=+1.01%
2026-06-16 14:00:43,274 [INFO] [DATA] XLMUSDT | now=0.2198 | entry=0.2156 | PnL=+1.95%
2026-06-16 14:00:43,398 [INFO] [DATA] SOLUSDT | now=74.8100 | entry=73.9000 | PnL=+1.23%
2026-06-16 14:00:43,529 [INFO] [DATA] NEARUSDT | now=2.4750 | entry=2.4410 | PnL=+1.39%
2026-06-16 14:00:43,641 [INFO] [DATA] WLDUSDT | now=0.6480 | entry=0.5884 | PnL=+10.13%
2026-06-16 14:00:43,760 [INFO] [DATA] TAOUSDT | now=268.1000 | entry=263.1000 | PnL=+1.90%
2026-06-16 14:00:43,883 [INFO] [DATA] OPGUSDT | now=0.1622 | entry=0.1597 | PnL=+1.57%
2026-06-16 14:00:44,011 [INFO] [DATA] ZECUSDT | now=526.0600 | entry=525.0000 | PnL=+0.20%
2026-06-16 14:00:44,133 [INFO] [DATA] SUIUSDT | now=0.8017 | entry=0.7862 | PnL=+1.97%
2026-06-16 14:00:44,246 [INFO] [DATA] BABYUSDT | now=0.0175 | entry=0.0177 | PnL=-1.24%
2026-06-16 14:00:44,365 [INFO] [DATA] SPCXBUSDT | now=209.6800 | entry=215.0000 | PnL=-2.47%
2026-06-16 14:00:44,495 [INFO] [DATA] JTOUSDT | now=0.7314 | entry=0.7581 | PnL=-3.52%
2026-06-16 14:00:44,495 [INFO] [INVENTORY] 14/10 slots used — -4 vacant.
2026-06-16 14:00:44,495 [INFO] [STANDBY] Maximum capacity reached.
2026-06-16 14:00:44,496 [INFO] [SLEEP] Sleeping for 120s…
2026-06-16 14:02:44,496 [INFO] ======================================================================
2026-06-16 14:02:44,497 [INFO] [LOOP] Cycle #29 | 2026-06-16 14:02:44
2026-06-16 14:02:44,497 [INFO] [MONITOR] Evaluating 14 open positions…
2026-06-16 14:02:44,620 [INFO] [DATA] TRXUSDT | now=0.3177 | entry=0.3180 | PnL=-0.09%
2026-06-16 14:02:44,735 [INFO] [DATA] XRPUSDT | now=1.2400 | entry=1.2284 | PnL=+0.94%
2026-06-16 14:02:44,850 [INFO] [DATA] ADAUSDT | now=0.1791 | entry=0.1778 | PnL=+0.73%
2026-06-16 14:02:44,975 [INFO] [DATA] XLMUSDT | now=0.2194 | entry=0.2156 | PnL=+1.76%
2026-06-16 14:02:45,091 [INFO] [DATA] SOLUSDT | now=74.8400 | entry=73.9000 | PnL=+1.27%
2026-06-16 14:02:45,209 [INFO] [DATA] NEARUSDT | now=2.4760 | entry=2.4410 | PnL=+1.43%
2026-06-16 14:02:45,326 [INFO] [DATA] WLDUSDT | now=0.6473 | entry=0.5884 | PnL=+10.01%
2026-06-16 14:02:45,447 [INFO] [DATA] TAOUSDT | now=268.0000 | entry=263.1000 | PnL=+1.86%
2026-06-16 14:02:45,562 [INFO] [DATA] OPGUSDT | now=0.1620 | entry=0.1597 | PnL=+1.44%
2026-06-16 14:02:45,691 [INFO] [DATA] ZECUSDT | now=526.8300 | entry=525.0000 | PnL=+0.35%
2026-06-16 14:02:45,811 [INFO] [DATA] SUIUSDT | now=0.8004 | entry=0.7862 | PnL=+1.81%
2026-06-16 14:02:45,930 [INFO] [DATA] BABYUSDT | now=0.0175 | entry=0.0177 | PnL=-1.13%
2026-06-16 14:02:46,084 [INFO] [DATA] SPCXBUSDT | now=209.7100 | entry=215.0000 | PnL=-2.46%
2026-06-16 14:02:46,201 [INFO] [DATA] JTOUSDT | now=0.7316 | entry=0.7581 | PnL=-3.50%
2026-06-16 14:02:46,201 [INFO] [INVENTORY] 14/10 slots used — -4 vacant.
2026-06-16 14:02:46,201 [INFO] [STANDBY] Maximum capacity reached.
2026-06-16 14:02:46,201 [INFO] [SLEEP] Sleeping for 120s…
2026-06-16 14:04:46,211 [INFO] ======================================================================
2026-06-16 14:04:46,211 [INFO] [LOOP] Cycle #30 | 2026-06-16 14:04:46
2026-06-16 14:04:46,211 [INFO] [MONITOR] Evaluating 14 open positions…
2026-06-16 14:04:46,335 [INFO] [DATA] TRXUSDT | now=0.3178 | entry=0.3180 | PnL=-0.06%
2026-06-16 14:04:46,446 [INFO] [DATA] XRPUSDT | now=1.2408 | entry=1.2284 | PnL=+1.01%
2026-06-16 14:04:46,564 [INFO] [DATA] ADAUSDT | now=0.1791 | entry=0.1778 | PnL=+0.73%
2026-06-16 14:04:46,684 [INFO] [DATA] XLMUSDT | now=0.2202 | entry=0.2156 | PnL=+2.13%
2026-06-16 14:04:46,805 [INFO] [DATA] SOLUSDT | now=74.9300 | entry=73.9000 | PnL=+1.39%
2026-06-16 14:04:46,922 [INFO] [DATA] NEARUSDT | now=2.4740 | entry=2.4410 | PnL=+1.35%
2026-06-16 14:04:47,048 [INFO] [DATA] WLDUSDT | now=0.6484 | entry=0.5884 | PnL=+10.20%
2026-06-16 14:04:47,167 [INFO] [DATA] TAOUSDT | now=268.0000 | entry=263.1000 | PnL=+1.86%
2026-06-16 14:04:47,284 [INFO] [DATA] OPGUSDT | now=0.1616 | entry=0.1597 | PnL=+1.19%
2026-06-16 14:04:47,416 [INFO] [DATA] ZECUSDT | now=527.2400 | entry=525.0000 | PnL=+0.43%
2026-06-16 14:04:47,548 [INFO] [DATA] SUIUSDT | now=0.8010 | entry=0.7862 | PnL=+1.88%
2026-06-16 14:04:47,669 [INFO] [DATA] BABYUSDT | now=0.0174 | entry=0.0177 | PnL=-1.64%
2026-06-16 14:04:47,790 [INFO] [DATA] SPCXBUSDT | now=208.9200 | entry=215.0000 | PnL=-2.83%
2026-06-16 14:04:47,923 [INFO] [DATA] JTOUSDT | now=0.7319 | entry=0.7581 | PnL=-3.46%
2026-06-16 14:04:47,924 [INFO] [INVENTORY] 14/10 slots used — -4 vacant.
2026-06-16 14:04:47,924 [INFO] [STANDBY] Maximum capacity reached.
2026-06-16 14:04:47,924 [INFO] [SLEEP] Sleeping for 120s…
2026-06-16 14:06:47,924 [INFO] ======================================================================
2026-06-16 14:06:47,924 [INFO] [LOOP] Cycle #31 | 2026-06-16 14:06:47
2026-06-16 14:06:47,924 [INFO] [MONITOR] Evaluating 14 open positions…
2026-06-16 14:06:48,087 [INFO] [DATA] TRXUSDT | now=0.3178 | entry=0.3180 | PnL=-0.06%
2026-06-16 14:06:48,324 [INFO] [DATA] XRPUSDT | now=1.2404 | entry=1.2284 | PnL=+0.98%
2026-06-16 14:06:48,455 [INFO] [DATA] ADAUSDT | now=0.1792 | entry=0.1778 | PnL=+0.79%
2026-06-16 14:06:48,567 [INFO] [DATA] XLMUSDT | now=0.2207 | entry=0.2156 | PnL=+2.37%
2026-06-16 14:06:48,706 [INFO] [DATA] SOLUSDT | now=74.8800 | entry=73.9000 | PnL=+1.33%
2026-06-16 14:06:48,868 [INFO] [DATA] NEARUSDT | now=2.4710 | entry=2.4410 | PnL=+1.23%
2026-06-16 14:06:49,042 [INFO] [DATA] WLDUSDT | now=0.6486 | entry=0.5884 | PnL=+10.23%
2026-06-16 14:06:49,175 [INFO] [DATA] TAOUSDT | now=268.5000 | entry=263.1000 | PnL=+2.05%
2026-06-16 14:06:49,295 [INFO] [DATA] OPGUSDT | now=0.1627 | entry=0.1597 | PnL=+1.88%
2026-06-16 14:06:49,411 [INFO] [DATA] ZECUSDT | now=526.7200 | entry=525.0000 | PnL=+0.33%
2026-06-16 14:06:49,527 [INFO] [DATA] SUIUSDT | now=0.8021 | entry=0.7862 | PnL=+2.02%
2026-06-16 14:06:49,663 [INFO] [DATA] BABYUSDT | now=0.0175 | entry=0.0177 | PnL=-1.13%
2026-06-16 14:06:49,817 [INFO] [DATA] SPCXBUSDT | now=208.9700 | entry=215.0000 | PnL=-2.80%
2026-06-16 14:06:49,941 [INFO] [DATA] JTOUSDT | now=0.7362 | entry=0.7581 | PnL=-2.89%
2026-06-16 14:06:49,941 [INFO] [INVENTORY] 14/10 slots used — -4 vacant.
2026-06-16 14:06:49,941 [INFO] [STANDBY] Maximum capacity reached.
2026-06-16 14:06:49,941 [INFO] [SLEEP] Sleeping for 120s…
2026-06-16 14:08:49,949 [INFO] ======================================================================
2026-06-16 14:08:49,949 [INFO] [LOOP] Cycle #32 | 2026-06-16 14:08:49
2026-06-16 14:08:49,949 [INFO] [MONITOR] Evaluating 14 open positions…
2026-06-16 14:08:50,081 [INFO] [DATA] TRXUSDT | now=0.3177 | entry=0.3180 | PnL=-0.09%
2026-06-16 14:08:50,202 [INFO] [DATA] XRPUSDT | now=1.2410 | entry=1.2284 | PnL=+1.03%
2026-06-16 14:08:50,318 [INFO] [DATA] ADAUSDT | now=0.1793 | entry=0.1778 | PnL=+0.84%
2026-06-16 14:08:50,437 [INFO] [DATA] XLMUSDT | now=0.2216 | entry=0.2156 | PnL=+2.78%
2026-06-16 14:08:50,559 [INFO] [DATA] SOLUSDT | now=74.8000 | entry=73.9000 | PnL=+1.22%
2026-06-16 14:08:50,684 [INFO] [DATA] NEARUSDT | now=2.4740 | entry=2.4410 | PnL=+1.35%
2026-06-16 14:08:50,804 [INFO] [DATA] WLDUSDT | now=0.6508 | entry=0.5884 | PnL=+10.61%
2026-06-16 14:08:50,926 [INFO] [DATA] TAOUSDT | now=269.3000 | entry=263.1000 | PnL=+2.36%
2026-06-16 14:08:51,049 [INFO] [DATA] OPGUSDT | now=0.1623 | entry=0.1597 | PnL=+1.63%
2026-06-16 14:08:51,176 [INFO] [DATA] ZECUSDT | now=526.5600 | entry=525.0000 | PnL=+0.30%
2026-06-16 14:08:51,287 [INFO] [DATA] SUIUSDT | now=0.8016 | entry=0.7862 | PnL=+1.96%
2026-06-16 14:08:51,409 [INFO] [DATA] BABYUSDT | now=0.0175 | entry=0.0177 | PnL=-1.02%
2026-06-16 14:08:51,536 [INFO] [DATA] SPCXBUSDT | now=209.4200 | entry=215.0000 | PnL=-2.60%
2026-06-16 14:08:51,658 [INFO] [DATA] JTOUSDT | now=0.7303 | entry=0.7581 | PnL=-3.67%
2026-06-16 14:08:51,658 [INFO] [INVENTORY] 14/10 slots used — -4 vacant.
2026-06-16 14:08:51,658 [INFO] [STANDBY] Maximum capacity reached.
2026-06-16 14:08:51,658 [INFO] [SLEEP] Sleeping for 120s…
2026-06-16 14:10:51,667 [INFO] ======================================================================
2026-06-16 14:10:51,667 [INFO] [LOOP] Cycle #33 | 2026-06-16 14:10:51
2026-06-16 14:10:51,667 [INFO] [MONITOR] Evaluating 14 open positions…
2026-06-16 14:10:51,778 [INFO] [DATA] TRXUSDT | now=0.3178 | entry=0.3180 | PnL=-0.06%
2026-06-16 14:10:51,907 [INFO] [DATA] XRPUSDT | now=1.2410 | entry=1.2284 | PnL=+1.03%
2026-06-16 14:10:52,029 [INFO] [DATA] ADAUSDT | now=0.1794 | entry=0.1778 | PnL=+0.90%
2026-06-16 14:10:52,137 [INFO] [DATA] XLMUSDT | now=0.2210 | entry=0.2156 | PnL=+2.50%
2026-06-16 14:10:52,259 [INFO] [DATA] SOLUSDT | now=74.8700 | entry=73.9000 | PnL=+1.31%
2026-06-16 14:10:52,388 [INFO] [DATA] NEARUSDT | now=2.4770 | entry=2.4410 | PnL=+1.47%
2026-06-16 14:10:52,506 [INFO] [DATA] WLDUSDT | now=0.6571 | entry=0.5884 | PnL=+11.68%
2026-06-16 14:10:52,506 [INFO] [EXIT] TP hit for WLDUSDT.
2026-06-16 14:10:53,056 [ERROR] [EXIT] Binance error exiting WLDUSDT: APIError(code=-2010): Account has insufficient balance for requested action.
2026-06-16 14:10:53,175 [INFO] [DATA] TAOUSDT | now=270.0000 | entry=263.1000 | PnL=+2.62%
2026-06-16 14:10:53,300 [INFO] [DATA] OPGUSDT | now=0.1620 | entry=0.1597 | PnL=+1.44%
2026-06-16 14:10:53,431 [INFO] [DATA] ZECUSDT | now=526.4300 | entry=525.0000 | PnL=+0.27%
2026-06-16 14:10:53,555 [INFO] [DATA] SUIUSDT | now=0.8027 | entry=0.7862 | PnL=+2.10%
2026-06-16 14:10:53,667 [INFO] [DATA] BABYUSDT | now=0.0175 | entry=0.0177 | PnL=-1.07%
2026-06-16 14:10:53,823 [INFO] [DATA] SPCXBUSDT | now=210.8600 | entry=215.0000 | PnL=-1.93%
2026-06-16 14:10:53,935 [INFO] [DATA] JTOUSDT | now=0.7297 | entry=0.7581 | PnL=-3.75%
2026-06-16 14:10:53,935 [INFO] [INVENTORY] 14/10 slots used — -4 vacant.
2026-06-16 14:10:53,935 [INFO] [STANDBY] Maximum capacity reached.
2026-06-16 14:10:53,935 [INFO] [SLEEP] Sleeping for 120s…
2026-06-16 14:12:53,947 [INFO] ======================================================================
2026-06-16 14:12:53,947 [INFO] [LOOP] Cycle #34 | 2026-06-16 14:12:53
2026-06-16 14:12:53,947 [INFO] [MONITOR] Evaluating 14 open positions…
2026-06-16 14:12:54,051 [INFO] [DATA] TRXUSDT | now=0.3178 | entry=0.3180 | PnL=-0.06%
2026-06-16 14:12:54,172 [INFO] [DATA] XRPUSDT | now=1.2427 | entry=1.2284 | PnL=+1.16%
2026-06-16 14:12:54,294 [INFO] [DATA] ADAUSDT | now=0.1798 | entry=0.1778 | PnL=+1.12%
2026-06-16 14:12:54,436 [INFO] [DATA] XLMUSDT | now=0.2213 | entry=0.2156 | PnL=+2.64%
2026-06-16 14:12:54,546 [INFO] [DATA] SOLUSDT | now=75.0000 | entry=73.9000 | PnL=+1.49%
2026-06-16 14:12:54,681 [INFO] [DATA] NEARUSDT | now=2.4760 | entry=2.4410 | PnL=+1.43%
2026-06-16 14:12:54,799 [INFO] [DATA] TAOUSDT | now=269.6000 | entry=263.1000 | PnL=+2.47%
2026-06-16 14:12:54,904 [INFO] [DATA] OPGUSDT | now=0.1618 | entry=0.1597 | PnL=+1.31%
2026-06-16 14:12:55,020 [INFO] [DATA] ZECUSDT | now=525.6900 | entry=525.0000 | PnL=+0.13%
2026-06-16 14:12:55,154 [INFO] [DATA] SUIUSDT | now=0.8039 | entry=0.7862 | PnL=+2.25%
2026-06-16 14:12:55,258 [INFO] [DATA] BABYUSDT | now=0.0176 | entry=0.0177 | PnL=-0.73%
2026-06-16 14:12:55,384 [INFO] [DATA] SPCXBUSDT | now=211.1000 | entry=215.0000 | PnL=-1.81%
2026-06-16 14:12:55,494 [INFO] [DATA] JTOUSDT | now=0.7445 | entry=0.7581 | PnL=-1.79%
2026-06-16 14:12:55,610 [INFO] [DATA] WLDUSDT | now=0.6569 | entry=0.5884 | PnL=+11.64%
2026-06-16 14:12:55,610 [INFO] [EXIT] TP hit for WLDUSDT.
2026-06-16 14:12:56,170 [ERROR] [EXIT] Binance error exiting WLDUSDT: APIError(code=-2010): Account has insufficient balance for requested action.
2026-06-16 14:12:56,175 [INFO] [INVENTORY] 14/10 slots used — -4 vacant.
2026-06-16 14:12:56,175 [INFO] [STANDBY] Maximum capacity reached.
2026-06-16 14:12:56,175 [INFO] [SLEEP] Sleeping for 120s…
2026-06-16 14:14:56,177 [INFO] ======================================================================
2026-06-16 14:14:56,177 [INFO] [LOOP] Cycle #35 | 2026-06-16 14:14:56
2026-06-16 14:14:56,178 [INFO] [MONITOR] Evaluating 14 open positions…
2026-06-16 14:14:56,305 [INFO] [DATA] TRXUSDT | now=0.3178 | entry=0.3180 | PnL=-0.06%
2026-06-16 14:14:56,418 [INFO] [DATA] XRPUSDT | now=1.2428 | entry=1.2284 | PnL=+1.17%
2026-06-16 14:14:56,551 [INFO] [DATA] ADAUSDT | now=0.1798 | entry=0.1778 | PnL=+1.12%
2026-06-16 14:14:56,670 [INFO] [DATA] XLMUSDT | now=0.2208 | entry=0.2156 | PnL=+2.41%
2026-06-16 14:14:56,785 [INFO] [DATA] SOLUSDT | now=75.0100 | entry=73.9000 | PnL=+1.50%
2026-06-16 14:14:56,913 [INFO] [DATA] NEARUSDT | now=2.4750 | entry=2.4410 | PnL=+1.39%
2026-06-16 14:14:57,025 [INFO] [DATA] TAOUSDT | now=269.2000 | entry=263.1000 | PnL=+2.32%
2026-06-16 14:14:57,144 [INFO] [DATA] OPGUSDT | now=0.1610 | entry=0.1597 | PnL=+0.81%
2026-06-16 14:14:57,268 [INFO] [DATA] ZECUSDT | now=525.7700 | entry=525.0000 | PnL=+0.15%
2026-06-16 14:14:57,383 [INFO] [DATA] SUIUSDT | now=0.8044 | entry=0.7862 | PnL=+2.31%
2026-06-16 14:14:57,508 [INFO] [DATA] BABYUSDT | now=0.0178 | entry=0.0177 | PnL=+0.85%
2026-06-16 14:14:57,623 [INFO] [DATA] SPCXBUSDT | now=210.8100 | entry=215.0000 | PnL=-1.95%
2026-06-16 14:14:57,751 [INFO] [DATA] JTOUSDT | now=0.7476 | entry=0.7581 | PnL=-1.39%
2026-06-16 14:14:57,864 [INFO] [DATA] WLDUSDT | now=0.6567 | entry=0.5884 | PnL=+11.61%
2026-06-16 14:14:57,864 [INFO] [EXIT] TP hit for WLDUSDT.
2026-06-16 14:14:58,577 [ERROR] [EXIT] Binance error exiting WLDUSDT: APIError(code=-2010): Account has insufficient balance for requested action.
2026-06-16 14:14:58,577 [INFO] [INVENTORY] 14/10 slots used — -4 vacant.
2026-06-16 14:14:58,577 [INFO] [STANDBY] Maximum capacity reached.
2026-06-16 14:14:58,577 [INFO] [SLEEP] Sleeping for 120s…
2026-06-16 14:16:58,587 [INFO] ======================================================================
2026-06-16 14:16:58,587 [INFO] [LOOP] Cycle #36 | 2026-06-16 14:16:58
2026-06-16 14:16:58,587 [INFO] [MONITOR] Evaluating 14 open positions…
2026-06-16 14:16:58,702 [INFO] [DATA] TRXUSDT | now=0.3178 | entry=0.3180 | PnL=-0.06%
2026-06-16 14:16:58,815 [INFO] [DATA] XRPUSDT | now=1.2422 | entry=1.2284 | PnL=+1.12%
2026-06-16 14:16:58,932 [INFO] [DATA] ADAUSDT | now=0.1797 | entry=0.1778 | PnL=+1.07%
2026-06-16 14:16:59,051 [INFO] [DATA] XLMUSDT | now=0.2206 | entry=0.2156 | PnL=+2.32%
2026-06-16 14:16:59,173 [INFO] [DATA] SOLUSDT | now=75.0200 | entry=73.9000 | PnL=+1.52%
2026-06-16 14:16:59,288 [INFO] [DATA] NEARUSDT | now=2.4750 | entry=2.4410 | PnL=+1.39%
2026-06-16 14:16:59,400 [INFO] [DATA] TAOUSDT | now=269.4000 | entry=263.1000 | PnL=+2.39%
2026-06-16 14:16:59,526 [INFO] [DATA] OPGUSDT | now=0.1607 | entry=0.1597 | PnL=+0.63%
2026-06-16 14:16:59,654 [INFO] [DATA] ZECUSDT | now=526.4000 | entry=525.0000 | PnL=+0.27%
2026-06-16 14:16:59,765 [INFO] [DATA] SUIUSDT | now=0.8045 | entry=0.7862 | PnL=+2.33%
2026-06-16 14:16:59,886 [INFO] [DATA] BABYUSDT | now=0.0179 | entry=0.0177 | PnL=+1.41%
2026-06-16 14:17:00,004 [INFO] [DATA] SPCXBUSDT | now=212.1800 | entry=215.0000 | PnL=-1.31%
2026-06-16 14:17:00,128 [INFO] [DATA] JTOUSDT | now=0.7449 | entry=0.7581 | PnL=-1.74%
2026-06-16 14:17:00,251 [INFO] [DATA] WLDUSDT | now=0.6617 | entry=0.5884 | PnL=+12.46%
2026-06-16 14:17:00,251 [INFO] [EXIT] TP hit for WLDUSDT.
2026-06-16 14:17:00,875 [ERROR] [EXIT] Binance error exiting WLDUSDT: APIError(code=-2010): Account has insufficient balance for requested action.
2026-06-16 14:17:00,875 [INFO] [INVENTORY] 14/10 slots used — -4 vacant.
2026-06-16 14:17:00,875 [INFO] [STANDBY] Maximum capacity reached.
2026-06-16 14:17:00,875 [INFO] [SLEEP] Sleeping for 120s…
2026-06-16 14:19:00,882 [INFO] ======================================================================
2026-06-16 14:19:00,882 [INFO] [LOOP] Cycle #37 | 2026-06-16 14:19:00
2026-06-16 14:19:00,882 [INFO] [MONITOR] Evaluating 14 open positions…
2026-06-16 14:19:00,995 [INFO] [DATA] TRXUSDT | now=0.3175 | entry=0.3180 | PnL=-0.16%
2026-06-16 14:19:01,112 [INFO] [DATA] XRPUSDT | now=1.2430 | entry=1.2284 | PnL=+1.19%
2026-06-16 14:19:01,234 [INFO] [DATA] ADAUSDT | now=0.1799 | entry=0.1778 | PnL=+1.18%
2026-06-16 14:19:01,354 [INFO] [DATA] XLMUSDT | now=0.2221 | entry=0.2156 | PnL=+3.01%
2026-06-16 14:19:01,494 [INFO] [DATA] SOLUSDT | now=75.1700 | entry=73.9000 | PnL=+1.72%
2026-06-16 14:19:01,615 [INFO] [DATA] NEARUSDT | now=2.4730 | entry=2.4410 | PnL=+1.31%
2026-06-16 14:19:01,724 [INFO] [DATA] TAOUSDT | now=270.0000 | entry=263.1000 | PnL=+2.62%
2026-06-16 14:19:01,848 [INFO] [DATA] OPGUSDT | now=0.1600 | entry=0.1597 | PnL=+0.19%
2026-06-16 14:19:01,970 [INFO] [DATA] ZECUSDT | now=527.5400 | entry=525.0000 | PnL=+0.48%
2026-06-16 14:19:02,095 [INFO] [DATA] SUIUSDT | now=0.8044 | entry=0.7862 | PnL=+2.31%
2026-06-16 14:19:02,209 [INFO] [DATA] BABYUSDT | now=0.0178 | entry=0.0177 | PnL=+0.57%
2026-06-16 14:19:02,328 [INFO] [DATA] SPCXBUSDT | now=212.1600 | entry=215.0000 | PnL=-1.32%
2026-06-16 14:19:02,444 [INFO] [DATA] JTOUSDT | now=0.7496 | entry=0.7581 | PnL=-1.12%
2026-06-16 14:19:02,562 [INFO] [DATA] WLDUSDT | now=0.6624 | entry=0.5884 | PnL=+12.58%
2026-06-16 14:19:02,562 [INFO] [EXIT] TP hit for WLDUSDT.
2026-06-16 14:19:03,190 [ERROR] [EXIT] Binance error exiting WLDUSDT: APIError(code=-2010): Account has insufficient balance for requested action.
2026-06-16 14:19:03,190 [INFO] [INVENTORY] 14/10 slots used — -4 vacant.
2026-06-16 14:19:03,190 [INFO] [STANDBY] Maximum capacity reached.
2026-06-16 14:19:03,190 [INFO] [SLEEP] Sleeping for 120s…
2026-06-16 14:21:03,203 [INFO] ======================================================================
2026-06-16 14:21:03,203 [INFO] [LOOP] Cycle #38 | 2026-06-16 14:21:03
2026-06-16 14:21:03,203 [INFO] [MONITOR] Evaluating 14 open positions…
2026-06-16 14:21:03,310 [INFO] [DATA] TRXUSDT | now=0.3176 | entry=0.3180 | PnL=-0.13%
2026-06-16 14:21:03,435 [INFO] [DATA] XRPUSDT | now=1.2482 | entry=1.2284 | PnL=+1.61%
2026-06-16 14:21:03,551 [INFO] [DATA] ADAUSDT | now=0.1806 | entry=0.1778 | PnL=+1.57%
2026-06-16 14:21:03,678 [INFO] [DATA] XLMUSDT | now=0.2216 | entry=0.2156 | PnL=+2.78%
2026-06-16 14:21:03,798 [INFO] [DATA] SOLUSDT | now=75.3400 | entry=73.9000 | PnL=+1.95%
2026-06-16 14:21:03,919 [INFO] [DATA] NEARUSDT | now=2.4770 | entry=2.4410 | PnL=+1.47%
2026-06-16 14:21:04,042 [INFO] [DATA] TAOUSDT | now=269.7000 | entry=263.1000 | PnL=+2.51%
2026-06-16 14:21:04,160 [INFO] [DATA] OPGUSDT | now=0.1615 | entry=0.1597 | PnL=+1.13%
2026-06-16 14:21:04,273 [INFO] [DATA] ZECUSDT | now=528.2000 | entry=525.0000 | PnL=+0.61%
2026-06-16 14:21:04,400 [INFO] [DATA] SUIUSDT | now=0.8077 | entry=0.7862 | PnL=+2.73%
2026-06-16 14:21:04,521 [INFO] [DATA] BABYUSDT | now=0.0179 | entry=0.0177 | PnL=+1.13%
2026-06-16 14:21:04,632 [INFO] [DATA] SPCXBUSDT | now=212.1700 | entry=215.0000 | PnL=-1.32%
2026-06-16 14:21:04,751 [INFO] [DATA] JTOUSDT | now=0.7509 | entry=0.7581 | PnL=-0.95%
2026-06-16 14:21:04,869 [INFO] [DATA] WLDUSDT | now=0.6598 | entry=0.5884 | PnL=+12.13%
2026-06-16 14:21:04,869 [INFO] [EXIT] TP hit for WLDUSDT.
2026-06-16 14:21:05,508 [ERROR] [EXIT] Binance error exiting WLDUSDT: APIError(code=-2010): Account has insufficient balance for requested action.
2026-06-16 14:21:05,523 [INFO] [INVENTORY] 14/10 slots used — -4 vacant.
2026-06-16 14:21:05,523 [INFO] [STANDBY] Maximum capacity reached.
2026-06-16 14:21:05,523 [INFO] [SLEEP] Sleeping for 120s…
2026-06-16 14:23:05,527 [INFO] ======================================================================
2026-06-16 14:23:05,527 [INFO] [LOOP] Cycle #39 | 2026-06-16 14:23:05
2026-06-16 14:23:05,527 [INFO] [MONITOR] Evaluating 14 open positions…
2026-06-16 14:23:05,638 [INFO] [DATA] TRXUSDT | now=0.3176 | entry=0.3180 | PnL=-0.13%
2026-06-16 14:23:05,760 [INFO] [DATA] XRPUSDT | now=1.2499 | entry=1.2284 | PnL=+1.75%
2026-06-16 14:23:05,889 [INFO] [DATA] ADAUSDT | now=0.1810 | entry=0.1778 | PnL=+1.80%
2026-06-16 14:23:05,998 [INFO] [DATA] XLMUSDT | now=0.2234 | entry=0.2156 | PnL=+3.62%
2026-06-16 14:23:06,121 [INFO] [DATA] SOLUSDT | now=75.5400 | entry=73.9000 | PnL=+2.22%
2026-06-16 14:23:06,238 [INFO] [DATA] NEARUSDT | now=2.4990 | entry=2.4410 | PnL=+2.38%
2026-06-16 14:23:06,357 [INFO] [DATA] TAOUSDT | now=270.3000 | entry=263.1000 | PnL=+2.74%
2026-06-16 14:23:06,477 [INFO] [DATA] OPGUSDT | now=0.1609 | entry=0.1597 | PnL=+0.75%
2026-06-16 14:23:06,596 [INFO] [DATA] ZECUSDT | now=529.8100 | entry=525.0000 | PnL=+0.92%
2026-06-16 14:23:06,716 [INFO] [DATA] SUIUSDT | now=0.8101 | entry=0.7862 | PnL=+3.04%
2026-06-16 14:23:06,832 [INFO] [DATA] BABYUSDT | now=0.0179 | entry=0.0177 | PnL=+0.90%
2026-06-16 14:23:06,973 [INFO] [DATA] SPCXBUSDT | now=212.0600 | entry=215.0000 | PnL=-1.37%
2026-06-16 14:23:07,087 [INFO] [DATA] JTOUSDT | now=0.7464 | entry=0.7581 | PnL=-1.54%
2026-06-16 14:23:07,205 [INFO] [DATA] WLDUSDT | now=0.6642 | entry=0.5884 | PnL=+12.88%
2026-06-16 14:23:07,205 [INFO] [EXIT] TP hit for WLDUSDT.
2026-06-16 14:23:07,867 [ERROR] [EXIT] Binance error exiting WLDUSDT: APIError(code=-2010): Account has insufficient balance for requested action.
2026-06-16 14:23:07,867 [INFO] [INVENTORY] 14/10 slots used — -4 vacant.
2026-06-16 14:23:07,867 [INFO] [STANDBY] Maximum capacity reached.
2026-06-16 14:23:07,867 [INFO] [SLEEP] Sleeping for 120s…
2026-06-16 14:25:07,876 [INFO] ======================================================================
2026-06-16 14:25:07,876 [INFO] [LOOP] Cycle #40 | 2026-06-16 14:25:07
2026-06-16 14:25:07,876 [INFO] [MONITOR] Evaluating 14 open positions…
2026-06-16 14:25:07,989 [INFO] [DATA] TRXUSDT | now=0.3175 | entry=0.3180 | PnL=-0.16%
2026-06-16 14:25:08,107 [INFO] [DATA] XRPUSDT | now=1.2500 | entry=1.2284 | PnL=+1.76%
2026-06-16 14:25:08,225 [INFO] [DATA] ADAUSDT | now=0.1812 | entry=0.1778 | PnL=+1.91%
2026-06-16 14:25:08,354 [INFO] [DATA] XLMUSDT | now=0.2236 | entry=0.2156 | PnL=+3.71%
2026-06-16 14:25:08,467 [INFO] [DATA] SOLUSDT | now=75.4800 | entry=73.9000 | PnL=+2.14%
2026-06-16 14:25:08,587 [INFO] [DATA] NEARUSDT | now=2.4980 | entry=2.4410 | PnL=+2.34%
2026-06-16 14:25:08,705 [INFO] [DATA] TAOUSDT | now=270.1000 | entry=263.1000 | PnL=+2.66%
2026-06-16 14:25:08,815 [INFO] [DATA] OPGUSDT | now=0.1609 | entry=0.1597 | PnL=+0.75%
2026-06-16 14:25:08,936 [INFO] [DATA] ZECUSDT | now=532.7500 | entry=525.0000 | PnL=+1.48%
2026-06-16 14:25:09,058 [INFO] [DATA] SUIUSDT | now=0.8086 | entry=0.7862 | PnL=+2.85%
2026-06-16 14:25:09,177 [INFO] [DATA] BABYUSDT | now=0.0180 | entry=0.0177 | PnL=+1.64%
2026-06-16 14:25:09,298 [INFO] [DATA] SPCXBUSDT | now=213.3800 | entry=215.0000 | PnL=-0.75%
2026-06-16 14:25:09,418 [INFO] [DATA] JTOUSDT | now=0.7470 | entry=0.7581 | PnL=-1.46%
2026-06-16 14:25:09,532 [INFO] [DATA] WLDUSDT | now=0.6644 | entry=0.5884 | PnL=+12.92%
2026-06-16 14:25:09,532 [INFO] [EXIT] TP hit for WLDUSDT.
2026-06-16 14:25:10,181 [ERROR] [EXIT] Binance error exiting WLDUSDT: APIError(code=-2010): Account has insufficient balance for requested action.
2026-06-16 14:25:10,181 [INFO] [INVENTORY] 14/10 slots used — -4 vacant.
2026-06-16 14:25:10,181 [INFO] [STANDBY] Maximum capacity reached.
2026-06-16 14:25:10,181 [INFO] [SLEEP] Sleeping for 120s…
2026-06-16 14:27:10,188 [INFO] ======================================================================
2026-06-16 14:27:10,188 [INFO] [LOOP] Cycle #41 | 2026-06-16 14:27:10
2026-06-16 14:27:10,188 [INFO] [MONITOR] Evaluating 14 open positions…
2026-06-16 14:27:10,299 [INFO] [DATA] TRXUSDT | now=0.3174 | entry=0.3180 | PnL=-0.19%
2026-06-16 14:27:10,422 [INFO] [DATA] XRPUSDT | now=1.2471 | entry=1.2284 | PnL=+1.52%
2026-06-16 14:27:10,540 [INFO] [DATA] ADAUSDT | now=0.1808 | entry=0.1778 | PnL=+1.69%
2026-06-16 14:27:10,661 [INFO] [DATA] XLMUSDT | now=0.2228 | entry=0.2156 | PnL=+3.34%
2026-06-16 14:27:10,783 [INFO] [DATA] SOLUSDT | now=75.3800 | entry=73.9000 | PnL=+2.00%
2026-06-16 14:27:10,888 [INFO] [DATA] NEARUSDT | now=2.4910 | entry=2.4410 | PnL=+2.05%
2026-06-16 14:27:11,014 [INFO] [DATA] TAOUSDT | now=269.1000 | entry=263.1000 | PnL=+2.28%
2026-06-16 14:27:11,133 [INFO] [DATA] OPGUSDT | now=0.1613 | entry=0.1597 | PnL=+1.00%
2026-06-16 14:27:11,244 [INFO] [DATA] ZECUSDT | now=531.6000 | entry=525.0000 | PnL=+1.26%
2026-06-16 14:27:11,365 [INFO] [DATA] SUIUSDT | now=0.8066 | entry=0.7862 | PnL=+2.59%
2026-06-16 14:27:11,487 [INFO] [DATA] BABYUSDT | now=0.0179 | entry=0.0177 | PnL=+1.36%
2026-06-16 14:27:11,605 [INFO] [DATA] SPCXBUSDT | now=212.9500 | entry=215.0000 | PnL=-0.95%
2026-06-16 14:27:11,724 [INFO] [DATA] JTOUSDT | now=0.7567 | entry=0.7581 | PnL=-0.18%
2026-06-16 14:27:11,845 [INFO] [DATA] WLDUSDT | now=0.6623 | entry=0.5884 | PnL=+12.56%
2026-06-16 14:27:11,845 [INFO] [EXIT] TP hit for WLDUSDT.
2026-06-16 14:27:12,576 [ERROR] [EXIT] Binance error exiting WLDUSDT: APIError(code=-2010): Account has insufficient balance for requested action.
2026-06-16 14:27:12,576 [INFO] [INVENTORY] 14/10 slots used — -4 vacant.
2026-06-16 14:27:12,576 [INFO] [STANDBY] Maximum capacity reached.
2026-06-16 14:27:12,576 [INFO] [SLEEP] Sleeping for 120s…
2026-06-16 14:29:12,583 [INFO] ======================================================================
2026-06-16 14:29:12,583 [INFO] [LOOP] Cycle #42 | 2026-06-16 14:29:12
2026-06-16 14:29:12,583 [INFO] [MONITOR] Evaluating 14 open positions…
2026-06-16 14:29:12,698 [INFO] [DATA] TRXUSDT | now=0.3174 | entry=0.3180 | PnL=-0.19%
2026-06-16 14:29:12,819 [INFO] [DATA] XRPUSDT | now=1.2477 | entry=1.2284 | PnL=+1.57%
2026-06-16 14:29:12,937 [INFO] [DATA] ADAUSDT | now=0.1810 | entry=0.1778 | PnL=+1.80%
2026-06-16 14:29:13,078 [INFO] [DATA] XLMUSDT | now=0.2232 | entry=0.2156 | PnL=+3.53%
2026-06-16 14:29:13,210 [INFO] [DATA] SOLUSDT | now=75.3700 | entry=73.9000 | PnL=+1.99%
2026-06-16 14:29:13,327 [INFO] [DATA] NEARUSDT | now=2.4970 | entry=2.4410 | PnL=+2.29%
2026-06-16 14:29:13,453 [INFO] [DATA] TAOUSDT | now=269.5000 | entry=263.1000 | PnL=+2.43%
2026-06-16 14:29:13,575 [INFO] [DATA] OPGUSDT | now=0.1613 | entry=0.1597 | PnL=+1.00%
2026-06-16 14:29:13,705 [INFO] [DATA] ZECUSDT | now=532.3300 | entry=525.0000 | PnL=+1.40%
2026-06-16 14:29:13,813 [INFO] [DATA] SUIUSDT | now=0.8077 | entry=0.7862 | PnL=+2.73%
2026-06-16 14:29:13,930 [INFO] [DATA] BABYUSDT | now=0.0179 | entry=0.0177 | PnL=+1.02%
2026-06-16 14:29:14,070 [INFO] [DATA] SPCXBUSDT | now=212.4600 | entry=215.0000 | PnL=-1.18%
2026-06-16 14:29:14,215 [INFO] [DATA] JTOUSDT | now=0.7551 | entry=0.7581 | PnL=-0.40%
2026-06-16 14:29:14,343 [INFO] [DATA] WLDUSDT | now=0.6697 | entry=0.5884 | PnL=+13.82%
2026-06-16 14:29:14,343 [INFO] [EXIT] TP hit for WLDUSDT.
2026-06-16 14:29:14,931 [ERROR] [EXIT] Binance error exiting WLDUSDT: APIError(code=-2010): Account has insufficient balance for requested action.
2026-06-16 14:29:14,931 [INFO] [INVENTORY] 14/10 slots used — -4 vacant.
2026-06-16 14:29:14,931 [INFO] [STANDBY] Maximum capacity reached.
2026-06-16 14:29:14,931 [INFO] [SLEEP] Sleeping for 120s…
2026-06-16 14:31:14,938 [INFO] ======================================================================
2026-06-16 14:31:14,938 [INFO] [LOOP] Cycle #43 | 2026-06-16 14:31:14
2026-06-16 14:31:14,938 [INFO] [MONITOR] Evaluating 14 open positions…
2026-06-16 14:31:15,057 [INFO] [DATA] TRXUSDT | now=0.3174 | entry=0.3180 | PnL=-0.19%
2026-06-16 14:31:15,166 [INFO] [DATA] XRPUSDT | now=1.2464 | entry=1.2284 | PnL=+1.47%
2026-06-16 14:31:15,294 [INFO] [DATA] ADAUSDT | now=0.1810 | entry=0.1778 | PnL=+1.80%
2026-06-16 14:31:15,413 [INFO] [DATA] XLMUSDT | now=0.2242 | entry=0.2156 | PnL=+3.99%
2026-06-16 14:31:15,539 [INFO] [DATA] SOLUSDT | now=75.3600 | entry=73.9000 | PnL=+1.98%
2026-06-16 14:31:15,663 [INFO] [DATA] NEARUSDT | now=2.4940 | entry=2.4410 | PnL=+2.17%
2026-06-16 14:31:15,781 [INFO] [DATA] TAOUSDT | now=268.7000 | entry=263.1000 | PnL=+2.13%
2026-06-16 14:31:15,902 [INFO] [DATA] OPGUSDT | now=0.1609 | entry=0.1597 | PnL=+0.75%
2026-06-16 14:31:16,020 [INFO] [DATA] ZECUSDT | now=530.8000 | entry=525.0000 | PnL=+1.10%
2026-06-16 14:31:16,172 [INFO] [DATA] SUIUSDT | now=0.8073 | entry=0.7862 | PnL=+2.68%
2026-06-16 14:31:16,286 [INFO] [DATA] BABYUSDT | now=0.0181 | entry=0.0177 | PnL=+2.60%
2026-06-16 14:31:16,396 [INFO] [DATA] SPCXBUSDT | now=212.8600 | entry=215.0000 | PnL=-1.00%
2026-06-16 14:31:16,522 [INFO] [DATA] JTOUSDT | now=0.7559 | entry=0.7581 | PnL=-0.29%
2026-06-16 14:31:16,644 [INFO] [DATA] WLDUSDT | now=0.6691 | entry=0.5884 | PnL=+13.72%
2026-06-16 14:31:16,644 [INFO] [EXIT] TP hit for WLDUSDT.
2026-06-16 14:31:17,517 [ERROR] [EXIT] Binance error exiting WLDUSDT: APIError(code=-2010): Account has insufficient balance for requested action.
2026-06-16 14:31:17,517 [INFO] [INVENTORY] 14/10 slots used — -4 vacant.
2026-06-16 14:31:17,517 [INFO] [STANDBY] Maximum capacity reached.
2026-06-16 14:31:17,517 [INFO] [SLEEP] Sleeping for 120s…
2026-06-16 14:33:17,529 [INFO] ======================================================================
2026-06-16 14:33:17,529 [INFO] [LOOP] Cycle #44 | 2026-06-16 14:33:17
2026-06-16 14:33:17,529 [INFO] [MONITOR] Evaluating 14 open positions…
2026-06-16 14:33:17,650 [INFO] [DATA] TRXUSDT | now=0.3175 | entry=0.3180 | PnL=-0.16%
2026-06-16 14:33:17,784 [INFO] [DATA] XRPUSDT | now=1.2472 | entry=1.2284 | PnL=+1.53%
2026-06-16 14:33:18,330 [INFO] [DATA] ADAUSDT | now=0.1809 | entry=0.1778 | PnL=+1.74%
2026-06-16 14:33:18,603 [INFO] [DATA] XLMUSDT | now=0.2246 | entry=0.2156 | PnL=+4.17%
2026-06-16 14:33:18,741 [INFO] [DATA] SOLUSDT | now=75.3900 | entry=73.9000 | PnL=+2.02%
2026-06-16 14:33:18,894 [INFO] [DATA] NEARUSDT | now=2.4900 | entry=2.4410 | PnL=+2.01%
2026-06-16 14:33:19,007 [INFO] [DATA] TAOUSDT | now=269.5000 | entry=263.1000 | PnL=+2.43%
2026-06-16 14:33:19,454 [INFO] [DATA] OPGUSDT | now=0.1600 | entry=0.1597 | PnL=+0.19%
2026-06-16 14:33:19,637 [INFO] [DATA] ZECUSDT | now=531.3600 | entry=525.0000 | PnL=+1.21%
2026-06-16 14:33:19,739 [INFO] [DATA] SUIUSDT | now=0.8084 | entry=0.7862 | PnL=+2.82%
2026-06-16 14:33:19,864 [INFO] [DATA] BABYUSDT | now=0.0182 | entry=0.0177 | PnL=+2.94%
2026-06-16 14:33:20,191 [INFO] [DATA] SPCXBUSDT | now=213.1400 | entry=215.0000 | PnL=-0.87%
2026-06-16 14:33:20,304 [INFO] [DATA] JTOUSDT | now=0.7511 | entry=0.7581 | PnL=-0.92%
2026-06-16 14:33:20,436 [INFO] [DATA] WLDUSDT | now=0.6673 | entry=0.5884 | PnL=+13.41%
2026-06-16 14:33:20,436 [INFO] [EXIT] TP hit for WLDUSDT.
2026-06-16 14:33:21,656 [ERROR] [EXIT] Binance error exiting WLDUSDT: APIError(code=-2010): Account has insufficient balance for requested action.
2026-06-16 14:33:21,662 [INFO] [INVENTORY] 14/10 slots used — -4 vacant.
2026-06-16 14:33:21,662 [INFO] [STANDBY] Maximum capacity reached.
2026-06-16 14:33:21,662 [INFO] [SLEEP] Sleeping for 120s…
2026-06-16 14:35:21,664 [INFO] ======================================================================
2026-06-16 14:35:21,664 [INFO] [LOOP] Cycle #45 | 2026-06-16 14:35:21
2026-06-16 14:35:21,664 [INFO] [MONITOR] Evaluating 14 open positions…
2026-06-16 14:35:21,776 [INFO] [DATA] TRXUSDT | now=0.3178 | entry=0.3180 | PnL=-0.06%
2026-06-16 14:35:21,896 [INFO] [DATA] XRPUSDT | now=1.2469 | entry=1.2284 | PnL=+1.51%
2026-06-16 14:35:22,016 [INFO] [DATA] ADAUSDT | now=0.1808 | entry=0.1778 | PnL=+1.69%
2026-06-16 14:35:22,135 [INFO] [DATA] XLMUSDT | now=0.2246 | entry=0.2156 | PnL=+4.17%
2026-06-16 14:35:22,251 [INFO] [DATA] SOLUSDT | now=75.3600 | entry=73.9000 | PnL=+1.98%
2026-06-16 14:35:22,370 [INFO] [DATA] NEARUSDT | now=2.4970 | entry=2.4410 | PnL=+2.29%
2026-06-16 14:35:22,496 [INFO] [DATA] TAOUSDT | now=269.8000 | entry=263.1000 | PnL=+2.55%
2026-06-16 14:35:22,670 [INFO] [DATA] OPGUSDT | now=0.1599 | entry=0.1597 | PnL=+0.13%
2026-06-16 14:35:22,838 [INFO] [DATA] ZECUSDT | now=530.7500 | entry=525.0000 | PnL=+1.10%
2026-06-16 14:35:23,052 [INFO] [DATA] SUIUSDT | now=0.8075 | entry=0.7862 | PnL=+2.71%
2026-06-16 14:35:23,174 [INFO] [DATA] BABYUSDT | now=0.0179 | entry=0.0177 | PnL=+1.13%
2026-06-16 14:35:23,289 [INFO] [DATA] SPCXBUSDT | now=213.4900 | entry=215.0000 | PnL=-0.70%
2026-06-16 14:35:23,413 [INFO] [DATA] JTOUSDT | now=0.7540 | entry=0.7581 | PnL=-0.54%
2026-06-16 14:35:23,534 [INFO] [DATA] WLDUSDT | now=0.6668 | entry=0.5884 | PnL=+13.32%
2026-06-16 14:35:23,534 [INFO] [EXIT] TP hit for WLDUSDT.
2026-06-16 14:35:24,055 [ERROR] [EXIT] Binance error exiting WLDUSDT: APIError(code=-2010): Account has insufficient balance for requested action.
2026-06-16 14:35:24,055 [INFO] [INVENTORY] 14/10 slots used — -4 vacant.
2026-06-16 14:35:24,055 [INFO] [STANDBY] Maximum capacity reached.
2026-06-16 14:35:24,055 [INFO] [SLEEP] Sleeping for 120s…
2026-06-16 14:37:24,069 [INFO] ======================================================================
2026-06-16 14:37:24,069 [INFO] [LOOP] Cycle #46 | 2026-06-16 14:37:24
2026-06-16 14:37:24,069 [INFO] [MONITOR] Evaluating 14 open positions…
2026-06-16 14:37:24,173 [INFO] [DATA] TRXUSDT | now=0.3177 | entry=0.3180 | PnL=-0.09%
2026-06-16 14:37:24,299 [INFO] [DATA] XRPUSDT | now=1.2457 | entry=1.2284 | PnL=+1.41%
2026-06-16 14:37:24,434 [INFO] [DATA] ADAUSDT | now=0.1804 | entry=0.1778 | PnL=+1.46%
2026-06-16 14:37:24,549 [INFO] [DATA] XLMUSDT | now=0.2246 | entry=0.2156 | PnL=+4.17%
2026-06-16 14:37:24,676 [INFO] [DATA] SOLUSDT | now=75.2500 | entry=73.9000 | PnL=+1.83%
2026-06-16 14:37:24,800 [INFO] [DATA] NEARUSDT | now=2.4970 | entry=2.4410 | PnL=+2.29%
2026-06-16 14:37:24,964 [INFO] [DATA] TAOUSDT | now=269.8000 | entry=263.1000 | PnL=+2.55%
2026-06-16 14:37:25,127 [INFO] [DATA] OPGUSDT | now=0.1599 | entry=0.1597 | PnL=+0.13%
2026-06-16 14:37:25,245 [INFO] [DATA] ZECUSDT | now=525.2000 | entry=525.0000 | PnL=+0.04%
2026-06-16 14:37:25,371 [INFO] [DATA] SUIUSDT | now=0.8059 | entry=0.7862 | PnL=+2.51%
2026-06-16 14:37:25,490 [INFO] [DATA] BABYUSDT | now=0.0180 | entry=0.0177 | PnL=+1.47%
2026-06-16 14:37:25,612 [INFO] [DATA] SPCXBUSDT | now=213.1400 | entry=215.0000 | PnL=-0.87%
2026-06-16 14:37:25,727 [INFO] [DATA] JTOUSDT | now=0.7501 | entry=0.7581 | PnL=-1.06%
2026-06-16 14:37:25,865 [INFO] [DATA] WLDUSDT | now=0.6710 | entry=0.5884 | PnL=+14.04%
2026-06-16 14:37:25,865 [INFO] [EXIT] TP hit for WLDUSDT.
2026-06-16 14:37:26,468 [ERROR] [EXIT] Binance error exiting WLDUSDT: APIError(code=-2010): Account has insufficient balance for requested action.
2026-06-16 14:37:26,468 [INFO] [INVENTORY] 14/10 slots used — -4 vacant.
2026-06-16 14:37:26,468 [INFO] [STANDBY] Maximum capacity reached.
2026-06-16 14:37:26,468 [INFO] [SLEEP] Sleeping for 120s…
2026-06-16 14:39:26,481 [INFO] ======================================================================
2026-06-16 14:39:26,481 [INFO] [LOOP] Cycle #47 | 2026-06-16 14:39:26
2026-06-16 14:39:26,481 [INFO] [MONITOR] Evaluating 14 open positions…
2026-06-16 14:39:26,594 [INFO] [DATA] TRXUSDT | now=0.3177 | entry=0.3180 | PnL=-0.09%
2026-06-16 14:39:26,713 [INFO] [DATA] XRPUSDT | now=1.2448 | entry=1.2284 | PnL=+1.34%
2026-06-16 14:39:26,848 [INFO] [DATA] ADAUSDT | now=0.1806 | entry=0.1778 | PnL=+1.57%
2026-06-16 14:39:26,982 [INFO] [DATA] XLMUSDT | now=0.2255 | entry=0.2156 | PnL=+4.59%
2026-06-16 14:39:27,103 [INFO] [DATA] SOLUSDT | now=75.2100 | entry=73.9000 | PnL=+1.77%
2026-06-16 14:39:27,219 [INFO] [DATA] NEARUSDT | now=2.4900 | entry=2.4410 | PnL=+2.01%
2026-06-16 14:39:27,338 [INFO] [DATA] TAOUSDT | now=268.9000 | entry=263.1000 | PnL=+2.20%
2026-06-16 14:39:27,472 [INFO] [DATA] OPGUSDT | now=0.1601 | entry=0.1597 | PnL=+0.25%
2026-06-16 14:39:27,605 [INFO] [DATA] ZECUSDT | now=521.1000 | entry=525.0000 | PnL=-0.74%
2026-06-16 14:39:27,718 [INFO] [DATA] SUIUSDT | now=0.8057 | entry=0.7862 | PnL=+2.48%
2026-06-16 14:39:27,842 [INFO] [DATA] BABYUSDT | now=0.0180 | entry=0.0177 | PnL=+1.53%
2026-06-16 14:39:27,959 [INFO] [DATA] SPCXBUSDT | now=213.0600 | entry=215.0000 | PnL=-0.90%
2026-06-16 14:39:28,085 [INFO] [DATA] JTOUSDT | now=0.7499 | entry=0.7581 | PnL=-1.08%
2026-06-16 14:39:28,205 [INFO] [DATA] WLDUSDT | now=0.6707 | entry=0.5884 | PnL=+13.99%
2026-06-16 14:39:28,205 [INFO] [EXIT] TP hit for WLDUSDT.
2026-06-16 14:39:29,043 [ERROR] [EXIT] Binance error exiting WLDUSDT: APIError(code=-2010): Account has insufficient balance for requested action.
2026-06-16 14:39:29,048 [INFO] [INVENTORY] 14/10 slots used — -4 vacant.
2026-06-16 14:39:29,048 [INFO] [STANDBY] Maximum capacity reached.
2026-06-16 14:39:29,049 [INFO] [SLEEP] Sleeping for 120s…
2026-06-16 14:41:29,050 [INFO] ======================================================================
2026-06-16 14:41:29,050 [INFO] [LOOP] Cycle #48 | 2026-06-16 14:41:29
2026-06-16 14:41:29,050 [INFO] [MONITOR] Evaluating 14 open positions…
2026-06-16 14:41:29,163 [INFO] [DATA] TRXUSDT | now=0.3177 | entry=0.3180 | PnL=-0.09%
2026-06-16 14:41:29,279 [INFO] [DATA] XRPUSDT | now=1.2451 | entry=1.2284 | PnL=+1.36%
2026-06-16 14:41:29,404 [INFO] [DATA] ADAUSDT | now=0.1807 | entry=0.1778 | PnL=+1.63%
2026-06-16 14:41:29,524 [INFO] [DATA] XLMUSDT | now=0.2248 | entry=0.2156 | PnL=+4.27%
2026-06-16 14:41:29,643 [INFO] [DATA] SOLUSDT | now=75.2400 | entry=73.9000 | PnL=+1.81%
2026-06-16 14:41:29,767 [INFO] [DATA] NEARUSDT | now=2.4960 | entry=2.4410 | PnL=+2.25%
2026-06-16 14:41:29,898 [INFO] [DATA] TAOUSDT | now=269.0000 | entry=263.1000 | PnL=+2.24%
2026-06-16 14:41:30,020 [INFO] [DATA] OPGUSDT | now=0.1601 | entry=0.1597 | PnL=+0.25%
2026-06-16 14:41:30,138 [INFO] [DATA] ZECUSDT | now=523.2600 | entry=525.0000 | PnL=-0.33%
2026-06-16 14:41:30,264 [INFO] [DATA] SUIUSDT | now=0.8050 | entry=0.7862 | PnL=+2.39%
2026-06-16 14:41:30,387 [INFO] [DATA] BABYUSDT | now=0.0180 | entry=0.0177 | PnL=+1.75%
2026-06-16 14:41:30,501 [INFO] [DATA] SPCXBUSDT | now=213.7300 | entry=215.0000 | PnL=-0.59%
2026-06-16 14:41:30,627 [INFO] [DATA] JTOUSDT | now=0.7538 | entry=0.7581 | PnL=-0.57%
2026-06-16 14:41:30,744 [INFO] [DATA] WLDUSDT | now=0.6705 | entry=0.5884 | PnL=+13.95%
2026-06-16 14:41:30,744 [INFO] [EXIT] TP hit for WLDUSDT.
2026-06-16 14:41:31,588 [ERROR] [EXIT] Binance error exiting WLDUSDT: APIError(code=-2010): Account has insufficient balance for requested action.
2026-06-16 14:41:31,588 [INFO] [INVENTORY] 14/10 slots used — -4 vacant.
2026-06-16 14:41:31,588 [INFO] [STANDBY] Maximum capacity reached.
2026-06-16 14:41:31,588 [INFO] [SLEEP] Sleeping for 120s…
2026-06-16 14:43:31,597 [INFO] ======================================================================
2026-06-16 14:43:31,597 [INFO] [LOOP] Cycle #49 | 2026-06-16 14:43:31
2026-06-16 14:43:31,597 [INFO] [MONITOR] Evaluating 14 open positions…
2026-06-16 14:43:31,785 [INFO] [DATA] TRXUSDT | now=0.3177 | entry=0.3180 | PnL=-0.09%
2026-06-16 14:43:32,055 [INFO] [DATA] XRPUSDT | now=1.2447 | entry=1.2284 | PnL=+1.33%
2026-06-16 14:43:32,250 [INFO] [DATA] ADAUSDT | now=0.1805 | entry=0.1778 | PnL=+1.52%
2026-06-16 14:43:32,417 [INFO] [DATA] XLMUSDT | now=0.2255 | entry=0.2156 | PnL=+4.59%
2026-06-16 14:43:32,639 [INFO] [DATA] SOLUSDT | now=75.2900 | entry=73.9000 | PnL=+1.88%
2026-06-16 14:43:32,782 [INFO] [DATA] NEARUSDT | now=2.4890 | entry=2.4410 | PnL=+1.97%
2026-06-16 14:43:32,965 [INFO] [DATA] TAOUSDT | now=268.4000 | entry=263.1000 | PnL=+2.01%
2026-06-16 14:43:33,121 [INFO] [DATA] OPGUSDT | now=0.1610 | entry=0.1597 | PnL=+0.81%
2026-06-16 14:43:33,311 [INFO] [DATA] ZECUSDT | now=523.6000 | entry=525.0000 | PnL=-0.27%
2026-06-16 14:43:33,442 [INFO] [DATA] SUIUSDT | now=0.8044 | entry=0.7862 | PnL=+2.31%
2026-06-16 14:43:33,678 [INFO] [DATA] BABYUSDT | now=0.0181 | entry=0.0177 | PnL=+2.49%
2026-06-16 14:43:34,196 [INFO] [DATA] SPCXBUSDT | now=213.8400 | entry=215.0000 | PnL=-0.54%
2026-06-16 14:43:34,478 [INFO] [DATA] JTOUSDT | now=0.7548 | entry=0.7581 | PnL=-0.44%
2026-06-16 14:43:34,937 [INFO] [DATA] WLDUSDT | now=0.6652 | entry=0.5884 | PnL=+13.05%
2026-06-16 14:43:34,937 [INFO] [EXIT] TP hit for WLDUSDT.
2026-06-16 14:43:36,014 [ERROR] [EXIT] Binance error exiting WLDUSDT: APIError(code=-2010): Account has insufficient balance for requested action.
2026-06-16 14:43:36,018 [INFO] [INVENTORY] 14/10 slots used — -4 vacant.
2026-06-16 14:43:36,018 [INFO] [STANDBY] Maximum capacity reached.
2026-06-16 14:43:36,018 [INFO] [SLEEP] Sleeping for 120s…
2026-06-16 14:45:36,019 [INFO] ======================================================================
2026-06-16 14:45:36,019 [INFO] [LOOP] Cycle #50 | 2026-06-16 14:45:36
2026-06-16 14:45:36,019 [INFO] [MONITOR] Evaluating 14 open positions…
2026-06-16 14:45:36,532 [INFO] [DATA] TRXUSDT | now=0.3178 | entry=0.3180 | PnL=-0.06%
2026-06-16 14:45:36,651 [INFO] [DATA] XRPUSDT | now=1.2447 | entry=1.2284 | PnL=+1.33%
2026-06-16 14:45:36,786 [INFO] [DATA] ADAUSDT | now=0.1802 | entry=0.1778 | PnL=+1.35%
2026-06-16 14:45:36,952 [INFO] [DATA] XLMUSDT | now=0.2259 | entry=0.2156 | PnL=+4.78%
2026-06-16 14:45:37,338 [INFO] [DATA] SOLUSDT | now=75.1800 | entry=73.9000 | PnL=+1.73%
2026-06-16 14:45:37,459 [INFO] [DATA] NEARUSDT | now=2.4960 | entry=2.4410 | PnL=+2.25%
2026-06-16 14:45:37,577 [INFO] [DATA] TAOUSDT | now=268.7000 | entry=263.1000 | PnL=+2.13%
2026-06-16 14:45:37,696 [INFO] [DATA] OPGUSDT | now=0.1608 | entry=0.1597 | PnL=+0.69%
2026-06-16 14:45:37,818 [INFO] [DATA] ZECUSDT | now=523.3500 | entry=525.0000 | PnL=-0.31%
2026-06-16 14:45:37,965 [INFO] [DATA] SUIUSDT | now=0.8035 | entry=0.7862 | PnL=+2.20%
2026-06-16 14:45:38,073 [INFO] [DATA] BABYUSDT | now=0.0183 | entry=0.0177 | PnL=+3.34%
2026-06-16 14:45:38,225 [INFO] [DATA] SPCXBUSDT | now=213.9600 | entry=215.0000 | PnL=-0.48%
2026-06-16 14:45:38,377 [INFO] [DATA] JTOUSDT | now=0.7561 | entry=0.7581 | PnL=-0.26%
2026-06-16 14:45:38,511 [INFO] [DATA] WLDUSDT | now=0.6640 | entry=0.5884 | PnL=+12.85%
2026-06-16 14:45:38,511 [INFO] [EXIT] TP hit for WLDUSDT.
2026-06-16 14:45:39,049 [ERROR] [EXIT] Binance error exiting WLDUSDT: APIError(code=-2010): Account has insufficient balance for requested action.
2026-06-16 14:45:39,049 [INFO] [INVENTORY] 14/10 slots used — -4 vacant.
2026-06-16 14:45:39,049 [INFO] [STANDBY] Maximum capacity reached.
2026-06-16 14:45:39,049 [INFO] [SLEEP] Sleeping for 120s…
2026-06-16 14:47:39,063 [INFO] ======================================================================
2026-06-16 14:47:39,063 [INFO] [LOOP] Cycle #51 | 2026-06-16 14:47:39
2026-06-16 14:47:39,063 [INFO] [MONITOR] Evaluating 14 open positions…
2026-06-16 14:47:39,191 [INFO] [DATA] TRXUSDT | now=0.3178 | entry=0.3180 | PnL=-0.06%
2026-06-16 14:47:39,327 [INFO] [DATA] XRPUSDT | now=1.2433 | entry=1.2284 | PnL=+1.21%
2026-06-16 14:47:39,458 [INFO] [DATA] ADAUSDT | now=0.1803 | entry=0.1778 | PnL=+1.41%
2026-06-16 14:47:39,647 [INFO] [DATA] XLMUSDT | now=0.2247 | entry=0.2156 | PnL=+4.22%
2026-06-16 14:47:39,808 [INFO] [DATA] SOLUSDT | now=75.1800 | entry=73.9000 | PnL=+1.73%
2026-06-16 14:47:39,970 [INFO] [DATA] NEARUSDT | now=2.4980 | entry=2.4410 | PnL=+2.34%
2026-06-16 14:47:40,086 [INFO] [DATA] TAOUSDT | now=268.2000 | entry=263.1000 | PnL=+1.94%
2026-06-16 14:47:40,213 [INFO] [DATA] OPGUSDT | now=0.1611 | entry=0.1597 | PnL=+0.88%
2026-06-16 14:47:40,352 [INFO] [DATA] ZECUSDT | now=522.7100 | entry=525.0000 | PnL=-0.44%
2026-06-16 14:47:40,469 [INFO] [DATA] SUIUSDT | now=0.8028 | entry=0.7862 | PnL=+2.11%
2026-06-16 14:47:40,600 [INFO] [DATA] BABYUSDT | now=0.0181 | entry=0.0177 | PnL=+2.32%
2026-06-16 14:47:40,712 [INFO] [DATA] SPCXBUSDT | now=213.9800 | entry=215.0000 | PnL=-0.47%
2026-06-16 14:47:40,834 [INFO] [DATA] JTOUSDT | now=0.7567 | entry=0.7581 | PnL=-0.18%
2026-06-16 14:47:40,950 [INFO] [DATA] WLDUSDT | now=0.6634 | entry=0.5884 | PnL=+12.75%
2026-06-16 14:47:40,950 [INFO] [EXIT] TP hit for WLDUSDT.
2026-06-16 14:47:41,876 [ERROR] [EXIT] Binance error exiting WLDUSDT: APIError(code=-2010): Account has insufficient balance for requested action.
2026-06-16 14:47:41,876 [INFO] [INVENTORY] 14/10 slots used — -4 vacant.
2026-06-16 14:47:41,876 [INFO] [STANDBY] Maximum capacity reached.
2026-06-16 14:47:41,876 [INFO] [SLEEP] Sleeping for 120s…
2026-06-16 14:49:41,891 [INFO] ======================================================================
2026-06-16 14:49:41,891 [INFO] [LOOP] Cycle #52 | 2026-06-16 14:49:41
2026-06-16 14:49:41,891 [INFO] [MONITOR] Evaluating 14 open positions…
2026-06-16 14:49:42,004 [INFO] [DATA] TRXUSDT | now=0.3175 | entry=0.3180 | PnL=-0.16%
2026-06-16 14:49:42,123 [INFO] [DATA] XRPUSDT | now=1.2398 | entry=1.2284 | PnL=+0.93%
2026-06-16 14:49:42,269 [INFO] [DATA] ADAUSDT | now=0.1795 | entry=0.1778 | PnL=+0.96%
2026-06-16 14:49:42,469 [INFO] [DATA] XLMUSDT | now=0.2232 | entry=0.2156 | PnL=+3.53%
2026-06-16 14:49:42,691 [INFO] [DATA] SOLUSDT | now=74.9300 | entry=73.9000 | PnL=+1.39%
2026-06-16 14:49:42,832 [INFO] [DATA] NEARUSDT | now=2.4860 | entry=2.4410 | PnL=+1.84%
2026-06-16 14:49:42,972 [INFO] [DATA] TAOUSDT | now=267.6000 | entry=263.1000 | PnL=+1.71%
2026-06-16 14:49:43,088 [INFO] [DATA] OPGUSDT | now=0.1606 | entry=0.1597 | PnL=+0.56%
2026-06-16 14:49:43,214 [INFO] [DATA] ZECUSDT | now=522.2400 | entry=525.0000 | PnL=-0.53%
2026-06-16 14:49:43,341 [INFO] [DATA] SUIUSDT | now=0.8010 | entry=0.7862 | PnL=+1.88%
2026-06-16 14:49:43,459 [INFO] [DATA] BABYUSDT | now=0.0182 | entry=0.0177 | PnL=+2.71%
2026-06-16 14:49:43,583 [INFO] [DATA] SPCXBUSDT | now=212.0800 | entry=215.0000 | PnL=-1.36%
2026-06-16 14:49:43,746 [INFO] [DATA] JTOUSDT | now=0.7519 | entry=0.7581 | PnL=-0.82%
2026-06-16 14:49:43,875 [INFO] [DATA] WLDUSDT | now=0.6579 | entry=0.5884 | PnL=+11.81%
2026-06-16 14:49:43,875 [INFO] [EXIT] TP hit for WLDUSDT.
2026-06-16 14:49:44,779 [ERROR] [EXIT] Binance error exiting WLDUSDT: APIError(code=-2010): Account has insufficient balance for requested action.
2026-06-16 14:49:44,779 [INFO] [INVENTORY] 14/10 slots used — -4 vacant.
2026-06-16 14:49:44,779 [INFO] [STANDBY] Maximum capacity reached.
2026-06-16 14:49:44,779 [INFO] [SLEEP] Sleeping for 120s…
2026-06-16 14:51:44,789 [INFO] ======================================================================
2026-06-16 14:51:44,789 [INFO] [LOOP] Cycle #53 | 2026-06-16 14:51:44
2026-06-16 14:51:44,789 [INFO] [MONITOR] Evaluating 14 open positions…
2026-06-16 14:51:44,902 [INFO] [DATA] TRXUSDT | now=0.3177 | entry=0.3180 | PnL=-0.09%
2026-06-16 14:51:45,023 [INFO] [DATA] XRPUSDT | now=1.2406 | entry=1.2284 | PnL=+0.99%
2026-06-16 14:51:45,142 [INFO] [DATA] ADAUSDT | now=0.1797 | entry=0.1778 | PnL=+1.07%
2026-06-16 14:51:45,269 [INFO] [DATA] XLMUSDT | now=0.2238 | entry=0.2156 | PnL=+3.80%
2026-06-16 14:51:45,385 [INFO] [DATA] SOLUSDT | now=74.9800 | entry=73.9000 | PnL=+1.46%
2026-06-16 14:51:45,510 [INFO] [DATA] NEARUSDT | now=2.4840 | entry=2.4410 | PnL=+1.76%
2026-06-16 14:51:45,690 [INFO] [DATA] TAOUSDT | now=268.3000 | entry=263.1000 | PnL=+1.98%
2026-06-16 14:51:45,804 [INFO] [DATA] OPGUSDT | now=0.1607 | entry=0.1597 | PnL=+0.63%
2026-06-16 14:51:45,927 [INFO] [DATA] ZECUSDT | now=524.0900 | entry=525.0000 | PnL=-0.17%
2026-06-16 14:51:46,047 [INFO] [DATA] SUIUSDT | now=0.8010 | entry=0.7862 | PnL=+1.88%
2026-06-16 14:51:46,168 [INFO] [DATA] BABYUSDT | now=0.0181 | entry=0.0177 | PnL=+2.04%
2026-06-16 14:51:46,304 [INFO] [DATA] SPCXBUSDT | now=212.5800 | entry=215.0000 | PnL=-1.13%
2026-06-16 14:51:46,442 [INFO] [DATA] JTOUSDT | now=0.7498 | entry=0.7581 | PnL=-1.09%
2026-06-16 14:51:46,565 [INFO] [DATA] WLDUSDT | now=0.6553 | entry=0.5884 | PnL=+11.37%
2026-06-16 14:51:46,565 [INFO] [EXIT] TP hit for WLDUSDT.
2026-06-16 14:51:47,097 [ERROR] [EXIT] Binance error exiting WLDUSDT: APIError(code=-2010): Account has insufficient balance for requested action.
2026-06-16 14:51:47,112 [INFO] [INVENTORY] 14/10 slots used — -4 vacant.
2026-06-16 14:51:47,112 [INFO] [STANDBY] Maximum capacity reached.
2026-06-16 14:51:47,112 [INFO] [SLEEP] Sleeping for 120s…
2026-06-16 14:53:47,114 [INFO] ======================================================================
2026-06-16 14:53:47,114 [INFO] [LOOP] Cycle #54 | 2026-06-16 14:53:47
2026-06-16 14:53:47,115 [INFO] [MONITOR] Evaluating 14 open positions…
2026-06-16 14:53:47,219 [INFO] [DATA] TRXUSDT | now=0.3178 | entry=0.3180 | PnL=-0.06%
2026-06-16 14:53:47,349 [INFO] [DATA] XRPUSDT | now=1.2404 | entry=1.2284 | PnL=+0.98%
2026-06-16 14:53:47,480 [INFO] [DATA] ADAUSDT | now=0.1803 | entry=0.1778 | PnL=+1.41%
2026-06-16 14:53:47,593 [INFO] [DATA] XLMUSDT | now=0.2220 | entry=0.2156 | PnL=+2.97%
2026-06-16 14:53:47,721 [INFO] [DATA] SOLUSDT | now=74.9800 | entry=73.9000 | PnL=+1.46%
2026-06-16 14:53:47,834 [INFO] [DATA] NEARUSDT | now=2.4970 | entry=2.4410 | PnL=+2.29%
2026-06-16 14:53:47,955 [INFO] [DATA] TAOUSDT | now=268.7000 | entry=263.1000 | PnL=+2.13%
2026-06-16 14:53:48,082 [INFO] [DATA] OPGUSDT | now=0.1604 | entry=0.1597 | PnL=+0.44%
2026-06-16 14:53:48,253 [INFO] [DATA] ZECUSDT | now=524.0700 | entry=525.0000 | PnL=-0.18%
2026-06-16 14:53:48,486 [INFO] [DATA] SUIUSDT | now=0.8011 | entry=0.7862 | PnL=+1.90%
2026-06-16 14:53:48,627 [INFO] [DATA] BABYUSDT | now=0.0182 | entry=0.0177 | PnL=+2.77%
2026-06-16 14:53:48,756 [INFO] [DATA] SPCXBUSDT | now=213.0000 | entry=215.0000 | PnL=-0.93%
2026-06-16 14:53:48,931 [INFO] [DATA] JTOUSDT | now=0.7476 | entry=0.7581 | PnL=-1.39%
2026-06-16 14:53:49,046 [INFO] [DATA] WLDUSDT | now=0.6542 | entry=0.5884 | PnL=+11.18%
2026-06-16 14:53:49,046 [INFO] [EXIT] TP hit for WLDUSDT.
2026-06-16 14:53:50,033 [ERROR] [EXIT] Binance error exiting WLDUSDT: APIError(code=-2010): Account has insufficient balance for requested action.
2026-06-16 14:53:50,033 [INFO] [INVENTORY] 14/10 slots used — -4 vacant.
2026-06-16 14:53:50,033 [INFO] [STANDBY] Maximum capacity reached.
2026-06-16 14:53:50,048 [INFO] [SLEEP] Sleeping for 120s…
2026-06-16 14:55:50,049 [INFO] ======================================================================
2026-06-16 14:55:50,049 [INFO] [LOOP] Cycle #55 | 2026-06-16 14:55:50
2026-06-16 14:55:50,049 [INFO] [MONITOR] Evaluating 14 open positions…
2026-06-16 14:55:50,155 [INFO] [DATA] TRXUSDT | now=0.3175 | entry=0.3180 | PnL=-0.16%
2026-06-16 14:55:50,280 [INFO] [DATA] XRPUSDT | now=1.2398 | entry=1.2284 | PnL=+0.93%
2026-06-16 14:55:50,394 [INFO] [DATA] ADAUSDT | now=0.1803 | entry=0.1778 | PnL=+1.41%
2026-06-16 14:55:50,520 [INFO] [DATA] XLMUSDT | now=0.2223 | entry=0.2156 | PnL=+3.11%
2026-06-16 14:55:50,642 [INFO] [DATA] SOLUSDT | now=75.0000 | entry=73.9000 | PnL=+1.49%
2026-06-16 14:55:50,757 [INFO] [DATA] NEARUSDT | now=2.5070 | entry=2.4410 | PnL=+2.70%
2026-06-16 14:55:50,879 [INFO] [DATA] TAOUSDT | now=268.9000 | entry=263.1000 | PnL=+2.20%
2026-06-16 14:55:51,001 [INFO] [DATA] OPGUSDT | now=0.1604 | entry=0.1597 | PnL=+0.44%
2026-06-16 14:55:51,133 [INFO] [DATA] ZECUSDT | now=525.0000 | entry=525.0000 | PnL=+0.00%
2026-06-16 14:55:51,243 [INFO] [DATA] SUIUSDT | now=0.8008 | entry=0.7862 | PnL=+1.86%
2026-06-16 14:55:51,381 [INFO] [DATA] BABYUSDT | now=0.0181 | entry=0.0177 | PnL=+2.54%
2026-06-16 14:55:51,498 [INFO] [DATA] SPCXBUSDT | now=213.2700 | entry=215.0000 | PnL=-0.80%
2026-06-16 14:55:51,620 [INFO] [DATA] JTOUSDT | now=0.7463 | entry=0.7581 | PnL=-1.56%
2026-06-16 14:55:51,755 [INFO] [DATA] WLDUSDT | now=0.6489 | entry=0.5884 | PnL=+10.28%
2026-06-16 14:55:51,755 [INFO] [INVENTORY] 14/10 slots used — -4 vacant.
2026-06-16 14:55:51,770 [INFO] [STANDBY] Maximum capacity reached.
2026-06-16 14:55:51,770 [INFO] [SLEEP] Sleeping for 120s…
2026-06-16 14:57:51,771 [INFO] ======================================================================
2026-06-16 14:57:51,771 [INFO] [LOOP] Cycle #56 | 2026-06-16 14:57:51
2026-06-16 14:57:51,771 [INFO] [MONITOR] Evaluating 14 open positions…
2026-06-16 14:57:52,089 [INFO] [DATA] TRXUSDT | now=0.3176 | entry=0.3180 | PnL=-0.13%
2026-06-16 14:57:52,203 [INFO] [DATA] XRPUSDT | now=1.2390 | entry=1.2284 | PnL=+0.86%
2026-06-16 14:57:52,322 [INFO] [DATA] ADAUSDT | now=0.1801 | entry=0.1778 | PnL=+1.29%
2026-06-16 14:57:52,445 [INFO] [DATA] XLMUSDT | now=0.2213 | entry=0.2156 | PnL=+2.64%
2026-06-16 14:57:52,569 [INFO] [DATA] SOLUSDT | now=74.9700 | entry=73.9000 | PnL=+1.45%
2026-06-16 14:57:52,691 [INFO] [DATA] NEARUSDT | now=2.5110 | entry=2.4410 | PnL=+2.87%
2026-06-16 14:57:52,813 [INFO] [DATA] TAOUSDT | now=268.3000 | entry=263.1000 | PnL=+1.98%
2026-06-16 14:57:52,930 [INFO] [DATA] OPGUSDT | now=0.1612 | entry=0.1597 | PnL=+0.94%
2026-06-16 14:57:53,060 [INFO] [DATA] ZECUSDT | now=524.5000 | entry=525.0000 | PnL=-0.10%
2026-06-16 14:57:53,176 [INFO] [DATA] SUIUSDT | now=0.8007 | entry=0.7862 | PnL=+1.84%
2026-06-16 14:57:53,322 [INFO] [DATA] BABYUSDT | now=0.0183 | entry=0.0177 | PnL=+3.22%
2026-06-16 14:57:53,502 [INFO] [DATA] SPCXBUSDT | now=213.2700 | entry=215.0000 | PnL=-0.80%
2026-06-16 14:57:53,627 [INFO] [DATA] JTOUSDT | now=0.7516 | entry=0.7581 | PnL=-0.86%
2026-06-16 14:57:53,748 [INFO] [DATA] WLDUSDT | now=0.6512 | entry=0.5884 | PnL=+10.67%
2026-06-16 14:57:53,748 [INFO] [INVENTORY] 14/10 slots used — -4 vacant.
2026-06-16 14:57:53,748 [INFO] [STANDBY] Maximum capacity reached.
2026-06-16 14:57:53,763 [INFO] [SLEEP] Sleeping for 120s…
2026-06-16 14:59:53,764 [INFO] ======================================================================
2026-06-16 14:59:53,764 [INFO] [LOOP] Cycle #57 | 2026-06-16 14:59:53
2026-06-16 14:59:53,764 [INFO] [MONITOR] Evaluating 14 open positions…
2026-06-16 14:59:53,916 [INFO] [DATA] TRXUSDT | now=0.3176 | entry=0.3180 | PnL=-0.13%
2026-06-16 14:59:54,254 [INFO] [DATA] XRPUSDT | now=1.2387 | entry=1.2284 | PnL=+0.84%
2026-06-16 14:59:54,537 [INFO] [DATA] ADAUSDT | now=0.1801 | entry=0.1778 | PnL=+1.29%
2026-06-16 14:59:54,738 [INFO] [DATA] XLMUSDT | now=0.2216 | entry=0.2156 | PnL=+2.78%
2026-06-16 14:59:54,899 [INFO] [DATA] SOLUSDT | now=74.9300 | entry=73.9000 | PnL=+1.39%
2026-06-16 14:59:55,072 [INFO] [DATA] NEARUSDT | now=2.5200 | entry=2.4410 | PnL=+3.24%
2026-06-16 14:59:55,872 [INFO] [DATA] TAOUSDT | now=268.0000 | entry=263.1000 | PnL=+1.86%
2026-06-16 14:59:56,101 [INFO] [DATA] OPGUSDT | now=0.1606 | entry=0.1597 | PnL=+0.56%
2026-06-16 14:59:56,390 [INFO] [DATA] ZECUSDT | now=526.1600 | entry=525.0000 | PnL=+0.22%
2026-06-16 14:59:56,541 [INFO] [DATA] SUIUSDT | now=0.8007 | entry=0.7862 | PnL=+1.84%
2026-06-16 14:59:56,673 [INFO] [DATA] BABYUSDT | now=0.0181 | entry=0.0177 | PnL=+2.20%
2026-06-16 14:59:56,791 [INFO] [DATA] SPCXBUSDT | now=213.2400 | entry=215.0000 | PnL=-0.82%
2026-06-16 14:59:56,916 [INFO] [DATA] JTOUSDT | now=0.7557 | entry=0.7581 | PnL=-0.32%
2026-06-16 14:59:57,091 [INFO] [DATA] WLDUSDT | now=0.6496 | entry=0.5884 | PnL=+10.40%
2026-06-16 14:59:57,091 [INFO] [INVENTORY] 14/10 slots used — -4 vacant.
2026-06-16 14:59:57,091 [INFO] [STANDBY] Maximum capacity reached.
2026-06-16 14:59:57,091 [INFO] [SLEEP] Sleeping for 120s…
2026-06-16 15:01:57,096 [INFO] ======================================================================
2026-06-16 15:01:57,096 [INFO] [LOOP] Cycle #58 | 2026-06-16 15:01:57
2026-06-16 15:01:57,096 [INFO] [MONITOR] Evaluating 14 open positions…
2026-06-16 15:01:57,210 [INFO] [DATA] TRXUSDT | now=0.3176 | entry=0.3180 | PnL=-0.13%
2026-06-16 15:01:57,328 [INFO] [DATA] XRPUSDT | now=1.2391 | entry=1.2284 | PnL=+0.87%
2026-06-16 15:01:57,444 [INFO] [DATA] ADAUSDT | now=0.1801 | entry=0.1778 | PnL=+1.29%
2026-06-16 15:01:57,586 [INFO] [DATA] XLMUSDT | now=0.2220 | entry=0.2156 | PnL=+2.97%
2026-06-16 15:01:57,729 [INFO] [DATA] SOLUSDT | now=75.0600 | entry=73.9000 | PnL=+1.57%
2026-06-16 15:01:57,844 [INFO] [DATA] NEARUSDT | now=2.5130 | entry=2.4410 | PnL=+2.95%
2026-06-16 15:01:57,965 [INFO] [DATA] TAOUSDT | now=268.2000 | entry=263.1000 | PnL=+1.94%
2026-06-16 15:01:58,087 [INFO] [DATA] OPGUSDT | now=0.1607 | entry=0.1597 | PnL=+0.63%
2026-06-16 15:01:58,242 [INFO] [DATA] ZECUSDT | now=526.8500 | entry=525.0000 | PnL=+0.35%
2026-06-16 15:01:58,359 [INFO] [DATA] SUIUSDT | now=0.8014 | entry=0.7862 | PnL=+1.93%
2026-06-16 15:01:58,477 [INFO] [DATA] BABYUSDT | now=0.0180 | entry=0.0177 | PnL=+1.98%
2026-06-16 15:01:58,601 [INFO] [DATA] SPCXBUSDT | now=212.4000 | entry=215.0000 | PnL=-1.21%
2026-06-16 15:01:58,719 [INFO] [DATA] JTOUSDT | now=0.7528 | entry=0.7581 | PnL=-0.70%
2026-06-16 15:01:58,857 [INFO] [DATA] WLDUSDT | now=0.6525 | entry=0.5884 | PnL=+10.89%
2026-06-16 15:01:58,857 [INFO] [INVENTORY] 14/10 slots used — -4 vacant.
2026-06-16 15:01:58,857 [INFO] [STANDBY] Maximum capacity reached.
2026-06-16 15:01:58,857 [INFO] [SLEEP] Sleeping for 120s…
2026-06-16 15:03:58,864 [INFO] ======================================================================
2026-06-16 15:03:58,864 [INFO] [LOOP] Cycle #59 | 2026-06-16 15:03:58
2026-06-16 15:03:58,864 [INFO] [MONITOR] Evaluating 14 open positions…
2026-06-16 15:03:58,991 [INFO] [DATA] TRXUSDT | now=0.3176 | entry=0.3180 | PnL=-0.13%
2026-06-16 15:03:59,109 [INFO] [DATA] XRPUSDT | now=1.2398 | entry=1.2284 | PnL=+0.93%
2026-06-16 15:03:59,229 [INFO] [DATA] ADAUSDT | now=0.1801 | entry=0.1778 | PnL=+1.29%
2026-06-16 15:03:59,344 [INFO] [DATA] XLMUSDT | now=0.2216 | entry=0.2156 | PnL=+2.78%
2026-06-16 15:03:59,500 [INFO] [DATA] SOLUSDT | now=75.0300 | entry=73.9000 | PnL=+1.53%
2026-06-16 15:03:59,620 [INFO] [DATA] NEARUSDT | now=2.5140 | entry=2.4410 | PnL=+2.99%
2026-06-16 15:03:59,742 [INFO] [DATA] TAOUSDT | now=269.0000 | entry=263.1000 | PnL=+2.24%
2026-06-16 15:03:59,865 [INFO] [DATA] OPGUSDT | now=0.1591 | entry=0.1597 | PnL=-0.38%
2026-06-16 15:03:59,988 [INFO] [DATA] ZECUSDT | now=528.4100 | entry=525.0000 | PnL=+0.65%
2026-06-16 15:04:00,110 [INFO] [DATA] SUIUSDT | now=0.8011 | entry=0.7862 | PnL=+1.90%
2026-06-16 15:04:00,229 [INFO] [DATA] BABYUSDT | now=0.0181 | entry=0.0177 | PnL=+2.09%
2026-06-16 15:04:00,358 [INFO] [DATA] SPCXBUSDT | now=213.0600 | entry=215.0000 | PnL=-0.90%
2026-06-16 15:04:00,475 [INFO] [DATA] JTOUSDT | now=0.7645 | entry=0.7581 | PnL=+0.84%
2026-06-16 15:04:00,601 [INFO] [DATA] WLDUSDT | now=0.6532 | entry=0.5884 | PnL=+11.01%
2026-06-16 15:04:00,601 [INFO] [INVENTORY] 14/10 slots used — -4 vacant.
2026-06-16 15:04:00,601 [INFO] [STANDBY] Maximum capacity reached.
2026-06-16 15:04:00,601 [INFO] [SLEEP] Sleeping for 120s…
2026-06-16 15:06:00,610 [INFO] ======================================================================
2026-06-16 15:06:00,610 [INFO] [LOOP] Cycle #60 | 2026-06-16 15:06:00
2026-06-16 15:06:00,610 [INFO] [MONITOR] Evaluating 14 open positions…
2026-06-16 15:06:00,733 [INFO] [DATA] TRXUSDT | now=0.3178 | entry=0.3180 | PnL=-0.06%
2026-06-16 15:06:00,844 [INFO] [DATA] XRPUSDT | now=1.2389 | entry=1.2284 | PnL=+0.85%
2026-06-16 15:06:00,964 [INFO] [DATA] ADAUSDT | now=0.1799 | entry=0.1778 | PnL=+1.18%
2026-06-16 15:06:01,084 [INFO] [DATA] XLMUSDT | now=0.2208 | entry=0.2156 | PnL=+2.41%
2026-06-16 15:06:01,217 [INFO] [DATA] SOLUSDT | now=74.9600 | entry=73.9000 | PnL=+1.43%
2026-06-16 15:06:01,351 [INFO] [DATA] NEARUSDT | now=2.5170 | entry=2.4410 | PnL=+3.11%
2026-06-16 15:06:01,510 [INFO] [DATA] TAOUSDT | now=269.6000 | entry=263.1000 | PnL=+2.47%
2026-06-16 15:06:01,628 [INFO] [DATA] OPGUSDT | now=0.1595 | entry=0.1597 | PnL=-0.13%
2026-06-16 15:06:01,744 [INFO] [DATA] ZECUSDT | now=526.3000 | entry=525.0000 | PnL=+0.25%
2026-06-16 15:06:01,866 [INFO] [DATA] SUIUSDT | now=0.8005 | entry=0.7862 | PnL=+1.82%
2026-06-16 15:06:01,984 [INFO] [DATA] BABYUSDT | now=0.0181 | entry=0.0177 | PnL=+2.37%
2026-06-16 15:06:02,105 [INFO] [DATA] SPCXBUSDT | now=213.0600 | entry=215.0000 | PnL=-0.90%
2026-06-16 15:06:02,240 [INFO] [DATA] JTOUSDT | now=0.7688 | entry=0.7581 | PnL=+1.41%
2026-06-16 15:06:02,360 [INFO] [DATA] WLDUSDT | now=0.6504 | entry=0.5884 | PnL=+10.54%
2026-06-16 15:06:02,360 [INFO] [INVENTORY] 14/10 slots used — -4 vacant.
2026-06-16 15:06:02,360 [INFO] [STANDBY] Maximum capacity reached.
2026-06-16 15:06:02,360 [INFO] [SLEEP] Sleeping for 120s…
2026-06-16 15:08:02,365 [INFO] ======================================================================
2026-06-16 15:08:02,365 [INFO] [LOOP] Cycle #61 | 2026-06-16 15:08:02
2026-06-16 15:08:02,365 [INFO] [MONITOR] Evaluating 14 open positions…
2026-06-16 15:08:02,479 [INFO] [DATA] TRXUSDT | now=0.3179 | entry=0.3180 | PnL=-0.03%
2026-06-16 15:08:02,596 [INFO] [DATA] XRPUSDT | now=1.2372 | entry=1.2284 | PnL=+0.72%
2026-06-16 15:08:02,719 [INFO] [DATA] ADAUSDT | now=0.1795 | entry=0.1778 | PnL=+0.96%
2026-06-16 15:08:02,841 [INFO] [DATA] XLMUSDT | now=0.2208 | entry=0.2156 | PnL=+2.41%
2026-06-16 15:08:02,964 [INFO] [DATA] SOLUSDT | now=74.9000 | entry=73.9000 | PnL=+1.35%
2026-06-16 15:08:03,095 [INFO] [DATA] NEARUSDT | now=2.4990 | entry=2.4410 | PnL=+2.38%
2026-06-16 15:08:03,210 [INFO] [DATA] TAOUSDT | now=269.2000 | entry=263.1000 | PnL=+2.32%
2026-06-16 15:08:03,331 [INFO] [DATA] OPGUSDT | now=0.1596 | entry=0.1597 | PnL=-0.06%
2026-06-16 15:08:03,479 [INFO] [DATA] ZECUSDT | now=524.9800 | entry=525.0000 | PnL=-0.00%
2026-06-16 15:08:03,602 [INFO] [DATA] SUIUSDT | now=0.7999 | entry=0.7862 | PnL=+1.74%
2026-06-16 15:08:03,723 [INFO] [DATA] BABYUSDT | now=0.0183 | entry=0.0177 | PnL=+3.22%
2026-06-16 15:08:03,834 [INFO] [DATA] SPCXBUSDT | now=212.6500 | entry=215.0000 | PnL=-1.09%
2026-06-16 15:08:03,957 [INFO] [DATA] JTOUSDT | now=0.7692 | entry=0.7581 | PnL=+1.46%
2026-06-16 15:08:04,078 [INFO] [DATA] WLDUSDT | now=0.6435 | entry=0.5884 | PnL=+9.36%
2026-06-16 15:08:04,093 [INFO] [INVENTORY] 14/10 slots used — -4 vacant.
2026-06-16 15:08:04,093 [INFO] [STANDBY] Maximum capacity reached.
2026-06-16 15:08:04,093 [INFO] [SLEEP] Sleeping for 120s…
2026-06-16 15:10:04,094 [INFO] ======================================================================
2026-06-16 15:10:04,094 [INFO] [LOOP] Cycle #62 | 2026-06-16 15:10:04
2026-06-16 15:10:04,094 [INFO] [MONITOR] Evaluating 14 open positions…
2026-06-16 15:10:04,209 [INFO] [DATA] TRXUSDT | now=0.3179 | entry=0.3180 | PnL=-0.03%
2026-06-16 15:10:04,329 [INFO] [DATA] XRPUSDT | now=1.2386 | entry=1.2284 | PnL=+0.83%
2026-06-16 15:10:04,453 [INFO] [DATA] ADAUSDT | now=0.1799 | entry=0.1778 | PnL=+1.18%
2026-06-16 15:10:04,569 [INFO] [DATA] XLMUSDT | now=0.2204 | entry=0.2156 | PnL=+2.23%
2026-06-16 15:10:04,683 [INFO] [DATA] SOLUSDT | now=75.0200 | entry=73.9000 | PnL=+1.52%
2026-06-16 15:10:04,813 [INFO] [DATA] NEARUSDT | now=2.4990 | entry=2.4410 | PnL=+2.38%
2026-06-16 15:10:04,921 [INFO] [DATA] TAOUSDT | now=268.6000 | entry=263.1000 | PnL=+2.09%
2026-06-16 15:10:05,045 [INFO] [DATA] OPGUSDT | now=0.1603 | entry=0.1597 | PnL=+0.38%
2026-06-16 15:10:05,173 [INFO] [DATA] ZECUSDT | now=525.4400 | entry=525.0000 | PnL=+0.08%
2026-06-16 15:10:05,291 [INFO] [DATA] SUIUSDT | now=0.8001 | entry=0.7862 | PnL=+1.77%
2026-06-16 15:10:05,414 [INFO] [DATA] BABYUSDT | now=0.0181 | entry=0.0177 | PnL=+2.54%
2026-06-16 15:10:05,538 [INFO] [DATA] SPCXBUSDT | now=212.9500 | entry=215.0000 | PnL=-0.95%
2026-06-16 15:10:05,654 [INFO] [DATA] JTOUSDT | now=0.7684 | entry=0.7581 | PnL=+1.36%
2026-06-16 15:10:05,772 [INFO] [DATA] WLDUSDT | now=0.6445 | entry=0.5884 | PnL=+9.53%
2026-06-16 15:10:05,772 [INFO] [INVENTORY] 14/10 slots used — -4 vacant.
2026-06-16 15:10:05,772 [INFO] [STANDBY] Maximum capacity reached.
2026-06-16 15:10:05,772 [INFO] [SLEEP] Sleeping for 120s…
2026-06-16 15:12:05,779 [INFO] ======================================================================
2026-06-16 15:12:05,779 [INFO] [LOOP] Cycle #63 | 2026-06-16 15:12:05
2026-06-16 15:12:05,779 [INFO] [MONITOR] Evaluating 14 open positions…
2026-06-16 15:12:05,886 [INFO] [DATA] TRXUSDT | now=0.3179 | entry=0.3180 | PnL=-0.03%
2026-06-16 15:12:06,009 [INFO] [DATA] XRPUSDT | now=1.2382 | entry=1.2284 | PnL=+0.80%
2026-06-16 15:12:06,128 [INFO] [DATA] ADAUSDT | now=0.1799 | entry=0.1778 | PnL=+1.18%
2026-06-16 15:12:06,247 [INFO] [DATA] XLMUSDT | now=0.2213 | entry=0.2156 | PnL=+2.64%
2026-06-16 15:12:06,372 [INFO] [DATA] SOLUSDT | now=75.0100 | entry=73.9000 | PnL=+1.50%
2026-06-16 15:12:06,489 [INFO] [DATA] NEARUSDT | now=2.5070 | entry=2.4410 | PnL=+2.70%
2026-06-16 15:12:06,608 [INFO] [DATA] TAOUSDT | now=268.5000 | entry=263.1000 | PnL=+2.05%
2026-06-16 15:12:06,728 [INFO] [DATA] OPGUSDT | now=0.1601 | entry=0.1597 | PnL=+0.25%
2026-06-16 15:12:06,859 [INFO] [DATA] ZECUSDT | now=524.9900 | entry=525.0000 | PnL=-0.00%
2026-06-16 15:12:06,969 [INFO] [DATA] SUIUSDT | now=0.8005 | entry=0.7862 | PnL=+1.82%
2026-06-16 15:12:07,093 [INFO] [DATA] BABYUSDT | now=0.0182 | entry=0.0177 | PnL=+2.66%
2026-06-16 15:12:07,213 [INFO] [DATA] SPCXBUSDT | now=212.5500 | entry=215.0000 | PnL=-1.14%
2026-06-16 15:12:07,332 [INFO] [DATA] JTOUSDT | now=0.7675 | entry=0.7581 | PnL=+1.24%
2026-06-16 15:12:07,453 [INFO] [DATA] WLDUSDT | now=0.6514 | entry=0.5884 | PnL=+10.71%
2026-06-16 15:12:07,453 [INFO] [INVENTORY] 14/10 slots used — -4 vacant.
2026-06-16 15:12:07,453 [INFO] [STANDBY] Maximum capacity reached.
2026-06-16 15:12:07,453 [INFO] [SLEEP] Sleeping for 120s…
2026-06-16 15:14:07,460 [INFO] ======================================================================
2026-06-16 15:14:07,460 [INFO] [LOOP] Cycle #64 | 2026-06-16 15:14:07
2026-06-16 15:14:07,460 [INFO] [MONITOR] Evaluating 14 open positions…
2026-06-16 15:14:07,580 [INFO] [DATA] TRXUSDT | now=0.3179 | entry=0.3180 | PnL=-0.03%
2026-06-16 15:14:07,717 [INFO] [DATA] XRPUSDT | now=1.2401 | entry=1.2284 | PnL=+0.95%
2026-06-16 15:14:07,829 [INFO] [DATA] ADAUSDT | now=0.1801 | entry=0.1778 | PnL=+1.29%
2026-06-16 15:14:07,986 [INFO] [DATA] XLMUSDT | now=0.2222 | entry=0.2156 | PnL=+3.06%
2026-06-16 15:14:08,103 [INFO] [DATA] SOLUSDT | now=75.1300 | entry=73.9000 | PnL=+1.66%
2026-06-16 15:14:08,235 [INFO] [DATA] NEARUSDT | now=2.5010 | entry=2.4410 | PnL=+2.46%
2026-06-16 15:14:08,349 [INFO] [DATA] TAOUSDT | now=268.5000 | entry=263.1000 | PnL=+2.05%
2026-06-16 15:14:08,467 [INFO] [DATA] OPGUSDT | now=0.1598 | entry=0.1597 | PnL=+0.06%
2026-06-16 15:14:08,608 [INFO] [DATA] ZECUSDT | now=523.4700 | entry=525.0000 | PnL=-0.29%
2026-06-16 15:14:08,724 [INFO] [DATA] SUIUSDT | now=0.8011 | entry=0.7862 | PnL=+1.90%
2026-06-16 15:14:08,838 [INFO] [DATA] BABYUSDT | now=0.0182 | entry=0.0177 | PnL=+2.83%
2026-06-16 15:14:08,991 [INFO] [DATA] SPCXBUSDT | now=212.6600 | entry=215.0000 | PnL=-1.09%
2026-06-16 15:14:09,152 [INFO] [DATA] JTOUSDT | now=0.7680 | entry=0.7581 | PnL=+1.31%
2026-06-16 15:14:09,284 [INFO] [DATA] WLDUSDT | now=0.6498 | entry=0.5884 | PnL=+10.44%
2026-06-16 15:14:09,286 [INFO] [INVENTORY] 14/10 slots used — -4 vacant.
2026-06-16 15:14:09,286 [INFO] [STANDBY] Maximum capacity reached.
2026-06-16 15:14:09,286 [INFO] [SLEEP] Sleeping for 120s…
2026-06-16 15:16:09,286 [INFO] ======================================================================
2026-06-16 15:16:09,286 [INFO] [LOOP] Cycle #65 | 2026-06-16 15:16:09
2026-06-16 15:16:09,286 [INFO] [MONITOR] Evaluating 14 open positions…
2026-06-16 15:16:09,616 [INFO] [DATA] TRXUSDT | now=0.3179 | entry=0.3180 | PnL=-0.03%
2026-06-16 15:16:10,142 [INFO] [DATA] XRPUSDT | now=1.2395 | entry=1.2284 | PnL=+0.90%
2026-06-16 15:16:10,366 [INFO] [DATA] ADAUSDT | now=0.1798 | entry=0.1778 | PnL=+1.12%
2026-06-16 15:16:10,619 [INFO] [DATA] XLMUSDT | now=0.2211 | entry=0.2156 | PnL=+2.55%
2026-06-16 15:16:10,786 [INFO] [DATA] SOLUSDT | now=75.0200 | entry=73.9000 | PnL=+1.52%
2026-06-16 15:16:10,911 [INFO] [DATA] NEARUSDT | now=2.4960 | entry=2.4410 | PnL=+2.25%
2026-06-16 15:16:11,032 [INFO] [DATA] TAOUSDT | now=267.9000 | entry=263.1000 | PnL=+1.82%
2026-06-16 15:16:11,155 [INFO] [DATA] OPGUSDT | now=0.1597 | entry=0.1597 | PnL=+0.00%
2026-06-16 15:16:11,289 [INFO] [DATA] ZECUSDT | now=523.1800 | entry=525.0000 | PnL=-0.35%
2026-06-16 15:16:11,448 [INFO] [DATA] SUIUSDT | now=0.7999 | entry=0.7862 | PnL=+1.74%
2026-06-16 15:16:11,640 [INFO] [DATA] BABYUSDT | now=0.0180 | entry=0.0177 | PnL=+1.92%
2026-06-16 15:16:11,870 [INFO] [DATA] SPCXBUSDT | now=211.7900 | entry=215.0000 | PnL=-1.49%
2026-06-16 15:16:12,074 [INFO] [DATA] JTOUSDT | now=0.7595 | entry=0.7581 | PnL=+0.18%
2026-06-16 15:16:12,384 [INFO] [DATA] WLDUSDT | now=0.6541 | entry=0.5884 | PnL=+11.17%
2026-06-16 15:16:12,384 [INFO] [EXIT] TP hit for WLDUSDT.
2026-06-16 15:16:12,987 [ERROR] [EXIT] Binance error exiting WLDUSDT: APIError(code=-2010): Account has insufficient balance for requested action.
2026-06-16 15:16:12,987 [INFO] [INVENTORY] 14/10 slots used — -4 vacant.
2026-06-16 15:16:12,987 [INFO] [STANDBY] Maximum capacity reached.
2026-06-16 15:16:12,987 [INFO] [SLEEP] Sleeping for 120s…
2026-06-16 15:18:13,000 [INFO] ======================================================================
2026-06-16 15:18:13,000 [INFO] [LOOP] Cycle #66 | 2026-06-16 15:18:13
2026-06-16 15:18:13,000 [INFO] [MONITOR] Evaluating 14 open positions…
2026-06-16 15:18:13,118 [INFO] [DATA] TRXUSDT | now=0.3179 | entry=0.3180 | PnL=-0.03%
2026-06-16 15:18:13,238 [INFO] [DATA] XRPUSDT | now=1.2391 | entry=1.2284 | PnL=+0.87%
2026-06-16 15:18:13,354 [INFO] [DATA] ADAUSDT | now=0.1797 | entry=0.1778 | PnL=+1.07%
2026-06-16 15:18:13,473 [INFO] [DATA] XLMUSDT | now=0.2206 | entry=0.2156 | PnL=+2.32%
2026-06-16 15:18:13,593 [INFO] [DATA] SOLUSDT | now=74.9300 | entry=73.9000 | PnL=+1.39%
2026-06-16 15:18:13,707 [INFO] [DATA] NEARUSDT | now=2.4960 | entry=2.4410 | PnL=+2.25%
2026-06-16 15:18:13,848 [INFO] [DATA] TAOUSDT | now=267.0000 | entry=263.1000 | PnL=+1.48%
2026-06-16 15:18:13,962 [INFO] [DATA] OPGUSDT | now=0.1602 | entry=0.1597 | PnL=+0.31%
2026-06-16 15:18:14,084 [INFO] [DATA] ZECUSDT | now=522.0000 | entry=525.0000 | PnL=-0.57%
2026-06-16 15:18:14,210 [INFO] [DATA] SUIUSDT | now=0.7988 | entry=0.7862 | PnL=+1.60%
2026-06-16 15:18:14,333 [INFO] [DATA] BABYUSDT | now=0.0181 | entry=0.0177 | PnL=+2.32%
2026-06-16 15:18:14,445 [INFO] [DATA] SPCXBUSDT | now=211.3700 | entry=215.0000 | PnL=-1.69%
2026-06-16 15:18:14,569 [INFO] [DATA] JTOUSDT | now=0.7563 | entry=0.7581 | PnL=-0.24%
2026-06-16 15:18:14,697 [INFO] [DATA] WLDUSDT | now=0.6481 | entry=0.5884 | PnL=+10.15%
2026-06-16 15:18:14,697 [INFO] [INVENTORY] 14/10 slots used — -4 vacant.
2026-06-16 15:18:14,697 [INFO] [STANDBY] Maximum capacity reached.
2026-06-16 15:18:14,698 [INFO] [SLEEP] Sleeping for 120s…
2026-06-16 15:20:14,699 [INFO] ======================================================================
2026-06-16 15:20:14,699 [INFO] [LOOP] Cycle #67 | 2026-06-16 15:20:14
2026-06-16 15:20:14,699 [INFO] [MONITOR] Evaluating 14 open positions…
2026-06-16 15:20:14,814 [INFO] [DATA] TRXUSDT | now=0.3178 | entry=0.3180 | PnL=-0.06%
2026-06-16 15:20:14,928 [INFO] [DATA] XRPUSDT | now=1.2390 | entry=1.2284 | PnL=+0.86%
2026-06-16 15:20:15,051 [INFO] [DATA] ADAUSDT | now=0.1795 | entry=0.1778 | PnL=+0.96%
2026-06-16 15:20:15,166 [INFO] [DATA] XLMUSDT | now=0.2207 | entry=0.2156 | PnL=+2.37%
2026-06-16 15:20:15,287 [INFO] [DATA] SOLUSDT | now=74.9000 | entry=73.9000 | PnL=+1.35%
2026-06-16 15:20:15,433 [INFO] [DATA] NEARUSDT | now=2.4950 | entry=2.4410 | PnL=+2.21%
2026-06-16 15:20:15,619 [INFO] [DATA] TAOUSDT | now=266.9000 | entry=263.1000 | PnL=+1.44%
2026-06-16 15:20:15,930 [INFO] [DATA] OPGUSDT | now=0.1591 | entry=0.1597 | PnL=-0.38%
2026-06-16 15:20:16,058 [INFO] [DATA] ZECUSDT | now=521.8200 | entry=525.0000 | PnL=-0.61%
2026-06-16 15:20:16,274 [INFO] [DATA] SUIUSDT | now=0.7986 | entry=0.7862 | PnL=+1.58%
2026-06-16 15:20:16,389 [INFO] [DATA] BABYUSDT | now=0.0180 | entry=0.0177 | PnL=+1.98%
2026-06-16 15:20:16,507 [INFO] [DATA] SPCXBUSDT | now=211.7300 | entry=215.0000 | PnL=-1.52%
2026-06-16 15:20:16,628 [INFO] [DATA] JTOUSDT | now=0.7574 | entry=0.7581 | PnL=-0.09%
2026-06-16 15:20:16,736 [INFO] [DATA] WLDUSDT | now=0.6515 | entry=0.5884 | PnL=+10.72%
2026-06-16 15:20:16,736 [INFO] [INVENTORY] 14/10 slots used — -4 vacant.
2026-06-16 15:20:16,736 [INFO] [STANDBY] Maximum capacity reached.
2026-06-16 15:20:16,736 [INFO] [SLEEP] Sleeping for 120s…
2026-06-16 15:22:16,750 [INFO] ======================================================================
2026-06-16 15:22:16,750 [INFO] [LOOP] Cycle #68 | 2026-06-16 15:22:16
2026-06-16 15:22:16,750 [INFO] [MONITOR] Evaluating 14 open positions…
2026-06-16 15:22:16,864 [INFO] [DATA] TRXUSDT | now=0.3178 | entry=0.3180 | PnL=-0.06%
2026-06-16 15:22:16,989 [INFO] [DATA] XRPUSDT | now=1.2402 | entry=1.2284 | PnL=+0.96%
2026-06-16 15:22:17,103 [INFO] [DATA] ADAUSDT | now=0.1799 | entry=0.1778 | PnL=+1.18%
2026-06-16 15:22:17,224 [INFO] [DATA] XLMUSDT | now=0.2218 | entry=0.2156 | PnL=+2.88%
2026-06-16 15:22:17,346 [INFO] [DATA] SOLUSDT | now=74.9700 | entry=73.9000 | PnL=+1.45%
2026-06-16 15:22:17,465 [INFO] [DATA] NEARUSDT | now=2.4960 | entry=2.4410 | PnL=+2.25%
2026-06-16 15:22:17,582 [INFO] [DATA] TAOUSDT | now=267.3000 | entry=263.1000 | PnL=+1.60%
2026-06-16 15:22:17,702 [INFO] [DATA] OPGUSDT | now=0.1584 | entry=0.1597 | PnL=-0.81%
2026-06-16 15:22:17,821 [INFO] [DATA] ZECUSDT | now=521.9900 | entry=525.0000 | PnL=-0.57%
2026-06-16 15:22:17,949 [INFO] [DATA] SUIUSDT | now=0.7986 | entry=0.7862 | PnL=+1.58%
2026-06-16 15:22:18,061 [INFO] [DATA] BABYUSDT | now=0.0180 | entry=0.0177 | PnL=+1.70%
2026-06-16 15:22:18,180 [INFO] [DATA] SPCXBUSDT | now=212.0000 | entry=215.0000 | PnL=-1.40%
2026-06-16 15:22:18,300 [INFO] [DATA] JTOUSDT | now=0.7494 | entry=0.7581 | PnL=-1.15%
2026-06-16 15:22:18,424 [INFO] [DATA] WLDUSDT | now=0.6513 | entry=0.5884 | PnL=+10.69%
2026-06-16 15:22:18,424 [INFO] [INVENTORY] 14/10 slots used — -4 vacant.
2026-06-16 15:22:18,424 [INFO] [STANDBY] Maximum capacity reached.
2026-06-16 15:22:18,424 [INFO] [SLEEP] Sleeping for 120s…
2026-06-16 15:24:18,435 [INFO] ======================================================================
2026-06-16 15:24:18,435 [INFO] [LOOP] Cycle #69 | 2026-06-16 15:24:18
2026-06-16 15:24:18,435 [INFO] [MONITOR] Evaluating 14 open positions…
2026-06-16 15:24:18,548 [INFO] [DATA] TRXUSDT | now=0.3179 | entry=0.3180 | PnL=-0.03%
2026-06-16 15:24:18,667 [INFO] [DATA] XRPUSDT | now=1.2403 | entry=1.2284 | PnL=+0.97%
2026-06-16 15:24:18,796 [INFO] [DATA] ADAUSDT | now=0.1799 | entry=0.1778 | PnL=+1.18%
2026-06-16 15:24:18,911 [INFO] [DATA] XLMUSDT | now=0.2217 | entry=0.2156 | PnL=+2.83%
2026-06-16 15:24:19,030 [INFO] [DATA] SOLUSDT | now=74.9900 | entry=73.9000 | PnL=+1.47%
2026-06-16 15:24:19,139 [INFO] [DATA] NEARUSDT | now=2.5010 | entry=2.4410 | PnL=+2.46%
2026-06-16 15:24:19,265 [INFO] [DATA] TAOUSDT | now=267.9000 | entry=263.1000 | PnL=+1.82%
2026-06-16 15:24:19,386 [INFO] [DATA] OPGUSDT | now=0.1586 | entry=0.1597 | PnL=-0.69%
2026-06-16 15:24:19,512 [INFO] [DATA] ZECUSDT | now=522.0700 | entry=525.0000 | PnL=-0.56%
2026-06-16 15:24:19,630 [INFO] [DATA] SUIUSDT | now=0.7989 | entry=0.7862 | PnL=+1.62%
2026-06-16 15:24:19,743 [INFO] [DATA] BABYUSDT | now=0.0177 | entry=0.0177 | PnL=+0.23%
2026-06-16 15:24:19,888 [INFO] [DATA] SPCXBUSDT | now=211.4000 | entry=215.0000 | PnL=-1.67%
2026-06-16 15:24:20,107 [INFO] [DATA] JTOUSDT | now=0.7487 | entry=0.7581 | PnL=-1.24%
2026-06-16 15:24:20,220 [INFO] [DATA] WLDUSDT | now=0.6549 | entry=0.5884 | PnL=+11.30%
2026-06-16 15:24:20,220 [INFO] [EXIT] TP hit for WLDUSDT.
2026-06-16 15:24:21,098 [ERROR] [EXIT] Binance error exiting WLDUSDT: APIError(code=-2010): Account has insufficient balance for requested action.
2026-06-16 15:24:21,098 [INFO] [INVENTORY] 14/10 slots used — -4 vacant.
2026-06-16 15:24:21,098 [INFO] [STANDBY] Maximum capacity reached.
2026-06-16 15:24:21,098 [INFO] [SLEEP] Sleeping for 120s…
2026-06-16 15:26:21,106 [INFO] ======================================================================
2026-06-16 15:26:21,106 [INFO] [LOOP] Cycle #70 | 2026-06-16 15:26:21
2026-06-16 15:26:21,106 [INFO] [MONITOR] Evaluating 14 open positions…
2026-06-16 15:26:21,256 [INFO] [DATA] TRXUSDT | now=0.3179 | entry=0.3180 | PnL=-0.03%
2026-06-16 15:26:21,489 [INFO] [DATA] XRPUSDT | now=1.2400 | entry=1.2284 | PnL=+0.94%
2026-06-16 15:26:21,632 [INFO] [DATA] ADAUSDT | now=0.1801 | entry=0.1778 | PnL=+1.29%
2026-06-16 15:26:21,758 [INFO] [DATA] XLMUSDT | now=0.2228 | entry=0.2156 | PnL=+3.34%
2026-06-16 15:26:21,871 [INFO] [DATA] SOLUSDT | now=74.9300 | entry=73.9000 | PnL=+1.39%
2026-06-16 15:26:22,005 [INFO] [DATA] NEARUSDT | now=2.5020 | entry=2.4410 | PnL=+2.50%
2026-06-16 15:26:22,184 [INFO] [DATA] TAOUSDT | now=267.8000 | entry=263.1000 | PnL=+1.79%
2026-06-16 15:26:22,328 [INFO] [DATA] OPGUSDT | now=0.1589 | entry=0.1597 | PnL=-0.50%
2026-06-16 15:26:22,645 [INFO] [DATA] ZECUSDT | now=521.6700 | entry=525.0000 | PnL=-0.63%
2026-06-16 15:26:23,048 [INFO] [DATA] SUIUSDT | now=0.7988 | entry=0.7862 | PnL=+1.60%
2026-06-16 15:26:23,241 [INFO] [DATA] BABYUSDT | now=0.0175 | entry=0.0177 | PnL=-0.85%
2026-06-16 15:26:23,458 [INFO] [DATA] SPCXBUSDT | now=211.1500 | entry=215.0000 | PnL=-1.79%
2026-06-16 15:26:23,596 [INFO] [DATA] JTOUSDT | now=0.7500 | entry=0.7581 | PnL=-1.07%
2026-06-16 15:26:23,712 [INFO] [DATA] WLDUSDT | now=0.6547 | entry=0.5884 | PnL=+11.27%
2026-06-16 15:26:23,712 [INFO] [EXIT] TP hit for WLDUSDT.
2026-06-16 15:26:24,369 [ERROR] [EXIT] Binance error exiting WLDUSDT: APIError(code=-2010): Account has insufficient balance for requested action.
2026-06-16 15:26:24,382 [INFO] [INVENTORY] 14/10 slots used — -4 vacant.
2026-06-16 15:26:24,383 [INFO] [STANDBY] Maximum capacity reached.
2026-06-16 15:26:24,383 [INFO] [SLEEP] Sleeping for 120s…
2026-06-16 15:28:24,384 [INFO] ======================================================================
2026-06-16 15:28:24,384 [INFO] [LOOP] Cycle #71 | 2026-06-16 15:28:24
2026-06-16 15:28:24,384 [INFO] [MONITOR] Evaluating 14 open positions…
2026-06-16 15:28:24,499 [INFO] [DATA] TRXUSDT | now=0.3177 | entry=0.3180 | PnL=-0.09%
2026-06-16 15:28:24,616 [INFO] [DATA] XRPUSDT | now=1.2389 | entry=1.2284 | PnL=+0.85%
2026-06-16 15:28:24,749 [INFO] [DATA] ADAUSDT | now=0.1800 | entry=0.1778 | PnL=+1.24%
2026-06-16 15:28:24,862 [INFO] [DATA] XLMUSDT | now=0.2229 | entry=0.2156 | PnL=+3.39%
2026-06-16 15:28:24,984 [INFO] [DATA] SOLUSDT | now=74.8400 | entry=73.9000 | PnL=+1.27%
2026-06-16 15:28:25,099 [INFO] [DATA] NEARUSDT | now=2.5070 | entry=2.4410 | PnL=+2.70%
2026-06-16 15:28:25,227 [INFO] [DATA] TAOUSDT | now=267.5000 | entry=263.1000 | PnL=+1.67%
2026-06-16 15:28:25,341 [INFO] [DATA] OPGUSDT | now=0.1599 | entry=0.1597 | PnL=+0.13%
2026-06-16 15:28:25,460 [INFO] [DATA] ZECUSDT | now=521.9800 | entry=525.0000 | PnL=-0.58%
2026-06-16 15:28:25,593 [INFO] [DATA] SUIUSDT | now=0.7982 | entry=0.7862 | PnL=+1.53%
2026-06-16 15:28:25,738 [INFO] [DATA] BABYUSDT | now=0.0175 | entry=0.0177 | PnL=-1.36%
2026-06-16 15:28:25,856 [INFO] [DATA] SPCXBUSDT | now=210.9100 | entry=215.0000 | PnL=-1.90%
2026-06-16 15:28:25,977 [INFO] [DATA] JTOUSDT | now=0.7516 | entry=0.7581 | PnL=-0.86%
2026-06-16 15:28:26,108 [INFO] [DATA] WLDUSDT | now=0.6568 | entry=0.5884 | PnL=+11.62%
2026-06-16 15:28:26,108 [INFO] [EXIT] TP hit for WLDUSDT.
2026-06-16 15:28:27,026 [ERROR] [EXIT] Binance error exiting WLDUSDT: APIError(code=-2010): Account has insufficient balance for requested action.
2026-06-16 15:28:27,026 [INFO] [INVENTORY] 14/10 slots used — -4 vacant.
2026-06-16 15:28:27,026 [INFO] [STANDBY] Maximum capacity reached.
2026-06-16 15:28:27,026 [INFO] [SLEEP] Sleeping for 120s…
2026-06-16 15:30:27,035 [INFO] ======================================================================
2026-06-16 15:30:27,035 [INFO] [LOOP] Cycle #72 | 2026-06-16 15:30:27
2026-06-16 15:30:27,035 [INFO] [MONITOR] Evaluating 14 open positions…
2026-06-16 15:30:27,157 [INFO] [DATA] TRXUSDT | now=0.3176 | entry=0.3180 | PnL=-0.13%
2026-06-16 15:30:27,300 [INFO] [DATA] XRPUSDT | now=1.2385 | entry=1.2284 | PnL=+0.82%
2026-06-16 15:30:27,570 [INFO] [DATA] ADAUSDT | now=0.1795 | entry=0.1778 | PnL=+0.96%
2026-06-16 15:30:27,697 [INFO] [DATA] XLMUSDT | now=0.2234 | entry=0.2156 | PnL=+3.62%
2026-06-16 15:30:28,007 [INFO] [DATA] SOLUSDT | now=74.8700 | entry=73.9000 | PnL=+1.31%
2026-06-16 15:30:28,123 [INFO] [DATA] NEARUSDT | now=2.5040 | entry=2.4410 | PnL=+2.58%
2026-06-16 15:30:28,249 [INFO] [DATA] TAOUSDT | now=267.2000 | entry=263.1000 | PnL=+1.56%
2026-06-16 15:30:28,368 [INFO] [DATA] OPGUSDT | now=0.1593 | entry=0.1597 | PnL=-0.25%
2026-06-16 15:30:28,535 [INFO] [DATA] ZECUSDT | now=520.7100 | entry=525.0000 | PnL=-0.82%
2026-06-16 15:30:28,651 [INFO] [DATA] SUIUSDT | now=0.7979 | entry=0.7862 | PnL=+1.49%
2026-06-16 15:30:28,779 [INFO] [DATA] BABYUSDT | now=0.0175 | entry=0.0177 | PnL=-0.85%
2026-06-16 15:30:28,895 [INFO] [DATA] SPCXBUSDT | now=211.6700 | entry=215.0000 | PnL=-1.55%
2026-06-16 15:30:29,016 [INFO] [DATA] JTOUSDT | now=0.7504 | entry=0.7581 | PnL=-1.02%
2026-06-16 15:30:29,135 [INFO] [DATA] WLDUSDT | now=0.6589 | entry=0.5884 | PnL=+11.98%
2026-06-16 15:30:29,135 [INFO] [EXIT] TP hit for WLDUSDT.
2026-06-16 15:30:29,965 [ERROR] [EXIT] Binance error exiting WLDUSDT: APIError(code=-2010): Account has insufficient balance for requested action.
2026-06-16 15:30:29,965 [INFO] [INVENTORY] 14/10 slots used — -4 vacant.
2026-06-16 15:30:29,965 [INFO] [STANDBY] Maximum capacity reached.
2026-06-16 15:30:29,965 [INFO] [SLEEP] Sleeping for 120s…
2026-06-16 15:32:29,974 [INFO] ======================================================================
2026-06-16 15:32:29,974 [INFO] [LOOP] Cycle #73 | 2026-06-16 15:32:29
2026-06-16 15:32:29,974 [INFO] [MONITOR] Evaluating 14 open positions…
2026-06-16 15:32:30,141 [INFO] [DATA] TRXUSDT | now=0.3177 | entry=0.3180 | PnL=-0.09%
2026-06-16 15:32:30,271 [INFO] [DATA] XRPUSDT | now=1.2374 | entry=1.2284 | PnL=+0.73%
2026-06-16 15:32:30,387 [INFO] [DATA] ADAUSDT | now=0.1795 | entry=0.1778 | PnL=+0.96%
2026-06-16 15:32:30,536 [INFO] [DATA] XLMUSDT | now=0.2227 | entry=0.2156 | PnL=+3.29%
2026-06-16 15:32:30,720 [INFO] [DATA] SOLUSDT | now=74.8700 | entry=73.9000 | PnL=+1.31%
2026-06-16 15:32:30,834 [INFO] [DATA] NEARUSDT | now=2.5120 | entry=2.4410 | PnL=+2.91%
2026-06-16 15:32:30,970 [INFO] [DATA] TAOUSDT | now=267.3000 | entry=263.1000 | PnL=+1.60%
2026-06-16 15:32:31,126 [INFO] [DATA] OPGUSDT | now=0.1587 | entry=0.1597 | PnL=-0.63%
2026-06-16 15:32:31,244 [INFO] [DATA] ZECUSDT | now=520.8200 | entry=525.0000 | PnL=-0.80%
2026-06-16 15:32:31,368 [INFO] [DATA] SUIUSDT | now=0.7971 | entry=0.7862 | PnL=+1.39%
2026-06-16 15:32:31,489 [INFO] [DATA] BABYUSDT | now=0.0176 | entry=0.0177 | PnL=-0.51%
2026-06-16 15:32:31,645 [INFO] [DATA] SPCXBUSDT | now=212.0100 | entry=215.0000 | PnL=-1.39%
2026-06-16 15:32:31,780 [INFO] [DATA] JTOUSDT | now=0.7497 | entry=0.7581 | PnL=-1.11%
2026-06-16 15:32:31,904 [INFO] [DATA] WLDUSDT | now=0.6602 | entry=0.5884 | PnL=+12.20%
2026-06-16 15:32:31,904 [INFO] [EXIT] TP hit for WLDUSDT.
2026-06-16 15:32:32,560 [ERROR] [EXIT] Binance error exiting WLDUSDT: APIError(code=-2010): Account has insufficient balance for requested action.
2026-06-16 15:32:32,560 [INFO] [INVENTORY] 14/10 slots used — -4 vacant.
2026-06-16 15:32:32,560 [INFO] [STANDBY] Maximum capacity reached.
2026-06-16 15:32:32,560 [INFO] [SLEEP] Sleeping for 120s…
2026-06-16 15:34:32,575 [INFO] ======================================================================
2026-06-16 15:34:32,575 [INFO] [LOOP] Cycle #74 | 2026-06-16 15:34:32
2026-06-16 15:34:32,575 [INFO] [MONITOR] Evaluating 14 open positions…
2026-06-16 15:34:32,684 [INFO] [DATA] TRXUSDT | now=0.3177 | entry=0.3180 | PnL=-0.09%
2026-06-16 15:34:32,842 [INFO] [DATA] XRPUSDT | now=1.2379 | entry=1.2284 | PnL=+0.77%
2026-06-16 15:34:32,955 [INFO] [DATA] ADAUSDT | now=0.1796 | entry=0.1778 | PnL=+1.01%
2026-06-16 15:34:33,080 [INFO] [DATA] XLMUSDT | now=0.2216 | entry=0.2156 | PnL=+2.78%
2026-06-16 15:34:33,196 [INFO] [DATA] SOLUSDT | now=74.9100 | entry=73.9000 | PnL=+1.37%
2026-06-16 15:34:33,312 [INFO] [DATA] NEARUSDT | now=2.5030 | entry=2.4410 | PnL=+2.54%
2026-06-16 15:34:33,430 [INFO] [DATA] TAOUSDT | now=267.8000 | entry=263.1000 | PnL=+1.79%
2026-06-16 15:34:33,555 [INFO] [DATA] OPGUSDT | now=0.1587 | entry=0.1597 | PnL=-0.63%
2026-06-16 15:34:33,660 [INFO] [DATA] ZECUSDT | now=521.8800 | entry=525.0000 | PnL=-0.59%
2026-06-16 15:34:33,787 [INFO] [DATA] SUIUSDT | now=0.7979 | entry=0.7862 | PnL=+1.49%
2026-06-16 15:34:33,907 [INFO] [DATA] BABYUSDT | now=0.0177 | entry=0.0177 | PnL=+0.11%
2026-06-16 15:34:34,023 [INFO] [DATA] SPCXBUSDT | now=211.9900 | entry=215.0000 | PnL=-1.40%
2026-06-16 15:34:34,151 [INFO] [DATA] JTOUSDT | now=0.7541 | entry=0.7581 | PnL=-0.53%
2026-06-16 15:34:34,269 [INFO] [DATA] WLDUSDT | now=0.6605 | entry=0.5884 | PnL=+12.25%
2026-06-16 15:34:34,269 [INFO] [EXIT] TP hit for WLDUSDT.
2026-06-16 15:34:34,995 [ERROR] [EXIT] Binance error exiting WLDUSDT: APIError(code=-2010): Account has insufficient balance for requested action.
2026-06-16 15:34:34,995 [INFO] [INVENTORY] 14/10 slots used — -4 vacant.
2026-06-16 15:34:34,995 [INFO] [STANDBY] Maximum capacity reached.
2026-06-16 15:34:34,995 [INFO] [SLEEP] Sleeping for 120s…
2026-06-16 15:36:35,010 [INFO] ======================================================================
2026-06-16 15:36:35,010 [INFO] [LOOP] Cycle #75 | 2026-06-16 15:36:35
2026-06-16 15:36:35,010 [INFO] [MONITOR] Evaluating 14 open positions…
2026-06-16 15:36:35,124 [INFO] [DATA] TRXUSDT | now=0.3176 | entry=0.3180 | PnL=-0.13%
2026-06-16 15:36:35,231 [INFO] [DATA] XRPUSDT | now=1.2383 | entry=1.2284 | PnL=+0.81%
2026-06-16 15:36:35,356 [INFO] [DATA] ADAUSDT | now=0.1795 | entry=0.1778 | PnL=+0.96%
2026-06-16 15:36:35,490 [INFO] [DATA] XLMUSDT | now=0.2217 | entry=0.2156 | PnL=+2.83%
2026-06-16 15:36:35,608 [INFO] [DATA] SOLUSDT | now=74.9300 | entry=73.9000 | PnL=+1.39%
2026-06-16 15:36:35,726 [INFO] [DATA] NEARUSDT | now=2.4920 | entry=2.4410 | PnL=+2.09%
2026-06-16 15:36:35,844 [INFO] [DATA] TAOUSDT | now=268.2000 | entry=263.1000 | PnL=+1.94%
2026-06-16 15:36:35,962 [INFO] [DATA] OPGUSDT | now=0.1606 | entry=0.1597 | PnL=+0.56%
2026-06-16 15:36:36,074 [INFO] [DATA] ZECUSDT | now=521.5600 | entry=525.0000 | PnL=-0.66%
2026-06-16 15:36:36,197 [INFO] [DATA] SUIUSDT | now=0.7979 | entry=0.7862 | PnL=+1.49%
2026-06-16 15:36:36,318 [INFO] [DATA] BABYUSDT | now=0.0178 | entry=0.0177 | PnL=+0.62%
2026-06-16 15:36:36,437 [INFO] [DATA] SPCXBUSDT | now=212.0700 | entry=215.0000 | PnL=-1.36%
2026-06-16 15:36:36,562 [INFO] [DATA] JTOUSDT | now=0.7490 | entry=0.7581 | PnL=-1.20%
2026-06-16 15:36:36,676 [INFO] [DATA] WLDUSDT | now=0.6598 | entry=0.5884 | PnL=+12.13%
2026-06-16 15:36:36,676 [INFO] [EXIT] TP hit for WLDUSDT.
2026-06-16 15:36:37,234 [ERROR] [EXIT] Binance error exiting WLDUSDT: APIError(code=-2010): Account has insufficient balance for requested action.
2026-06-16 15:36:37,234 [INFO] [INVENTORY] 14/10 slots used — -4 vacant.
2026-06-16 15:36:37,234 [INFO] [STANDBY] Maximum capacity reached.
2026-06-16 15:36:37,234 [INFO] [SLEEP] Sleeping for 120s…
2026-06-16 15:38:37,242 [INFO] ======================================================================
2026-06-16 15:38:37,242 [INFO] [LOOP] Cycle #76 | 2026-06-16 15:38:37
2026-06-16 15:38:37,242 [INFO] [MONITOR] Evaluating 14 open positions…
2026-06-16 15:38:37,361 [INFO] [DATA] TRXUSDT | now=0.3177 | entry=0.3180 | PnL=-0.09%
2026-06-16 15:38:37,468 [INFO] [DATA] XRPUSDT | now=1.2386 | entry=1.2284 | PnL=+0.83%
2026-06-16 15:38:37,641 [INFO] [DATA] ADAUSDT | now=0.1797 | entry=0.1778 | PnL=+1.07%
2026-06-16 15:38:37,814 [INFO] [DATA] XLMUSDT | now=0.2219 | entry=0.2156 | PnL=+2.92%
2026-06-16 15:38:37,950 [INFO] [DATA] SOLUSDT | now=74.9200 | entry=73.9000 | PnL=+1.38%
2026-06-16 15:38:38,054 [INFO] [DATA] NEARUSDT | now=2.4940 | entry=2.4410 | PnL=+2.17%
2026-06-16 15:38:38,181 [INFO] [DATA] TAOUSDT | now=268.7000 | entry=263.1000 | PnL=+2.13%
2026-06-16 15:38:38,310 [INFO] [DATA] OPGUSDT | now=0.1597 | entry=0.1597 | PnL=+0.00%
2026-06-16 15:38:38,433 [INFO] [DATA] ZECUSDT | now=521.9100 | entry=525.0000 | PnL=-0.59%
2026-06-16 15:38:38,547 [INFO] [DATA] SUIUSDT | now=0.7983 | entry=0.7862 | PnL=+1.54%
2026-06-16 15:38:38,667 [INFO] [DATA] BABYUSDT | now=0.0179 | entry=0.0177 | PnL=+0.96%
2026-06-16 15:38:38,790 [INFO] [DATA] SPCXBUSDT | now=211.9400 | entry=215.0000 | PnL=-1.42%
2026-06-16 15:38:38,909 [INFO] [DATA] JTOUSDT | now=0.7639 | entry=0.7581 | PnL=+0.77%
2026-06-16 15:38:39,036 [INFO] [DATA] WLDUSDT | now=0.6586 | entry=0.5884 | PnL=+11.93%
2026-06-16 15:38:39,036 [INFO] [EXIT] TP hit for WLDUSDT.
2026-06-16 15:38:39,776 [ERROR] [EXIT] Binance error exiting WLDUSDT: APIError(code=-2010): Account has insufficient balance for requested action.
2026-06-16 15:38:39,776 [INFO] [INVENTORY] 14/10 slots used — -4 vacant.
2026-06-16 15:38:39,776 [INFO] [STANDBY] Maximum capacity reached.
2026-06-16 15:38:39,776 [INFO] [SLEEP] Sleeping for 120s…
2026-06-16 15:40:39,783 [INFO] ======================================================================
2026-06-16 15:40:39,783 [INFO] [LOOP] Cycle #77 | 2026-06-16 15:40:39
2026-06-16 15:40:39,783 [INFO] [MONITOR] Evaluating 14 open positions…
2026-06-16 15:40:39,897 [INFO] [DATA] TRXUSDT | now=0.3177 | entry=0.3180 | PnL=-0.09%
2026-06-16 15:40:40,017 [INFO] [DATA] XRPUSDT | now=1.2378 | entry=1.2284 | PnL=+0.77%
2026-06-16 15:40:40,137 [INFO] [DATA] ADAUSDT | now=0.1795 | entry=0.1778 | PnL=+0.96%
2026-06-16 15:40:40,255 [INFO] [DATA] XLMUSDT | now=0.2221 | entry=0.2156 | PnL=+3.01%
2026-06-16 15:40:40,386 [INFO] [DATA] SOLUSDT | now=74.8700 | entry=73.9000 | PnL=+1.31%
2026-06-16 15:40:40,502 [INFO] [DATA] NEARUSDT | now=2.4950 | entry=2.4410 | PnL=+2.21%
2026-06-16 15:40:40,622 [INFO] [DATA] TAOUSDT | now=269.3000 | entry=263.1000 | PnL=+2.36%
2026-06-16 15:40:40,735 [INFO] [DATA] OPGUSDT | now=0.1599 | entry=0.1597 | PnL=+0.13%
2026-06-16 15:40:40,852 [INFO] [DATA] ZECUSDT | now=521.6900 | entry=525.0000 | PnL=-0.63%
2026-06-16 15:40:40,982 [INFO] [DATA] SUIUSDT | now=0.7983 | entry=0.7862 | PnL=+1.54%
2026-06-16 15:40:41,095 [INFO] [DATA] BABYUSDT | now=0.0179 | entry=0.0177 | PnL=+1.02%
2026-06-16 15:40:41,205 [INFO] [DATA] SPCXBUSDT | now=211.9700 | entry=215.0000 | PnL=-1.41%
2026-06-16 15:40:41,330 [INFO] [DATA] JTOUSDT | now=0.7707 | entry=0.7581 | PnL=+1.66%
2026-06-16 15:40:41,453 [INFO] [DATA] WLDUSDT | now=0.6608 | entry=0.5884 | PnL=+12.30%
2026-06-16 15:40:41,453 [INFO] [EXIT] TP hit for WLDUSDT.
2026-06-16 15:40:42,193 [ERROR] [EXIT] Binance error exiting WLDUSDT: APIError(code=-2010): Account has insufficient balance for requested action.
2026-06-16 15:40:42,208 [INFO] [INVENTORY] 14/10 slots used — -4 vacant.
2026-06-16 15:40:42,208 [INFO] [STANDBY] Maximum capacity reached.
2026-06-16 15:40:42,208 [INFO] [SLEEP] Sleeping for 120s…
2026-06-16 15:42:42,211 [INFO] ======================================================================
2026-06-16 15:42:42,211 [INFO] [LOOP] Cycle #78 | 2026-06-16 15:42:42
2026-06-16 15:42:42,211 [INFO] [MONITOR] Evaluating 14 open positions…
2026-06-16 15:42:42,329 [INFO] [DATA] TRXUSDT | now=0.3176 | entry=0.3180 | PnL=-0.13%
2026-06-16 15:42:42,445 [INFO] [DATA] XRPUSDT | now=1.2375 | entry=1.2284 | PnL=+0.74%
2026-06-16 15:42:42,569 [INFO] [DATA] ADAUSDT | now=0.1794 | entry=0.1778 | PnL=+0.90%
2026-06-16 15:42:42,688 [INFO] [DATA] XLMUSDT | now=0.2229 | entry=0.2156 | PnL=+3.39%
2026-06-16 15:42:42,817 [INFO] [DATA] SOLUSDT | now=74.7800 | entry=73.9000 | PnL=+1.19%
2026-06-16 15:42:42,928 [INFO] [DATA] NEARUSDT | now=2.4950 | entry=2.4410 | PnL=+2.21%
2026-06-16 15:42:43,052 [INFO] [DATA] TAOUSDT | now=269.2000 | entry=263.1000 | PnL=+2.32%
2026-06-16 15:42:43,170 [INFO] [DATA] OPGUSDT | now=0.1608 | entry=0.1597 | PnL=+0.69%
2026-06-16 15:42:43,301 [INFO] [DATA] ZECUSDT | now=521.5200 | entry=525.0000 | PnL=-0.66%
2026-06-16 15:42:43,416 [INFO] [DATA] SUIUSDT | now=0.7978 | entry=0.7862 | PnL=+1.48%
2026-06-16 15:42:43,536 [INFO] [DATA] BABYUSDT | now=0.0180 | entry=0.0177 | PnL=+1.75%
2026-06-16 15:42:43,653 [INFO] [DATA] SPCXBUSDT | now=212.1400 | entry=215.0000 | PnL=-1.33%
2026-06-16 15:42:43,769 [INFO] [DATA] JTOUSDT | now=0.7649 | entry=0.7581 | PnL=+0.90%
2026-06-16 15:42:43,894 [INFO] [DATA] WLDUSDT | now=0.6597 | entry=0.5884 | PnL=+12.12%
2026-06-16 15:42:43,894 [INFO] [EXIT] TP hit for WLDUSDT.
2026-06-16 15:42:44,714 [ERROR] [EXIT] Binance error exiting WLDUSDT: APIError(code=-2010): Account has insufficient balance for requested action.
2026-06-16 15:42:44,714 [INFO] [INVENTORY] 14/10 slots used — -4 vacant.
2026-06-16 15:42:44,714 [INFO] [STANDBY] Maximum capacity reached.
2026-06-16 15:42:44,714 [INFO] [SLEEP] Sleeping for 120s…
2026-06-16 15:44:44,726 [INFO] ======================================================================
2026-06-16 15:44:44,726 [INFO] [LOOP] Cycle #79 | 2026-06-16 15:44:44
2026-06-16 15:44:44,726 [INFO] [MONITOR] Evaluating 14 open positions…
2026-06-16 15:44:44,839 [INFO] [DATA] TRXUSDT | now=0.3176 | entry=0.3180 | PnL=-0.13%
2026-06-16 15:44:44,960 [INFO] [DATA] XRPUSDT | now=1.2385 | entry=1.2284 | PnL=+0.82%
2026-06-16 15:44:45,083 [INFO] [DATA] ADAUSDT | now=0.1795 | entry=0.1778 | PnL=+0.96%
2026-06-16 15:44:45,218 [INFO] [DATA] XLMUSDT | now=0.2227 | entry=0.2156 | PnL=+3.29%
2026-06-16 15:44:45,342 [INFO] [DATA] SOLUSDT | now=74.8600 | entry=73.9000 | PnL=+1.30%
2026-06-16 15:44:45,463 [INFO] [DATA] NEARUSDT | now=2.4980 | entry=2.4410 | PnL=+2.34%
2026-06-16 15:44:45,583 [INFO] [DATA] TAOUSDT | now=269.5000 | entry=263.1000 | PnL=+2.43%
2026-06-16 15:44:45,701 [INFO] [DATA] OPGUSDT | now=0.1608 | entry=0.1597 | PnL=+0.69%
2026-06-16 15:44:45,821 [INFO] [DATA] ZECUSDT | now=521.2300 | entry=525.0000 | PnL=-0.72%
2026-06-16 15:44:45,939 [INFO] [DATA] SUIUSDT | now=0.7981 | entry=0.7862 | PnL=+1.51%
2026-06-16 15:44:46,052 [INFO] [DATA] BABYUSDT | now=0.0181 | entry=0.0177 | PnL=+2.43%
2026-06-16 15:44:46,172 [INFO] [DATA] SPCXBUSDT | now=212.1100 | entry=215.0000 | PnL=-1.34%
2026-06-16 15:44:46,298 [INFO] [DATA] JTOUSDT | now=0.7638 | entry=0.7581 | PnL=+0.75%
2026-06-16 15:44:46,402 [INFO] [DATA] WLDUSDT | now=0.6621 | entry=0.5884 | PnL=+12.53%
2026-06-16 15:44:46,402 [INFO] [EXIT] TP hit for WLDUSDT.
2026-06-16 15:44:47,022 [ERROR] [EXIT] Binance error exiting WLDUSDT: APIError(code=-2010): Account has insufficient balance for requested action.
2026-06-16 15:44:47,022 [INFO] [INVENTORY] 14/10 slots used — -4 vacant.
2026-06-16 15:44:47,022 [INFO] [STANDBY] Maximum capacity reached.
2026-06-16 15:44:47,022 [INFO] [SLEEP] Sleeping for 120s…
2026-06-16 15:46:47,034 [INFO] ======================================================================
2026-06-16 15:46:47,034 [INFO] [LOOP] Cycle #80 | 2026-06-16 15:46:47
2026-06-16 15:46:47,034 [INFO] [MONITOR] Evaluating 14 open positions…
2026-06-16 15:46:47,151 [INFO] [DATA] TRXUSDT | now=0.3179 | entry=0.3180 | PnL=-0.03%
2026-06-16 15:46:47,258 [INFO] [DATA] XRPUSDT | now=1.2398 | entry=1.2284 | PnL=+0.93%
2026-06-16 15:46:47,382 [INFO] [DATA] ADAUSDT | now=0.1800 | entry=0.1778 | PnL=+1.24%
2026-06-16 15:46:47,504 [INFO] [DATA] XLMUSDT | now=0.2238 | entry=0.2156 | PnL=+3.80%
2026-06-16 15:46:47,632 [INFO] [DATA] SOLUSDT | now=74.9100 | entry=73.9000 | PnL=+1.37%
2026-06-16 15:46:47,745 [INFO] [DATA] NEARUSDT | now=2.5040 | entry=2.4410 | PnL=+2.58%
2026-06-16 15:46:47,868 [INFO] [DATA] TAOUSDT | now=269.5000 | entry=263.1000 | PnL=+2.43%
2026-06-16 15:46:47,987 [INFO] [DATA] OPGUSDT | now=0.1612 | entry=0.1597 | PnL=+0.94%
2026-06-16 15:46:48,308 [INFO] [DATA] ZECUSDT | now=521.8100 | entry=525.0000 | PnL=-0.61%
2026-06-16 15:46:48,427 [INFO] [DATA] SUIUSDT | now=0.7990 | entry=0.7862 | PnL=+1.63%
2026-06-16 15:46:48,747 [INFO] [DATA] BABYUSDT | now=0.0181 | entry=0.0177 | PnL=+2.32%
2026-06-16 15:46:48,865 [INFO] [DATA] SPCXBUSDT | now=212.8600 | entry=215.0000 | PnL=-1.00%
2026-06-16 15:46:48,984 [INFO] [DATA] JTOUSDT | now=0.7856 | entry=0.7581 | PnL=+3.63%
2026-06-16 15:46:49,120 [INFO] [DATA] WLDUSDT | now=0.6609 | entry=0.5884 | PnL=+12.32%
2026-06-16 15:46:49,120 [INFO] [EXIT] TP hit for WLDUSDT.
2026-06-16 15:46:49,726 [ERROR] [EXIT] Binance error exiting WLDUSDT: APIError(code=-2010): Account has insufficient balance for requested action.
2026-06-16 15:46:49,726 [INFO] [INVENTORY] 14/10 slots used — -4 vacant.
2026-06-16 15:46:49,726 [INFO] [STANDBY] Maximum capacity reached.
2026-06-16 15:46:49,726 [INFO] [SLEEP] Sleeping for 120s…
2026-06-16 15:48:49,737 [INFO] ======================================================================
2026-06-16 15:48:49,737 [INFO] [LOOP] Cycle #81 | 2026-06-16 15:48:49
2026-06-16 15:48:49,737 [INFO] [MONITOR] Evaluating 14 open positions…
2026-06-16 15:48:49,851 [INFO] [DATA] TRXUSDT | now=0.3178 | entry=0.3180 | PnL=-0.06%
2026-06-16 15:48:49,984 [INFO] [DATA] XRPUSDT | now=1.2409 | entry=1.2284 | PnL=+1.02%
2026-06-16 15:48:50,140 [INFO] [DATA] ADAUSDT | now=0.1800 | entry=0.1778 | PnL=+1.24%
2026-06-16 15:48:50,274 [INFO] [DATA] XLMUSDT | now=0.2253 | entry=0.2156 | PnL=+4.50%
2026-06-16 15:48:50,396 [INFO] [DATA] SOLUSDT | now=74.9700 | entry=73.9000 | PnL=+1.45%
2026-06-16 15:48:50,515 [INFO] [DATA] NEARUSDT | now=2.4960 | entry=2.4410 | PnL=+2.25%
2026-06-16 15:48:50,638 [INFO] [DATA] TAOUSDT | now=269.1000 | entry=263.1000 | PnL=+2.28%
2026-06-16 15:48:50,757 [INFO] [DATA] OPGUSDT | now=0.1610 | entry=0.1597 | PnL=+0.81%
2026-06-16 15:48:50,877 [INFO] [DATA] ZECUSDT | now=520.2700 | entry=525.0000 | PnL=-0.90%
2026-06-16 15:48:51,008 [INFO] [DATA] SUIUSDT | now=0.7994 | entry=0.7862 | PnL=+1.68%
2026-06-16 15:48:51,124 [INFO] [DATA] BABYUSDT | now=0.0180 | entry=0.0177 | PnL=+1.92%
2026-06-16 15:48:51,445 [INFO] [DATA] SPCXBUSDT | now=212.7000 | entry=215.0000 | PnL=-1.07%
2026-06-16 15:48:51,564 [INFO] [DATA] JTOUSDT | now=0.7904 | entry=0.7581 | PnL=+4.26%
2026-06-16 15:48:51,691 [INFO] [DATA] WLDUSDT | now=0.6601 | entry=0.5884 | PnL=+12.19%
2026-06-16 15:48:51,691 [INFO] [EXIT] TP hit for WLDUSDT.
2026-06-16 15:48:52,548 [ERROR] [EXIT] Binance error exiting WLDUSDT: APIError(code=-2010): Account has insufficient balance for requested action.
2026-06-16 15:48:52,563 [INFO] [INVENTORY] 14/10 slots used — -4 vacant.
2026-06-16 15:48:52,563 [INFO] [STANDBY] Maximum capacity reached.
2026-06-16 15:48:52,563 [INFO] [SLEEP] Sleeping for 120s…
2026-06-16 15:50:52,568 [INFO] ======================================================================
2026-06-16 15:50:52,568 [INFO] [LOOP] Cycle #82 | 2026-06-16 15:50:52
2026-06-16 15:50:52,568 [INFO] [MONITOR] Evaluating 14 open positions…
2026-06-16 15:50:52,680 [INFO] [DATA] TRXUSDT | now=0.3177 | entry=0.3180 | PnL=-0.09%
2026-06-16 15:50:52,793 [INFO] [DATA] XRPUSDT | now=1.2421 | entry=1.2284 | PnL=+1.12%
2026-06-16 15:50:52,921 [INFO] [DATA] ADAUSDT | now=0.1801 | entry=0.1778 | PnL=+1.29%
2026-06-16 15:50:53,055 [INFO] [DATA] XLMUSDT | now=0.2251 | entry=0.2156 | PnL=+4.41%
2026-06-16 15:50:53,179 [INFO] [DATA] SOLUSDT | now=75.0800 | entry=73.9000 | PnL=+1.60%
2026-06-16 15:50:53,293 [INFO] [DATA] NEARUSDT | now=2.5080 | entry=2.4410 | PnL=+2.74%
2026-06-16 15:50:53,407 [INFO] [DATA] TAOUSDT | now=268.4000 | entry=263.1000 | PnL=+2.01%
2026-06-16 15:50:53,573 [INFO] [DATA] OPGUSDT | now=0.1598 | entry=0.1597 | PnL=+0.06%
2026-06-16 15:50:53,684 [INFO] [DATA] ZECUSDT | now=521.6200 | entry=525.0000 | PnL=-0.64%
2026-06-16 15:50:53,807 [INFO] [DATA] SUIUSDT | now=0.8010 | entry=0.7862 | PnL=+1.88%
2026-06-16 15:50:53,927 [INFO] [DATA] BABYUSDT | now=0.0179 | entry=0.0177 | PnL=+1.36%
2026-06-16 15:50:54,235 [INFO] [DATA] SPCXBUSDT | now=212.8100 | entry=215.0000 | PnL=-1.02%
2026-06-16 15:50:54,360 [INFO] [DATA] JTOUSDT | now=0.7916 | entry=0.7581 | PnL=+4.42%
2026-06-16 15:50:54,497 [INFO] [DATA] WLDUSDT | now=0.6584 | entry=0.5884 | PnL=+11.90%
2026-06-16 15:50:54,497 [INFO] [EXIT] TP hit for WLDUSDT.
2026-06-16 15:50:55,206 [ERROR] [EXIT] Binance error exiting WLDUSDT: APIError(code=-2010): Account has insufficient balance for requested action.
2026-06-16 15:50:55,221 [INFO] [INVENTORY] 14/10 slots used — -4 vacant.
2026-06-16 15:50:55,221 [INFO] [STANDBY] Maximum capacity reached.
2026-06-16 15:50:55,221 [INFO] [SLEEP] Sleeping for 120s…
2026-06-16 15:52:55,223 [INFO] ======================================================================
2026-06-16 15:52:55,223 [INFO] [LOOP] Cycle #83 | 2026-06-16 15:52:55
2026-06-16 15:52:55,223 [INFO] [MONITOR] Evaluating 14 open positions…
2026-06-16 15:52:55,336 [INFO] [DATA] TRXUSDT | now=0.3178 | entry=0.3180 | PnL=-0.06%
2026-06-16 15:52:55,464 [INFO] [DATA] XRPUSDT | now=1.2411 | entry=1.2284 | PnL=+1.03%
2026-06-16 15:52:55,573 [INFO] [DATA] ADAUSDT | now=0.1799 | entry=0.1778 | PnL=+1.18%
2026-06-16 15:52:55,698 [INFO] [DATA] XLMUSDT | now=0.2245 | entry=0.2156 | PnL=+4.13%
2026-06-16 15:52:55,837 [INFO] [DATA] SOLUSDT | now=75.0200 | entry=73.9000 | PnL=+1.52%
2026-06-16 15:52:55,969 [INFO] [DATA] NEARUSDT | now=2.5120 | entry=2.4410 | PnL=+2.91%
2026-06-16 15:52:56,076 [INFO] [DATA] TAOUSDT | now=268.4000 | entry=263.1000 | PnL=+2.01%
2026-06-16 15:52:56,203 [INFO] [DATA] OPGUSDT | now=0.1593 | entry=0.1597 | PnL=-0.25%
2026-06-16 15:52:56,325 [INFO] [DATA] ZECUSDT | now=521.4300 | entry=525.0000 | PnL=-0.68%
2026-06-16 15:52:56,442 [INFO] [DATA] SUIUSDT | now=0.8004 | entry=0.7862 | PnL=+1.81%
2026-06-16 15:52:56,564 [INFO] [DATA] BABYUSDT | now=0.0180 | entry=0.0177 | PnL=+1.64%
2026-06-16 15:52:56,681 [INFO] [DATA] SPCXBUSDT | now=212.8300 | entry=215.0000 | PnL=-1.01%
2026-06-16 15:52:56,800 [INFO] [DATA] JTOUSDT | now=0.8024 | entry=0.7581 | PnL=+5.84%
2026-06-16 15:52:56,923 [INFO] [DATA] WLDUSDT | now=0.6542 | entry=0.5884 | PnL=+11.18%
2026-06-16 15:52:56,923 [INFO] [EXIT] TP hit for WLDUSDT.
2026-06-16 15:52:57,462 [ERROR] [EXIT] Binance error exiting WLDUSDT: APIError(code=-2010): Account has insufficient balance for requested action.
2026-06-16 15:52:57,477 [INFO] [INVENTORY] 14/10 slots used — -4 vacant.
2026-06-16 15:52:57,477 [INFO] [STANDBY] Maximum capacity reached.
2026-06-16 15:52:57,477 [INFO] [SLEEP] Sleeping for 120s…
2026-06-16 15:54:57,482 [INFO] ======================================================================
2026-06-16 15:54:57,482 [INFO] [LOOP] Cycle #84 | 2026-06-16 15:54:57
2026-06-16 15:54:57,482 [INFO] [MONITOR] Evaluating 14 open positions…
2026-06-16 15:54:57,596 [INFO] [DATA] TRXUSDT | now=0.3177 | entry=0.3180 | PnL=-0.09%
2026-06-16 15:54:57,714 [INFO] [DATA] XRPUSDT | now=1.2410 | entry=1.2284 | PnL=+1.03%
2026-06-16 15:54:57,833 [INFO] [DATA] ADAUSDT | now=0.1800 | entry=0.1778 | PnL=+1.24%
2026-06-16 15:54:57,954 [INFO] [DATA] XLMUSDT | now=0.2255 | entry=0.2156 | PnL=+4.59%
2026-06-16 15:54:58,075 [INFO] [DATA] SOLUSDT | now=74.9600 | entry=73.9000 | PnL=+1.43%
2026-06-16 15:54:58,198 [INFO] [DATA] NEARUSDT | now=2.5150 | entry=2.4410 | PnL=+3.03%
2026-06-16 15:54:58,317 [INFO] [DATA] TAOUSDT | now=268.7000 | entry=263.1000 | PnL=+2.13%
2026-06-16 15:54:58,445 [INFO] [DATA] OPGUSDT | now=0.1597 | entry=0.1597 | PnL=+0.00%
2026-06-16 15:54:58,562 [INFO] [DATA] ZECUSDT | now=521.2100 | entry=525.0000 | PnL=-0.72%
2026-06-16 15:54:58,689 [INFO] [DATA] SUIUSDT | now=0.8000 | entry=0.7862 | PnL=+1.76%
2026-06-16 15:54:58,833 [INFO] [DATA] BABYUSDT | now=0.0179 | entry=0.0177 | PnL=+1.30%
2026-06-16 15:54:58,976 [INFO] [DATA] SPCXBUSDT | now=212.4900 | entry=215.0000 | PnL=-1.17%
2026-06-16 15:54:59,082 [INFO] [DATA] JTOUSDT | now=0.7978 | entry=0.7581 | PnL=+5.24%
2026-06-16 15:54:59,204 [INFO] [DATA] WLDUSDT | now=0.6552 | entry=0.5884 | PnL=+11.35%
2026-06-16 15:54:59,204 [INFO] [EXIT] TP hit for WLDUSDT.
2026-06-16 15:55:00,114 [ERROR] [EXIT] Binance error exiting WLDUSDT: APIError(code=-2010): Account has insufficient balance for requested action.
2026-06-16 15:55:00,114 [INFO] [INVENTORY] 14/10 slots used — -4 vacant.
2026-06-16 15:55:00,114 [INFO] [STANDBY] Maximum capacity reached.
2026-06-16 15:55:00,114 [INFO] [SLEEP] Sleeping for 120s…
2026-06-16 15:57:00,128 [INFO] ======================================================================
2026-06-16 15:57:00,128 [INFO] [LOOP] Cycle #85 | 2026-06-16 15:57:00
2026-06-16 15:57:00,128 [INFO] [MONITOR] Evaluating 14 open positions…
2026-06-16 15:57:00,272 [INFO] [DATA] TRXUSDT | now=0.3178 | entry=0.3180 | PnL=-0.06%
2026-06-16 15:57:00,402 [INFO] [DATA] XRPUSDT | now=1.2408 | entry=1.2284 | PnL=+1.01%
2026-06-16 15:57:00,537 [INFO] [DATA] ADAUSDT | now=0.1799 | entry=0.1778 | PnL=+1.18%
2026-06-16 15:57:00,674 [INFO] [DATA] XLMUSDT | now=0.2254 | entry=0.2156 | PnL=+4.55%
2026-06-16 15:57:00,794 [INFO] [DATA] SOLUSDT | now=74.9600 | entry=73.9000 | PnL=+1.43%
2026-06-16 15:57:00,935 [INFO] [DATA] NEARUSDT | now=2.5180 | entry=2.4410 | PnL=+3.15%
2026-06-16 15:57:01,051 [INFO] [DATA] TAOUSDT | now=268.3000 | entry=263.1000 | PnL=+1.98%
2026-06-16 15:57:01,192 [INFO] [DATA] OPGUSDT | now=0.1599 | entry=0.1597 | PnL=+0.13%
2026-06-16 15:57:01,305 [INFO] [DATA] ZECUSDT | now=520.8700 | entry=525.0000 | PnL=-0.79%
2026-06-16 15:57:01,462 [INFO] [DATA] SUIUSDT | now=0.8005 | entry=0.7862 | PnL=+1.82%
2026-06-16 15:57:01,630 [INFO] [DATA] BABYUSDT | now=0.0179 | entry=0.0177 | PnL=+1.41%
2026-06-16 15:57:01,804 [INFO] [DATA] SPCXBUSDT | now=212.7000 | entry=215.0000 | PnL=-1.07%
2026-06-16 15:57:01,968 [INFO] [DATA] JTOUSDT | now=0.7989 | entry=0.7581 | PnL=+5.38%
2026-06-16 15:57:02,105 [INFO] [DATA] WLDUSDT | now=0.6526 | entry=0.5884 | PnL=+10.91%
2026-06-16 15:57:02,105 [INFO] [INVENTORY] 14/10 slots used — -4 vacant.
2026-06-16 15:57:02,105 [INFO] [STANDBY] Maximum capacity reached.
2026-06-16 15:57:02,105 [INFO] [SLEEP] Sleeping for 120s…
2026-06-16 15:59:02,108 [INFO] ======================================================================
2026-06-16 15:59:02,108 [INFO] [LOOP] Cycle #86 | 2026-06-16 15:59:02
2026-06-16 15:59:02,108 [INFO] [MONITOR] Evaluating 14 open positions…
2026-06-16 15:59:02,230 [INFO] [DATA] TRXUSDT | now=0.3180 | entry=0.3180 | PnL=+0.00%
2026-06-16 15:59:02,343 [INFO] [DATA] XRPUSDT | now=1.2418 | entry=1.2284 | PnL=+1.09%
2026-06-16 15:59:02,465 [INFO] [DATA] ADAUSDT | now=0.1802 | entry=0.1778 | PnL=+1.35%
2026-06-16 15:59:02,585 [INFO] [DATA] XLMUSDT | now=0.2255 | entry=0.2156 | PnL=+4.59%
2026-06-16 15:59:02,692 [INFO] [DATA] SOLUSDT | now=75.0500 | entry=73.9000 | PnL=+1.56%
2026-06-16 15:59:02,838 [INFO] [DATA] NEARUSDT | now=2.5220 | entry=2.4410 | PnL=+3.32%
2026-06-16 15:59:02,953 [INFO] [DATA] TAOUSDT | now=268.1000 | entry=263.1000 | PnL=+1.90%
2026-06-16 15:59:03,074 [INFO] [DATA] OPGUSDT | now=0.1592 | entry=0.1597 | PnL=-0.31%
2026-06-16 15:59:03,191 [INFO] [DATA] ZECUSDT | now=521.2400 | entry=525.0000 | PnL=-0.72%
2026-06-16 15:59:03,319 [INFO] [DATA] SUIUSDT | now=0.8020 | entry=0.7862 | PnL=+2.01%
2026-06-16 15:59:03,434 [INFO] [DATA] BABYUSDT | now=0.0179 | entry=0.0177 | PnL=+1.13%
2026-06-16 15:59:03,556 [INFO] [DATA] SPCXBUSDT | now=212.4500 | entry=215.0000 | PnL=-1.19%
2026-06-16 15:59:03,677 [INFO] [DATA] JTOUSDT | now=0.7986 | entry=0.7581 | PnL=+5.34%
2026-06-16 15:59:03,811 [INFO] [DATA] WLDUSDT | now=0.6525 | entry=0.5884 | PnL=+10.89%
2026-06-16 15:59:03,811 [INFO] [INVENTORY] 14/10 slots used — -4 vacant.
2026-06-16 15:59:03,811 [INFO] [STANDBY] Maximum capacity reached.
2026-06-16 15:59:03,811 [INFO] [SLEEP] Sleeping for 120s…
2026-06-16 16:01:03,813 [INFO] ======================================================================
2026-06-16 16:01:03,813 [INFO] [LOOP] Cycle #87 | 2026-06-16 16:01:03
2026-06-16 16:01:03,813 [INFO] [MONITOR] Evaluating 14 open positions…
2026-06-16 16:01:03,926 [INFO] [DATA] TRXUSDT | now=0.3180 | entry=0.3180 | PnL=+0.00%
2026-06-16 16:01:04,052 [INFO] [DATA] XRPUSDT | now=1.2402 | entry=1.2284 | PnL=+0.96%
2026-06-16 16:01:04,171 [INFO] [DATA] ADAUSDT | now=0.1800 | entry=0.1778 | PnL=+1.24%
2026-06-16 16:01:04,290 [INFO] [DATA] XLMUSDT | now=0.2253 | entry=0.2156 | PnL=+4.50%
2026-06-16 16:01:04,411 [INFO] [DATA] SOLUSDT | now=74.9700 | entry=73.9000 | PnL=+1.45%
2026-06-16 16:01:04,527 [INFO] [DATA] NEARUSDT | now=2.5290 | entry=2.4410 | PnL=+3.61%
2026-06-16 16:01:04,658 [INFO] [DATA] TAOUSDT | now=268.6000 | entry=263.1000 | PnL=+2.09%
2026-06-16 16:01:04,772 [INFO] [DATA] OPGUSDT | now=0.1585 | entry=0.1597 | PnL=-0.75%
2026-06-16 16:01:04,899 [INFO] [DATA] ZECUSDT | now=520.8500 | entry=525.0000 | PnL=-0.79%
2026-06-16 16:01:05,032 [INFO] [DATA] SUIUSDT | now=0.8004 | entry=0.7862 | PnL=+1.81%
2026-06-16 16:01:05,173 [INFO] [DATA] BABYUSDT | now=0.0180 | entry=0.0177 | PnL=+1.53%
2026-06-16 16:01:05,287 [INFO] [DATA] SPCXBUSDT | now=212.4200 | entry=215.0000 | PnL=-1.20%
2026-06-16 16:01:05,429 [INFO] [DATA] JTOUSDT | now=0.8001 | entry=0.7581 | PnL=+5.54%
2026-06-16 16:01:05,545 [INFO] [DATA] WLDUSDT | now=0.6527 | entry=0.5884 | PnL=+10.93%
2026-06-16 16:01:05,545 [INFO] [INVENTORY] 14/10 slots used — -4 vacant.
2026-06-16 16:01:05,545 [INFO] [STANDBY] Maximum capacity reached.
2026-06-16 16:01:05,545 [INFO] [SLEEP] Sleeping for 120s…
2026-06-16 16:03:05,554 [INFO] ======================================================================
2026-06-16 16:03:05,554 [INFO] [LOOP] Cycle #88 | 2026-06-16 16:03:05
2026-06-16 16:03:05,554 [INFO] [MONITOR] Evaluating 14 open positions…
2026-06-16 16:03:05,685 [INFO] [DATA] TRXUSDT | now=0.3180 | entry=0.3180 | PnL=+0.00%
2026-06-16 16:03:05,804 [INFO] [DATA] XRPUSDT | now=1.2417 | entry=1.2284 | PnL=+1.08%
2026-06-16 16:03:05,919 [INFO] [DATA] ADAUSDT | now=0.1804 | entry=0.1778 | PnL=+1.46%
2026-06-16 16:03:06,046 [INFO] [DATA] XLMUSDT | now=0.2255 | entry=0.2156 | PnL=+4.59%
2026-06-16 16:03:06,164 [INFO] [DATA] SOLUSDT | now=75.0500 | entry=73.9000 | PnL=+1.56%
2026-06-16 16:03:06,299 [INFO] [DATA] NEARUSDT | now=2.5410 | entry=2.4410 | PnL=+4.10%
2026-06-16 16:03:06,503 [INFO] [DATA] TAOUSDT | now=269.2000 | entry=263.1000 | PnL=+2.32%
2026-06-16 16:03:06,899 [INFO] [DATA] OPGUSDT | now=0.1575 | entry=0.1597 | PnL=-1.38%
2026-06-16 16:03:07,017 [INFO] [DATA] ZECUSDT | now=522.8500 | entry=525.0000 | PnL=-0.41%
2026-06-16 16:03:07,162 [INFO] [DATA] SUIUSDT | now=0.8013 | entry=0.7862 | PnL=+1.92%
2026-06-16 16:03:07,304 [INFO] [DATA] BABYUSDT | now=0.0179 | entry=0.0177 | PnL=+1.30%
2026-06-16 16:03:07,424 [INFO] [DATA] SPCXBUSDT | now=211.7000 | entry=215.0000 | PnL=-1.53%
2026-06-16 16:03:07,560 [INFO] [DATA] JTOUSDT | now=0.7890 | entry=0.7581 | PnL=+4.08%
2026-06-16 16:03:07,674 [INFO] [DATA] WLDUSDT | now=0.6537 | entry=0.5884 | PnL=+11.10%
2026-06-16 16:03:07,674 [INFO] [INVENTORY] 14/10 slots used — -4 vacant.
2026-06-16 16:03:07,674 [INFO] [STANDBY] Maximum capacity reached.
2026-06-16 16:03:07,674 [INFO] [SLEEP] Sleeping for 120s…
2026-06-16 16:05:07,689 [INFO] ======================================================================
2026-06-16 16:05:07,689 [INFO] [LOOP] Cycle #89 | 2026-06-16 16:05:07
2026-06-16 16:05:07,689 [INFO] [MONITOR] Evaluating 14 open positions…
2026-06-16 16:05:07,802 [INFO] [DATA] TRXUSDT | now=0.3180 | entry=0.3180 | PnL=+0.00%
2026-06-16 16:05:07,933 [INFO] [DATA] XRPUSDT | now=1.2424 | entry=1.2284 | PnL=+1.14%
2026-06-16 16:05:08,061 [INFO] [DATA] ADAUSDT | now=0.1805 | entry=0.1778 | PnL=+1.52%
2026-06-16 16:05:08,207 [INFO] [DATA] XLMUSDT | now=0.2262 | entry=0.2156 | PnL=+4.92%
2026-06-16 16:05:08,340 [INFO] [DATA] SOLUSDT | now=75.0700 | entry=73.9000 | PnL=+1.58%
2026-06-16 16:05:08,471 [INFO] [DATA] NEARUSDT | now=2.5540 | entry=2.4410 | PnL=+4.63%
2026-06-16 16:05:08,588 [INFO] [DATA] TAOUSDT | now=268.9000 | entry=263.1000 | PnL=+2.20%
2026-06-16 16:05:08,706 [INFO] [DATA] OPGUSDT | now=0.1576 | entry=0.1597 | PnL=-1.31%
2026-06-16 16:05:08,832 [INFO] [DATA] ZECUSDT | now=522.4100 | entry=525.0000 | PnL=-0.49%
2026-06-16 16:05:08,970 [INFO] [DATA] SUIUSDT | now=0.8013 | entry=0.7862 | PnL=+1.92%
2026-06-16 16:05:09,087 [INFO] [DATA] BABYUSDT | now=0.0180 | entry=0.0177 | PnL=+1.47%
2026-06-16 16:05:09,207 [INFO] [DATA] SPCXBUSDT | now=211.0400 | entry=215.0000 | PnL=-1.84%
2026-06-16 16:05:09,332 [INFO] [DATA] JTOUSDT | now=0.7897 | entry=0.7581 | PnL=+4.17%
2026-06-16 16:05:09,472 [INFO] [DATA] WLDUSDT | now=0.6547 | entry=0.5884 | PnL=+11.27%
2026-06-16 16:05:09,472 [INFO] [EXIT] TP hit for WLDUSDT.
2026-06-16 16:05:10,196 [ERROR] [EXIT] Binance error exiting WLDUSDT: APIError(code=-2010): Account has insufficient balance for requested action.
2026-06-16 16:05:10,211 [INFO] [INVENTORY] 14/10 slots used — -4 vacant.
2026-06-16 16:05:10,211 [INFO] [STANDBY] Maximum capacity reached.
2026-06-16 16:05:10,211 [INFO] [SLEEP] Sleeping for 120s…
2026-06-16 16:07:10,215 [INFO] ======================================================================
2026-06-16 16:07:10,215 [INFO] [LOOP] Cycle #90 | 2026-06-16 16:07:10
2026-06-16 16:07:10,215 [INFO] [MONITOR] Evaluating 14 open positions…
2026-06-16 16:07:10,350 [INFO] [DATA] TRXUSDT | now=0.3178 | entry=0.3180 | PnL=-0.06%
2026-06-16 16:07:10,702 [INFO] [DATA] XRPUSDT | now=1.2419 | entry=1.2284 | PnL=+1.10%
2026-06-16 16:07:10,869 [INFO] [DATA] ADAUSDT | now=0.1804 | entry=0.1778 | PnL=+1.46%
2026-06-16 16:07:10,994 [INFO] [DATA] XLMUSDT | now=0.2254 | entry=0.2156 | PnL=+4.55%
2026-06-16 16:07:11,108 [INFO] [DATA] SOLUSDT | now=75.0300 | entry=73.9000 | PnL=+1.53%
2026-06-16 16:07:11,249 [INFO] [DATA] NEARUSDT | now=2.5470 | entry=2.4410 | PnL=+4.34%
2026-06-16 16:07:11,384 [INFO] [DATA] TAOUSDT | now=268.7000 | entry=263.1000 | PnL=+2.13%
2026-06-16 16:07:11,513 [INFO] [DATA] OPGUSDT | now=0.1579 | entry=0.1597 | PnL=-1.13%
2026-06-16 16:07:11,647 [INFO] [DATA] ZECUSDT | now=522.5000 | entry=525.0000 | PnL=-0.48%
2026-06-16 16:07:11,763 [INFO] [DATA] SUIUSDT | now=0.8013 | entry=0.7862 | PnL=+1.92%
2026-06-16 16:07:11,922 [INFO] [DATA] BABYUSDT | now=0.0179 | entry=0.0177 | PnL=+1.02%
2026-06-16 16:07:12,276 [INFO] [DATA] SPCXBUSDT | now=210.7700 | entry=215.0000 | PnL=-1.97%
2026-06-16 16:07:12,420 [INFO] [DATA] JTOUSDT | now=0.7850 | entry=0.7581 | PnL=+3.55%
2026-06-16 16:07:12,554 [INFO] [DATA] WLDUSDT | now=0.6522 | entry=0.5884 | PnL=+10.84%
2026-06-16 16:07:12,554 [INFO] [INVENTORY] 14/10 slots used — -4 vacant.
2026-06-16 16:07:12,554 [INFO] [STANDBY] Maximum capacity reached.
2026-06-16 16:07:12,554 [INFO] [SLEEP] Sleeping for 120s…
2026-06-16 16:09:12,556 [INFO] ======================================================================
2026-06-16 16:09:12,556 [INFO] [LOOP] Cycle #91 | 2026-06-16 16:09:12
2026-06-16 16:09:12,556 [INFO] [MONITOR] Evaluating 14 open positions…
2026-06-16 16:09:12,669 [INFO] [DATA] TRXUSDT | now=0.3178 | entry=0.3180 | PnL=-0.06%
2026-06-16 16:09:12,803 [INFO] [DATA] XRPUSDT | now=1.2415 | entry=1.2284 | PnL=+1.07%
2026-06-16 16:09:12,924 [INFO] [DATA] ADAUSDT | now=0.1802 | entry=0.1778 | PnL=+1.35%
2026-06-16 16:09:13,036 [INFO] [DATA] XLMUSDT | now=0.2248 | entry=0.2156 | PnL=+4.27%
2026-06-16 16:09:13,148 [INFO] [DATA] SOLUSDT | now=74.9800 | entry=73.9000 | PnL=+1.46%
2026-06-16 16:09:13,304 [INFO] [DATA] NEARUSDT | now=2.5380 | entry=2.4410 | PnL=+3.97%
2026-06-16 16:09:13,424 [INFO] [DATA] TAOUSDT | now=268.3000 | entry=263.1000 | PnL=+1.98%
2026-06-16 16:09:13,542 [INFO] [DATA] OPGUSDT | now=0.1575 | entry=0.1597 | PnL=-1.38%
2026-06-16 16:09:13,661 [INFO] [DATA] ZECUSDT | now=521.9900 | entry=525.0000 | PnL=-0.57%
2026-06-16 16:09:13,785 [INFO] [DATA] SUIUSDT | now=0.8004 | entry=0.7862 | PnL=+1.81%
2026-06-16 16:09:13,902 [INFO] [DATA] BABYUSDT | now=0.0179 | entry=0.0177 | PnL=+1.02%
2026-06-16 16:09:14,023 [INFO] [DATA] SPCXBUSDT | now=211.1100 | entry=215.0000 | PnL=-1.81%
2026-06-16 16:09:14,140 [INFO] [DATA] JTOUSDT | now=0.7853 | entry=0.7581 | PnL=+3.59%
2026-06-16 16:09:14,262 [INFO] [DATA] WLDUSDT | now=0.6522 | entry=0.5884 | PnL=+10.84%
2026-06-16 16:09:14,262 [INFO] [INVENTORY] 14/10 slots used — -4 vacant.
2026-06-16 16:09:14,262 [INFO] [STANDBY] Maximum capacity reached.
2026-06-16 16:09:14,262 [INFO] [SLEEP] Sleeping for 120s…
2026-06-16 16:11:14,269 [INFO] ======================================================================
2026-06-16 16:11:14,269 [INFO] [LOOP] Cycle #92 | 2026-06-16 16:11:14
2026-06-16 16:11:14,269 [INFO] [MONITOR] Evaluating 14 open positions…
2026-06-16 16:11:14,385 [INFO] [DATA] TRXUSDT | now=0.3179 | entry=0.3180 | PnL=-0.03%
2026-06-16 16:11:14,504 [INFO] [DATA] XRPUSDT | now=1.2421 | entry=1.2284 | PnL=+1.12%
2026-06-16 16:11:14,627 [INFO] [DATA] ADAUSDT | now=0.1802 | entry=0.1778 | PnL=+1.35%
2026-06-16 16:11:14,739 [INFO] [DATA] XLMUSDT | now=0.2244 | entry=0.2156 | PnL=+4.08%
2026-06-16 16:11:14,863 [INFO] [DATA] SOLUSDT | now=75.0000 | entry=73.9000 | PnL=+1.49%
2026-06-16 16:11:14,986 [INFO] [DATA] NEARUSDT | now=2.5380 | entry=2.4410 | PnL=+3.97%
2026-06-16 16:11:15,106 [INFO] [DATA] TAOUSDT | now=268.4000 | entry=263.1000 | PnL=+2.01%
2026-06-16 16:11:15,229 [INFO] [DATA] OPGUSDT | now=0.1573 | entry=0.1597 | PnL=-1.50%
2026-06-16 16:11:15,345 [INFO] [DATA] ZECUSDT | now=522.0400 | entry=525.0000 | PnL=-0.56%
2026-06-16 16:11:15,461 [INFO] [DATA] SUIUSDT | now=0.8008 | entry=0.7862 | PnL=+1.86%
2026-06-16 16:11:15,582 [INFO] [DATA] BABYUSDT | now=0.0179 | entry=0.0177 | PnL=+0.90%
2026-06-16 16:11:15,700 [INFO] [DATA] SPCXBUSDT | now=210.4400 | entry=215.0000 | PnL=-2.12%
2026-06-16 16:11:15,820 [INFO] [DATA] JTOUSDT | now=0.7877 | entry=0.7581 | PnL=+3.90%
2026-06-16 16:11:15,941 [INFO] [DATA] WLDUSDT | now=0.6520 | entry=0.5884 | PnL=+10.81%
2026-06-16 16:11:15,941 [INFO] [INVENTORY] 14/10 slots used — -4 vacant.
2026-06-16 16:11:15,941 [INFO] [STANDBY] Maximum capacity reached.
2026-06-16 16:11:15,941 [INFO] [SLEEP] Sleeping for 120s…
2026-06-16 16:13:15,948 [INFO] ======================================================================
2026-06-16 16:13:15,948 [INFO] [LOOP] Cycle #93 | 2026-06-16 16:13:15
2026-06-16 16:13:15,948 [INFO] [MONITOR] Evaluating 14 open positions…
2026-06-16 16:13:16,070 [INFO] [DATA] TRXUSDT | now=0.3180 | entry=0.3180 | PnL=+0.00%
2026-06-16 16:13:16,185 [INFO] [DATA] XRPUSDT | now=1.2424 | entry=1.2284 | PnL=+1.14%
2026-06-16 16:13:16,302 [INFO] [DATA] ADAUSDT | now=0.1802 | entry=0.1778 | PnL=+1.35%
2026-06-16 16:13:16,416 [INFO] [DATA] XLMUSDT | now=0.2244 | entry=0.2156 | PnL=+4.08%
2026-06-16 16:13:16,541 [INFO] [DATA] SOLUSDT | now=75.0000 | entry=73.9000 | PnL=+1.49%
2026-06-16 16:13:16,675 [INFO] [DATA] NEARUSDT | now=2.5410 | entry=2.4410 | PnL=+4.10%
2026-06-16 16:13:17,001 [INFO] [DATA] TAOUSDT | now=268.3000 | entry=263.1000 | PnL=+1.98%
2026-06-16 16:13:17,323 [INFO] [DATA] OPGUSDT | now=0.1563 | entry=0.1597 | PnL=-2.13%
2026-06-16 16:13:17,438 [INFO] [DATA] ZECUSDT | now=522.1200 | entry=525.0000 | PnL=-0.55%
2026-06-16 16:13:17,557 [INFO] [DATA] SUIUSDT | now=0.8012 | entry=0.7862 | PnL=+1.91%
2026-06-16 16:13:17,675 [INFO] [DATA] BABYUSDT | now=0.0179 | entry=0.0177 | PnL=+0.96%
2026-06-16 16:13:17,790 [INFO] [DATA] SPCXBUSDT | now=209.9900 | entry=215.0000 | PnL=-2.33%
2026-06-16 16:13:17,903 [INFO] [DATA] JTOUSDT | now=0.7855 | entry=0.7581 | PnL=+3.61%
2026-06-16 16:13:18,027 [INFO] [DATA] WLDUSDT | now=0.6525 | entry=0.5884 | PnL=+10.89%
2026-06-16 16:13:18,027 [INFO] [INVENTORY] 14/10 slots used — -4 vacant.
2026-06-16 16:13:18,027 [INFO] [STANDBY] Maximum capacity reached.
2026-06-16 16:13:18,027 [INFO] [SLEEP] Sleeping for 120s…
2026-06-16 16:15:18,038 [INFO] ======================================================================
2026-06-16 16:15:18,038 [INFO] [LOOP] Cycle #94 | 2026-06-16 16:15:18
2026-06-16 16:15:18,038 [INFO] [MONITOR] Evaluating 14 open positions…
2026-06-16 16:15:18,154 [INFO] [DATA] TRXUSDT | now=0.3180 | entry=0.3180 | PnL=+0.00%
2026-06-16 16:15:18,274 [INFO] [DATA] XRPUSDT | now=1.2427 | entry=1.2284 | PnL=+1.16%
2026-06-16 16:15:18,391 [INFO] [DATA] ADAUSDT | now=0.1799 | entry=0.1778 | PnL=+1.18%
2026-06-16 16:15:18,529 [INFO] [DATA] XLMUSDT | now=0.2236 | entry=0.2156 | PnL=+3.71%
2026-06-16 16:15:18,666 [INFO] [DATA] SOLUSDT | now=75.0200 | entry=73.9000 | PnL=+1.52%
2026-06-16 16:15:18,804 [INFO] [DATA] NEARUSDT | now=2.5340 | entry=2.4410 | PnL=+3.81%
2026-06-16 16:15:18,942 [INFO] [DATA] TAOUSDT | now=267.8000 | entry=263.1000 | PnL=+1.79%
2026-06-16 16:15:19,086 [INFO] [DATA] OPGUSDT | now=0.1572 | entry=0.1597 | PnL=-1.57%
2026-06-16 16:15:19,220 [INFO] [DATA] ZECUSDT | now=521.7200 | entry=525.0000 | PnL=-0.62%
2026-06-16 16:15:19,342 [INFO] [DATA] SUIUSDT | now=0.8007 | entry=0.7862 | PnL=+1.84%
2026-06-16 16:15:19,476 [INFO] [DATA] BABYUSDT | now=0.0178 | entry=0.0177 | PnL=+0.73%
2026-06-16 16:15:19,600 [INFO] [DATA] SPCXBUSDT | now=209.7100 | entry=215.0000 | PnL=-2.46%
2026-06-16 16:15:19,732 [INFO] [DATA] JTOUSDT | now=0.7821 | entry=0.7581 | PnL=+3.17%
2026-06-16 16:15:19,871 [INFO] [DATA] WLDUSDT | now=0.6532 | entry=0.5884 | PnL=+11.01%
2026-06-16 16:15:19,871 [INFO] [INVENTORY] 14/10 slots used — -4 vacant.
2026-06-16 16:15:19,871 [INFO] [STANDBY] Maximum capacity reached.
2026-06-16 16:15:19,871 [INFO] [SLEEP] Sleeping for 120s…
2026-06-16 16:17:19,882 [INFO] ======================================================================
2026-06-16 16:17:19,882 [INFO] [LOOP] Cycle #95 | 2026-06-16 16:17:19
2026-06-16 16:17:19,882 [INFO] [MONITOR] Evaluating 14 open positions…
2026-06-16 16:17:19,995 [INFO] [DATA] TRXUSDT | now=0.3179 | entry=0.3180 | PnL=-0.03%
2026-06-16 16:17:20,117 [INFO] [DATA] XRPUSDT | now=1.2417 | entry=1.2284 | PnL=+1.08%
2026-06-16 16:17:20,233 [INFO] [DATA] ADAUSDT | now=0.1798 | entry=0.1778 | PnL=+1.12%
2026-06-16 16:17:20,356 [INFO] [DATA] XLMUSDT | now=0.2235 | entry=0.2156 | PnL=+3.66%
2026-06-16 16:17:20,484 [INFO] [DATA] SOLUSDT | now=75.0100 | entry=73.9000 | PnL=+1.50%
2026-06-16 16:17:20,604 [INFO] [DATA] NEARUSDT | now=2.5400 | entry=2.4410 | PnL=+4.06%
2026-06-16 16:17:20,722 [INFO] [DATA] TAOUSDT | now=267.9000 | entry=263.1000 | PnL=+1.82%
2026-06-16 16:17:20,843 [INFO] [DATA] OPGUSDT | now=0.1566 | entry=0.1597 | PnL=-1.94%
2026-06-16 16:17:20,966 [INFO] [DATA] ZECUSDT | now=521.5400 | entry=525.0000 | PnL=-0.66%
2026-06-16 16:17:21,084 [INFO] [DATA] SUIUSDT | now=0.8009 | entry=0.7862 | PnL=+1.87%
2026-06-16 16:17:21,204 [INFO] [DATA] BABYUSDT | now=0.0178 | entry=0.0177 | PnL=+0.85%
2026-06-16 16:17:21,322 [INFO] [DATA] SPCXBUSDT | now=209.7600 | entry=215.0000 | PnL=-2.44%
2026-06-16 16:17:21,448 [INFO] [DATA] JTOUSDT | now=0.7886 | entry=0.7581 | PnL=+4.02%
2026-06-16 16:17:21,564 [INFO] [DATA] WLDUSDT | now=0.6601 | entry=0.5884 | PnL=+12.19%
2026-06-16 16:17:21,564 [INFO] [EXIT] TP hit for WLDUSDT.
2026-06-16 16:17:22,187 [ERROR] [EXIT] Binance error exiting WLDUSDT: APIError(code=-2010): Account has insufficient balance for requested action.
2026-06-16 16:17:22,187 [INFO] [INVENTORY] 14/10 slots used — -4 vacant.
2026-06-16 16:17:22,187 [INFO] [STANDBY] Maximum capacity reached.
2026-06-16 16:17:22,187 [INFO] [SLEEP] Sleeping for 120s…
2026-06-16 16:19:22,200 [INFO] ======================================================================
2026-06-16 16:19:22,200 [INFO] [LOOP] Cycle #96 | 2026-06-16 16:19:22
2026-06-16 16:19:22,200 [INFO] [MONITOR] Evaluating 14 open positions…
2026-06-16 16:19:22,319 [INFO] [DATA] TRXUSDT | now=0.3179 | entry=0.3180 | PnL=-0.03%
2026-06-16 16:19:22,438 [INFO] [DATA] XRPUSDT | now=1.2414 | entry=1.2284 | PnL=+1.06%
2026-06-16 16:19:22,557 [INFO] [DATA] ADAUSDT | now=0.1797 | entry=0.1778 | PnL=+1.07%
2026-06-16 16:19:22,678 [INFO] [DATA] XLMUSDT | now=0.2232 | entry=0.2156 | PnL=+3.53%
2026-06-16 16:19:22,806 [INFO] [DATA] SOLUSDT | now=74.9900 | entry=73.9000 | PnL=+1.47%
2026-06-16 16:19:22,918 [INFO] [DATA] NEARUSDT | now=2.5440 | entry=2.4410 | PnL=+4.22%
2026-06-16 16:19:23,039 [INFO] [DATA] TAOUSDT | now=267.7000 | entry=263.1000 | PnL=+1.75%
2026-06-16 16:19:23,174 [INFO] [DATA] OPGUSDT | now=0.1573 | entry=0.1597 | PnL=-1.50%
2026-06-16 16:19:23,294 [INFO] [DATA] ZECUSDT | now=521.2000 | entry=525.0000 | PnL=-0.72%
2026-06-16 16:19:23,414 [INFO] [DATA] SUIUSDT | now=0.8001 | entry=0.7862 | PnL=+1.77%
2026-06-16 16:19:23,536 [INFO] [DATA] BABYUSDT | now=0.0179 | entry=0.0177 | PnL=+0.90%
2026-06-16 16:19:23,647 [INFO] [DATA] SPCXBUSDT | now=209.2200 | entry=215.0000 | PnL=-2.69%
2026-06-16 16:19:23,773 [INFO] [DATA] JTOUSDT | now=0.7902 | entry=0.7581 | PnL=+4.23%
2026-06-16 16:19:23,896 [INFO] [DATA] WLDUSDT | now=0.6568 | entry=0.5884 | PnL=+11.62%
2026-06-16 16:19:23,896 [INFO] [EXIT] TP hit for WLDUSDT.
2026-06-16 16:19:24,415 [ERROR] [EXIT] Binance error exiting WLDUSDT: APIError(code=-2010): Account has insufficient balance for requested action.
2026-06-16 16:19:24,420 [INFO] [INVENTORY] 14/10 slots used — -4 vacant.
2026-06-16 16:19:24,421 [INFO] [STANDBY] Maximum capacity reached.
2026-06-16 16:19:24,421 [INFO] [SLEEP] Sleeping for 120s…
2026-06-16 16:21:24,422 [INFO] ======================================================================
2026-06-16 16:21:24,422 [INFO] [LOOP] Cycle #97 | 2026-06-16 16:21:24
2026-06-16 16:21:24,422 [INFO] [MONITOR] Evaluating 14 open positions…
2026-06-16 16:21:24,537 [INFO] [DATA] TRXUSDT | now=0.3179 | entry=0.3180 | PnL=-0.03%
2026-06-16 16:21:24,652 [INFO] [DATA] XRPUSDT | now=1.2413 | entry=1.2284 | PnL=+1.05%
2026-06-16 16:21:24,775 [INFO] [DATA] ADAUSDT | now=0.1799 | entry=0.1778 | PnL=+1.18%
2026-06-16 16:21:24,894 [INFO] [DATA] XLMUSDT | now=0.2224 | entry=0.2156 | PnL=+3.15%
2026-06-16 16:21:25,010 [INFO] [DATA] SOLUSDT | now=74.9900 | entry=73.9000 | PnL=+1.47%
2026-06-16 16:21:25,129 [INFO] [DATA] NEARUSDT | now=2.5530 | entry=2.4410 | PnL=+4.59%
2026-06-16 16:21:25,253 [INFO] [DATA] TAOUSDT | now=268.0000 | entry=263.1000 | PnL=+1.86%
2026-06-16 16:21:25,369 [INFO] [DATA] OPGUSDT | now=0.1571 | entry=0.1597 | PnL=-1.63%
2026-06-16 16:21:25,488 [INFO] [DATA] ZECUSDT | now=522.2800 | entry=525.0000 | PnL=-0.52%
2026-06-16 16:21:25,607 [INFO] [DATA] SUIUSDT | now=0.8005 | entry=0.7862 | PnL=+1.82%
2026-06-16 16:21:25,729 [INFO] [DATA] BABYUSDT | now=0.0178 | entry=0.0177 | PnL=+0.62%
2026-06-16 16:21:25,845 [INFO] [DATA] SPCXBUSDT | now=209.2500 | entry=215.0000 | PnL=-2.67%
2026-06-16 16:21:25,961 [INFO] [DATA] JTOUSDT | now=0.7914 | entry=0.7581 | PnL=+4.39%
2026-06-16 16:21:26,079 [INFO] [DATA] WLDUSDT | now=0.6568 | entry=0.5884 | PnL=+11.62%
2026-06-16 16:21:26,079 [INFO] [EXIT] TP hit for WLDUSDT.
2026-06-16 16:21:26,907 [ERROR] [EXIT] Binance error exiting WLDUSDT: APIError(code=-2010): Account has insufficient balance for requested action.
2026-06-16 16:21:26,907 [INFO] [INVENTORY] 14/10 slots used — -4 vacant.
2026-06-16 16:21:26,907 [INFO] [STANDBY] Maximum capacity reached.
2026-06-16 16:21:26,907 [INFO] [SLEEP] Sleeping for 120s…
2026-06-16 16:23:26,919 [INFO] ======================================================================
2026-06-16 16:23:26,919 [INFO] [LOOP] Cycle #98 | 2026-06-16 16:23:26
2026-06-16 16:23:26,919 [INFO] [MONITOR] Evaluating 14 open positions…
2026-06-16 16:23:27,034 [INFO] [DATA] TRXUSDT | now=0.3179 | entry=0.3180 | PnL=-0.03%
2026-06-16 16:23:27,156 [INFO] [DATA] XRPUSDT | now=1.2396 | entry=1.2284 | PnL=+0.91%
2026-06-16 16:23:27,268 [INFO] [DATA] ADAUSDT | now=0.1797 | entry=0.1778 | PnL=+1.07%
2026-06-16 16:23:27,385 [INFO] [DATA] XLMUSDT | now=0.2219 | entry=0.2156 | PnL=+2.92%
2026-06-16 16:23:27,503 [INFO] [DATA] SOLUSDT | now=74.8300 | entry=73.9000 | PnL=+1.26%
2026-06-16 16:23:27,626 [INFO] [DATA] NEARUSDT | now=2.5490 | entry=2.4410 | PnL=+4.42%
2026-06-16 16:23:27,743 [INFO] [DATA] TAOUSDT | now=267.8000 | entry=263.1000 | PnL=+1.79%
2026-06-16 16:23:27,865 [INFO] [DATA] OPGUSDT | now=0.1571 | entry=0.1597 | PnL=-1.63%
2026-06-16 16:23:27,987 [INFO] [DATA] ZECUSDT | now=519.2200 | entry=525.0000 | PnL=-1.10%
2026-06-16 16:23:28,113 [INFO] [DATA] SUIUSDT | now=0.7995 | entry=0.7862 | PnL=+1.69%
2026-06-16 16:23:28,234 [INFO] [DATA] BABYUSDT | now=0.0178 | entry=0.0177 | PnL=+0.57%
2026-06-16 16:23:28,348 [INFO] [DATA] SPCXBUSDT | now=209.0000 | entry=215.0000 | PnL=-2.79%
2026-06-16 16:23:28,473 [INFO] [DATA] JTOUSDT | now=0.7846 | entry=0.7581 | PnL=+3.50%
2026-06-16 16:23:28,612 [INFO] [DATA] WLDUSDT | now=0.6543 | entry=0.5884 | PnL=+11.20%
2026-06-16 16:23:28,612 [INFO] [EXIT] TP hit for WLDUSDT.
2026-06-16 16:23:29,170 [ERROR] [EXIT] Binance error exiting WLDUSDT: APIError(code=-2010): Account has insufficient balance for requested action.
2026-06-16 16:23:29,170 [INFO] [INVENTORY] 14/10 slots used — -4 vacant.
2026-06-16 16:23:29,170 [INFO] [STANDBY] Maximum capacity reached.
2026-06-16 16:23:29,170 [INFO] [SLEEP] Sleeping for 120s…
2026-06-16 16:25:29,181 [INFO] ======================================================================
2026-06-16 16:25:29,181 [INFO] [LOOP] Cycle #99 | 2026-06-16 16:25:29
2026-06-16 16:25:29,181 [INFO] [MONITOR] Evaluating 14 open positions…
2026-06-16 16:25:29,296 [INFO] [DATA] TRXUSDT | now=0.3177 | entry=0.3180 | PnL=-0.09%
2026-06-16 16:25:29,413 [INFO] [DATA] XRPUSDT | now=1.2396 | entry=1.2284 | PnL=+0.91%
2026-06-16 16:25:29,541 [INFO] [DATA] ADAUSDT | now=0.1795 | entry=0.1778 | PnL=+0.96%
2026-06-16 16:25:29,668 [INFO] [DATA] XLMUSDT | now=0.2222 | entry=0.2156 | PnL=+3.06%
2026-06-16 16:25:29,781 [INFO] [DATA] SOLUSDT | now=74.8000 | entry=73.9000 | PnL=+1.22%
2026-06-16 16:25:29,902 [INFO] [DATA] NEARUSDT | now=2.4800 | entry=2.4410 | PnL=+1.60%
2026-06-16 16:25:30,051 [INFO] [DATA] TAOUSDT | now=267.1000 | entry=263.1000 | PnL=+1.52%
2026-06-16 16:25:30,204 [INFO] [DATA] OPGUSDT | now=0.1575 | entry=0.1597 | PnL=-1.38%
2026-06-16 16:25:30,327 [INFO] [DATA] ZECUSDT | now=518.4700 | entry=525.0000 | PnL=-1.24%
2026-06-16 16:25:30,473 [INFO] [DATA] SUIUSDT | now=0.7984 | entry=0.7862 | PnL=+1.55%
2026-06-16 16:25:30,589 [INFO] [DATA] BABYUSDT | now=0.0177 | entry=0.0177 | PnL=+0.28%
2026-06-16 16:25:30,711 [INFO] [DATA] SPCXBUSDT | now=209.6200 | entry=215.0000 | PnL=-2.50%
2026-06-16 16:25:30,834 [INFO] [DATA] JTOUSDT | now=0.7892 | entry=0.7581 | PnL=+4.10%
2026-06-16 16:25:30,949 [INFO] [DATA] WLDUSDT | now=0.6527 | entry=0.5884 | PnL=+10.93%
2026-06-16 16:25:30,949 [INFO] [INVENTORY] 14/10 slots used — -4 vacant.
2026-06-16 16:25:30,949 [INFO] [STANDBY] Maximum capacity reached.
2026-06-16 16:25:30,949 [INFO] [SLEEP] Sleeping for 120s…
2026-06-16 16:27:30,955 [INFO] ======================================================================
2026-06-16 16:27:30,955 [INFO] [LOOP] Cycle #100 | 2026-06-16 16:27:30
2026-06-16 16:27:30,955 [INFO] [MONITOR] Evaluating 14 open positions…
2026-06-16 16:27:31,068 [INFO] [DATA] TRXUSDT | now=0.3178 | entry=0.3180 | PnL=-0.06%
2026-06-16 16:27:31,188 [INFO] [DATA] XRPUSDT | now=1.2387 | entry=1.2284 | PnL=+0.84%
2026-06-16 16:27:31,309 [INFO] [DATA] ADAUSDT | now=0.1793 | entry=0.1778 | PnL=+0.84%
2026-06-16 16:27:31,429 [INFO] [DATA] XLMUSDT | now=0.2231 | entry=0.2156 | PnL=+3.48%
2026-06-16 16:27:31,548 [INFO] [DATA] SOLUSDT | now=74.7100 | entry=73.9000 | PnL=+1.10%
2026-06-16 16:27:31,667 [INFO] [DATA] NEARUSDT | now=2.4720 | entry=2.4410 | PnL=+1.27%
2026-06-16 16:27:31,771 [INFO] [DATA] TAOUSDT | now=266.9000 | entry=263.1000 | PnL=+1.44%
2026-06-16 16:27:31,899 [INFO] [DATA] OPGUSDT | now=0.1567 | entry=0.1597 | PnL=-1.88%
2026-06-16 16:27:32,023 [INFO] [DATA] ZECUSDT | now=516.8800 | entry=525.0000 | PnL=-1.55%
2026-06-16 16:27:32,142 [INFO] [DATA] SUIUSDT | now=0.7973 | entry=0.7862 | PnL=+1.41%
2026-06-16 16:27:32,265 [INFO] [DATA] BABYUSDT | now=0.0177 | entry=0.0177 | PnL=+0.23%
2026-06-16 16:27:32,381 [INFO] [DATA] SPCXBUSDT | now=208.9300 | entry=215.0000 | PnL=-2.82%
2026-06-16 16:27:32,502 [INFO] [DATA] JTOUSDT | now=0.7910 | entry=0.7581 | PnL=+4.34%
2026-06-16 16:27:32,614 [INFO] [DATA] WLDUSDT | now=0.6504 | entry=0.5884 | PnL=+10.54%
2026-06-16 16:27:32,614 [INFO] [INVENTORY] 14/10 slots used — -4 vacant.
2026-06-16 16:27:32,614 [INFO] [STANDBY] Maximum capacity reached.
2026-06-16 16:27:32,614 [INFO] [SLEEP] Sleeping for 120s…
2026-06-16 16:29:32,629 [INFO] ======================================================================
2026-06-16 16:29:32,629 [INFO] [LOOP] Cycle #101 | 2026-06-16 16:29:32
2026-06-16 16:29:32,629 [INFO] [MONITOR] Evaluating 14 open positions…
2026-06-16 16:29:32,744 [INFO] [DATA] TRXUSDT | now=0.3178 | entry=0.3180 | PnL=-0.06%
2026-06-16 16:29:32,884 [INFO] [DATA] XRPUSDT | now=1.2396 | entry=1.2284 | PnL=+0.91%
2026-06-16 16:29:32,999 [INFO] [DATA] ADAUSDT | now=0.1795 | entry=0.1778 | PnL=+0.96%
2026-06-16 16:29:33,117 [INFO] [DATA] XLMUSDT | now=0.2240 | entry=0.2156 | PnL=+3.90%
2026-06-16 16:29:33,239 [INFO] [DATA] SOLUSDT | now=74.7200 | entry=73.9000 | PnL=+1.11%
2026-06-16 16:29:33,365 [INFO] [DATA] NEARUSDT | now=2.4600 | entry=2.4410 | PnL=+0.78%
2026-06-16 16:29:33,481 [INFO] [DATA] TAOUSDT | now=267.7000 | entry=263.1000 | PnL=+1.75%
2026-06-16 16:29:33,600 [INFO] [DATA] OPGUSDT | now=0.1574 | entry=0.1597 | PnL=-1.44%
2026-06-16 16:29:33,725 [INFO] [DATA] ZECUSDT | now=516.8500 | entry=525.0000 | PnL=-1.55%
2026-06-16 16:29:33,862 [INFO] [DATA] SUIUSDT | now=0.7978 | entry=0.7862 | PnL=+1.48%
2026-06-16 16:29:33,980 [INFO] [DATA] BABYUSDT | now=0.0177 | entry=0.0177 | PnL=-0.06%
2026-06-16 16:29:34,114 [INFO] [DATA] SPCXBUSDT | now=209.0800 | entry=215.0000 | PnL=-2.75%
2026-06-16 16:29:34,235 [INFO] [DATA] JTOUSDT | now=0.7996 | entry=0.7581 | PnL=+5.47%
2026-06-16 16:29:34,361 [INFO] [DATA] WLDUSDT | now=0.6527 | entry=0.5884 | PnL=+10.93%
2026-06-16 16:29:34,361 [INFO] [INVENTORY] 14/10 slots used — -4 vacant.
2026-06-16 16:29:34,361 [INFO] [STANDBY] Maximum capacity reached.
2026-06-16 16:29:34,361 [INFO] [SLEEP] Sleeping for 120s…
2026-06-16 16:31:34,374 [INFO] ======================================================================
2026-06-16 16:31:34,374 [INFO] [LOOP] Cycle #102 | 2026-06-16 16:31:34
2026-06-16 16:31:34,374 [INFO] [MONITOR] Evaluating 14 open positions…
2026-06-16 16:31:34,483 [INFO] [DATA] TRXUSDT | now=0.3177 | entry=0.3180 | PnL=-0.09%
2026-06-16 16:31:34,613 [INFO] [DATA] XRPUSDT | now=1.2396 | entry=1.2284 | PnL=+0.91%
2026-06-16 16:31:34,736 [INFO] [DATA] ADAUSDT | now=0.1794 | entry=0.1778 | PnL=+0.90%
2026-06-16 16:31:34,849 [INFO] [DATA] XLMUSDT | now=0.2233 | entry=0.2156 | PnL=+3.57%
2026-06-16 16:31:34,985 [INFO] [DATA] SOLUSDT | now=74.8000 | entry=73.9000 | PnL=+1.22%
2026-06-16 16:31:35,106 [INFO] [DATA] NEARUSDT | now=2.4690 | entry=2.4410 | PnL=+1.15%
2026-06-16 16:31:35,232 [INFO] [DATA] TAOUSDT | now=267.4000 | entry=263.1000 | PnL=+1.63%
2026-06-16 16:31:35,348 [INFO] [DATA] OPGUSDT | now=0.1582 | entry=0.1597 | PnL=-0.94%
2026-06-16 16:31:35,470 [INFO] [DATA] ZECUSDT | now=518.4400 | entry=525.0000 | PnL=-1.25%
2026-06-16 16:31:35,587 [INFO] [DATA] SUIUSDT | now=0.7981 | entry=0.7862 | PnL=+1.51%
2026-06-16 16:31:35,707 [INFO] [DATA] BABYUSDT | now=0.0177 | entry=0.0177 | PnL=-0.11%
2026-06-16 16:31:35,837 [INFO] [DATA] SPCXBUSDT | now=210.2500 | entry=215.0000 | PnL=-2.21%
2026-06-16 16:31:35,952 [INFO] [DATA] JTOUSDT | now=0.7986 | entry=0.7581 | PnL=+5.34%
2026-06-16 16:31:36,068 [INFO] [DATA] WLDUSDT | now=0.6552 | entry=0.5884 | PnL=+11.35%
2026-06-16 16:31:36,068 [INFO] [EXIT] TP hit for WLDUSDT.
2026-06-16 16:31:36,959 [ERROR] [EXIT] Binance error exiting WLDUSDT: APIError(code=-2010): Account has insufficient balance for requested action.
2026-06-16 16:31:36,959 [INFO] [INVENTORY] 14/10 slots used — -4 vacant.
2026-06-16 16:31:36,959 [INFO] [STANDBY] Maximum capacity reached.
2026-06-16 16:31:36,959 [INFO] [SLEEP] Sleeping for 120s…
2026-06-16 16:33:36,967 [INFO] ======================================================================
2026-06-16 16:33:36,967 [INFO] [LOOP] Cycle #103 | 2026-06-16 16:33:36
2026-06-16 16:33:36,967 [INFO] [MONITOR] Evaluating 14 open positions…
2026-06-16 16:33:37,081 [INFO] [DATA] TRXUSDT | now=0.3179 | entry=0.3180 | PnL=-0.03%
2026-06-16 16:33:37,209 [INFO] [DATA] XRPUSDT | now=1.2409 | entry=1.2284 | PnL=+1.02%
2026-06-16 16:33:37,328 [INFO] [DATA] ADAUSDT | now=0.1796 | entry=0.1778 | PnL=+1.01%
2026-06-16 16:33:37,447 [INFO] [DATA] XLMUSDT | now=0.2236 | entry=0.2156 | PnL=+3.71%
2026-06-16 16:33:37,570 [INFO] [DATA] SOLUSDT | now=74.8600 | entry=73.9000 | PnL=+1.30%
2026-06-16 16:33:37,695 [INFO] [DATA] NEARUSDT | now=2.4780 | entry=2.4410 | PnL=+1.52%
2026-06-16 16:33:37,809 [INFO] [DATA] TAOUSDT | now=268.0000 | entry=263.1000 | PnL=+1.86%
2026-06-16 16:33:37,932 [INFO] [DATA] OPGUSDT | now=0.1581 | entry=0.1597 | PnL=-1.00%
2026-06-16 16:33:38,055 [INFO] [DATA] ZECUSDT | now=519.6800 | entry=525.0000 | PnL=-1.01%
2026-06-16 16:33:38,175 [INFO] [DATA] SUIUSDT | now=0.7991 | entry=0.7862 | PnL=+1.64%
2026-06-16 16:33:38,297 [INFO] [DATA] BABYUSDT | now=0.0176 | entry=0.0177 | PnL=-0.23%
2026-06-16 16:33:38,411 [INFO] [DATA] SPCXBUSDT | now=211.0200 | entry=215.0000 | PnL=-1.85%
2026-06-16 16:33:38,537 [INFO] [DATA] JTOUSDT | now=0.8116 | entry=0.7581 | PnL=+7.06%
2026-06-16 16:33:38,860 [INFO] [DATA] WLDUSDT | now=0.6573 | entry=0.5884 | PnL=+11.71%
2026-06-16 16:33:38,860 [INFO] [EXIT] TP hit for WLDUSDT.
2026-06-16 16:33:39,669 [ERROR] [EXIT] Binance error exiting WLDUSDT: APIError(code=-2010): Account has insufficient balance for requested action.
2026-06-16 16:33:39,669 [INFO] [INVENTORY] 14/10 slots used — -4 vacant.
2026-06-16 16:33:39,669 [INFO] [STANDBY] Maximum capacity reached.
2026-06-16 16:33:39,669 [INFO] [SLEEP] Sleeping for 120s…
2026-06-16 16:35:39,684 [INFO] ======================================================================
2026-06-16 16:35:39,684 [INFO] [LOOP] Cycle #104 | 2026-06-16 16:35:39
2026-06-16 16:35:39,684 [INFO] [MONITOR] Evaluating 14 open positions…
2026-06-16 16:35:39,799 [INFO] [DATA] TRXUSDT | now=0.3177 | entry=0.3180 | PnL=-0.09%
2026-06-16 16:35:39,920 [INFO] [DATA] XRPUSDT | now=1.2397 | entry=1.2284 | PnL=+0.92%
2026-06-16 16:35:40,040 [INFO] [DATA] ADAUSDT | now=0.1793 | entry=0.1778 | PnL=+0.84%
2026-06-16 16:35:40,165 [INFO] [DATA] XLMUSDT | now=0.2230 | entry=0.2156 | PnL=+3.43%
2026-06-16 16:35:40,281 [INFO] [DATA] SOLUSDT | now=74.7800 | entry=73.9000 | PnL=+1.19%
2026-06-16 16:35:40,404 [INFO] [DATA] NEARUSDT | now=2.4730 | entry=2.4410 | PnL=+1.31%
2026-06-16 16:35:40,526 [INFO] [DATA] TAOUSDT | now=267.7000 | entry=263.1000 | PnL=+1.75%
2026-06-16 16:35:40,651 [INFO] [DATA] OPGUSDT | now=0.1575 | entry=0.1597 | PnL=-1.38%
2026-06-16 16:35:40,759 [INFO] [DATA] ZECUSDT | now=519.2700 | entry=525.0000 | PnL=-1.09%
2026-06-16 16:35:40,880 [INFO] [DATA] SUIUSDT | now=0.7979 | entry=0.7862 | PnL=+1.49%
2026-06-16 16:35:41,008 [INFO] [DATA] BABYUSDT | now=0.0177 | entry=0.0177 | PnL=-0.17%
2026-06-16 16:35:41,127 [INFO] [DATA] SPCXBUSDT | now=212.1600 | entry=215.0000 | PnL=-1.32%
2026-06-16 16:35:41,250 [INFO] [DATA] JTOUSDT | now=0.8214 | entry=0.7581 | PnL=+8.35%
2026-06-16 16:35:41,369 [INFO] [DATA] WLDUSDT | now=0.6576 | entry=0.5884 | PnL=+11.76%
2026-06-16 16:35:41,369 [INFO] [EXIT] TP hit for WLDUSDT.
2026-06-16 16:35:42,188 [ERROR] [EXIT] Binance error exiting WLDUSDT: APIError(code=-2010): Account has insufficient balance for requested action.
2026-06-16 16:35:42,205 [INFO] [INVENTORY] 14/10 slots used — -4 vacant.
2026-06-16 16:35:42,205 [INFO] [STANDBY] Maximum capacity reached.
2026-06-16 16:35:42,205 [INFO] [SLEEP] Sleeping for 120s…
2026-06-16 16:37:42,211 [INFO] ======================================================================
2026-06-16 16:37:42,211 [INFO] [LOOP] Cycle #105 | 2026-06-16 16:37:42
2026-06-16 16:37:42,211 [INFO] [MONITOR] Evaluating 14 open positions…
2026-06-16 16:37:42,326 [INFO] [DATA] TRXUSDT | now=0.3176 | entry=0.3180 | PnL=-0.13%
2026-06-16 16:37:42,445 [INFO] [DATA] XRPUSDT | now=1.2382 | entry=1.2284 | PnL=+0.80%
2026-06-16 16:37:42,571 [INFO] [DATA] ADAUSDT | now=0.1790 | entry=0.1778 | PnL=+0.67%
2026-06-16 16:37:42,684 [INFO] [DATA] XLMUSDT | now=0.2219 | entry=0.2156 | PnL=+2.92%
2026-06-16 16:37:42,804 [INFO] [DATA] SOLUSDT | now=74.6100 | entry=73.9000 | PnL=+0.96%
2026-06-16 16:37:42,925 [INFO] [DATA] NEARUSDT | now=2.4670 | entry=2.4410 | PnL=+1.07%
2026-06-16 16:37:43,043 [INFO] [DATA] TAOUSDT | now=266.5000 | entry=263.1000 | PnL=+1.29%
2026-06-16 16:37:43,162 [INFO] [DATA] OPGUSDT | now=0.1576 | entry=0.1597 | PnL=-1.31%
2026-06-16 16:37:43,282 [INFO] [DATA] ZECUSDT | now=517.5300 | entry=525.0000 | PnL=-1.42%
2026-06-16 16:37:43,401 [INFO] [DATA] SUIUSDT | now=0.7961 | entry=0.7862 | PnL=+1.26%
2026-06-16 16:37:43,518 [INFO] [DATA] BABYUSDT | now=0.0176 | entry=0.0177 | PnL=-0.51%
2026-06-16 16:37:43,643 [INFO] [DATA] SPCXBUSDT | now=211.8700 | entry=215.0000 | PnL=-1.46%
2026-06-16 16:37:43,755 [INFO] [DATA] JTOUSDT | now=0.8267 | entry=0.7581 | PnL=+9.05%
2026-06-16 16:37:43,877 [INFO] [DATA] WLDUSDT | now=0.6551 | entry=0.5884 | PnL=+11.34%
2026-06-16 16:37:43,877 [INFO] [EXIT] TP hit for WLDUSDT.
2026-06-16 16:37:44,808 [ERROR] [EXIT] Binance error exiting WLDUSDT: APIError(code=-2010): Account has insufficient balance for requested action.
2026-06-16 16:37:44,808 [INFO] [INVENTORY] 14/10 slots used — -4 vacant.
2026-06-16 16:37:44,808 [INFO] [STANDBY] Maximum capacity reached.
2026-06-16 16:37:44,808 [INFO] [SLEEP] Sleeping for 120s…
2026-06-16 16:39:44,818 [INFO] ======================================================================
2026-06-16 16:39:44,818 [INFO] [LOOP] Cycle #106 | 2026-06-16 16:39:44
2026-06-16 16:39:44,818 [INFO] [MONITOR] Evaluating 14 open positions…
2026-06-16 16:39:44,933 [INFO] [DATA] TRXUSDT | now=0.3176 | entry=0.3180 | PnL=-0.13%
2026-06-16 16:39:45,053 [INFO] [DATA] XRPUSDT | now=1.2386 | entry=1.2284 | PnL=+0.83%
2026-06-16 16:39:45,173 [INFO] [DATA] ADAUSDT | now=0.1790 | entry=0.1778 | PnL=+0.67%
2026-06-16 16:39:45,289 [INFO] [DATA] XLMUSDT | now=0.2226 | entry=0.2156 | PnL=+3.25%
2026-06-16 16:39:45,411 [INFO] [DATA] SOLUSDT | now=74.6500 | entry=73.9000 | PnL=+1.01%
2026-06-16 16:39:45,536 [INFO] [DATA] NEARUSDT | now=2.4660 | entry=2.4410 | PnL=+1.02%
2026-06-16 16:39:45,651 [INFO] [DATA] TAOUSDT | now=265.8000 | entry=263.1000 | PnL=+1.03%
2026-06-16 16:39:45,769 [INFO] [DATA] OPGUSDT | now=0.1580 | entry=0.1597 | PnL=-1.06%
2026-06-16 16:39:45,893 [INFO] [DATA] ZECUSDT | now=518.0500 | entry=525.0000 | PnL=-1.32%
2026-06-16 16:39:46,008 [INFO] [DATA] SUIUSDT | now=0.7964 | entry=0.7862 | PnL=+1.30%
2026-06-16 16:39:46,127 [INFO] [DATA] BABYUSDT | now=0.0176 | entry=0.0177 | PnL=-0.40%
2026-06-16 16:39:46,247 [INFO] [DATA] SPCXBUSDT | now=211.6400 | entry=215.0000 | PnL=-1.56%
2026-06-16 16:39:46,368 [INFO] [DATA] JTOUSDT | now=0.8247 | entry=0.7581 | PnL=+8.79%
2026-06-16 16:39:46,488 [INFO] [DATA] WLDUSDT | now=0.6540 | entry=0.5884 | PnL=+11.15%
2026-06-16 16:39:46,488 [INFO] [EXIT] TP hit for WLDUSDT.
2026-06-16 16:39:47,030 [ERROR] [EXIT] Binance error exiting WLDUSDT: APIError(code=-2010): Account has insufficient balance for requested action.
2026-06-16 16:39:47,030 [INFO] [INVENTORY] 14/10 slots used — -4 vacant.
2026-06-16 16:39:47,030 [INFO] [STANDBY] Maximum capacity reached.
2026-06-16 16:39:47,030 [INFO] [SLEEP] Sleeping for 120s…
2026-06-16 16:41:47,040 [INFO] ======================================================================
2026-06-16 16:41:47,040 [INFO] [LOOP] Cycle #107 | 2026-06-16 16:41:47
2026-06-16 16:41:47,040 [INFO] [MONITOR] Evaluating 14 open positions…
2026-06-16 16:41:47,156 [INFO] [DATA] TRXUSDT | now=0.3177 | entry=0.3180 | PnL=-0.09%
2026-06-16 16:41:47,276 [INFO] [DATA] XRPUSDT | now=1.2390 | entry=1.2284 | PnL=+0.86%
2026-06-16 16:41:47,397 [INFO] [DATA] ADAUSDT | now=0.1789 | entry=0.1778 | PnL=+0.62%
2026-06-16 16:41:47,511 [INFO] [DATA] XLMUSDT | now=0.2230 | entry=0.2156 | PnL=+3.43%
2026-06-16 16:41:47,639 [INFO] [DATA] SOLUSDT | now=74.6300 | entry=73.9000 | PnL=+0.99%
2026-06-16 16:41:47,759 [INFO] [DATA] NEARUSDT | now=2.4740 | entry=2.4410 | PnL=+1.35%
2026-06-16 16:41:47,891 [INFO] [DATA] TAOUSDT | now=265.9000 | entry=263.1000 | PnL=+1.06%
2026-06-16 16:41:47,995 [INFO] [DATA] OPGUSDT | now=0.1573 | entry=0.1597 | PnL=-1.50%
2026-06-16 16:41:48,119 [INFO] [DATA] ZECUSDT | now=517.3000 | entry=525.0000 | PnL=-1.47%
2026-06-16 16:41:48,239 [INFO] [DATA] SUIUSDT | now=0.7962 | entry=0.7862 | PnL=+1.27%
2026-06-16 16:41:48,356 [INFO] [DATA] BABYUSDT | now=0.0176 | entry=0.0177 | PnL=-0.62%
2026-06-16 16:41:48,476 [INFO] [DATA] SPCXBUSDT | now=211.6600 | entry=215.0000 | PnL=-1.55%
2026-06-16 16:41:48,597 [INFO] [DATA] JTOUSDT | now=0.8315 | entry=0.7581 | PnL=+9.68%
2026-06-16 16:41:48,718 [INFO] [DATA] WLDUSDT | now=0.6546 | entry=0.5884 | PnL=+11.25%
2026-06-16 16:41:48,718 [INFO] [EXIT] TP hit for WLDUSDT.
2026-06-16 16:41:49,673 [ERROR] [EXIT] Binance error exiting WLDUSDT: APIError(code=-2010): Account has insufficient balance for requested action.
2026-06-16 16:41:49,673 [INFO] [INVENTORY] 14/10 slots used — -4 vacant.
2026-06-16 16:41:49,673 [INFO] [STANDBY] Maximum capacity reached.
2026-06-16 16:41:49,673 [INFO] [SLEEP] Sleeping for 120s…
2026-06-16 16:43:49,685 [INFO] ======================================================================
2026-06-16 16:43:49,685 [INFO] [LOOP] Cycle #108 | 2026-06-16 16:43:49
2026-06-16 16:43:49,685 [INFO] [MONITOR] Evaluating 14 open positions…
2026-06-16 16:43:49,801 [INFO] [DATA] TRXUSDT | now=0.3176 | entry=0.3180 | PnL=-0.13%
2026-06-16 16:43:49,933 [INFO] [DATA] XRPUSDT | now=1.2396 | entry=1.2284 | PnL=+0.91%
2026-06-16 16:43:50,059 [INFO] [DATA] ADAUSDT | now=0.1792 | entry=0.1778 | PnL=+0.79%
2026-06-16 16:43:50,177 [INFO] [DATA] XLMUSDT | now=0.2231 | entry=0.2156 | PnL=+3.48%
2026-06-16 16:43:50,301 [INFO] [DATA] SOLUSDT | now=74.6400 | entry=73.9000 | PnL=+1.00%
2026-06-16 16:43:50,421 [INFO] [DATA] NEARUSDT | now=2.4760 | entry=2.4410 | PnL=+1.43%
2026-06-16 16:43:50,535 [INFO] [DATA] TAOUSDT | now=266.1000 | entry=263.1000 | PnL=+1.14%
2026-06-16 16:43:50,675 [INFO] [DATA] OPGUSDT | now=0.1573 | entry=0.1597 | PnL=-1.50%
2026-06-16 16:43:50,793 [INFO] [DATA] ZECUSDT | now=517.1300 | entry=525.0000 | PnL=-1.50%
2026-06-16 16:43:50,920 [INFO] [DATA] SUIUSDT | now=0.7965 | entry=0.7862 | PnL=+1.31%
2026-06-16 16:43:51,242 [INFO] [DATA] BABYUSDT | now=0.0176 | entry=0.0177 | PnL=-0.34%
2026-06-16 16:43:51,386 [INFO] [DATA] SPCXBUSDT | now=211.3400 | entry=215.0000 | PnL=-1.70%
2026-06-16 16:43:51,504 [INFO] [DATA] JTOUSDT | now=0.8402 | entry=0.7581 | PnL=+10.83%
2026-06-16 16:43:51,638 [INFO] [DATA] WLDUSDT | now=0.6552 | entry=0.5884 | PnL=+11.35%
2026-06-16 16:43:51,638 [INFO] [EXIT] TP hit for WLDUSDT.
2026-06-16 16:43:52,475 [ERROR] [EXIT] Binance error exiting WLDUSDT: APIError(code=-2010): Account has insufficient balance for requested action.
2026-06-16 16:43:52,492 [INFO] [INVENTORY] 14/10 slots used — -4 vacant.
2026-06-16 16:43:52,492 [INFO] [STANDBY] Maximum capacity reached.
2026-06-16 16:43:52,492 [INFO] [SLEEP] Sleeping for 120s…
2026-06-16 16:45:52,492 [INFO] ======================================================================
2026-06-16 16:45:52,492 [INFO] [LOOP] Cycle #109 | 2026-06-16 16:45:52
2026-06-16 16:45:52,492 [INFO] [MONITOR] Evaluating 14 open positions…
2026-06-16 16:45:52,607 [INFO] [DATA] TRXUSDT | now=0.3175 | entry=0.3180 | PnL=-0.16%
2026-06-16 16:45:52,732 [INFO] [DATA] XRPUSDT | now=1.2411 | entry=1.2284 | PnL=+1.03%
2026-06-16 16:45:52,850 [INFO] [DATA] ADAUSDT | now=0.1795 | entry=0.1778 | PnL=+0.96%
2026-06-16 16:45:52,979 [INFO] [DATA] XLMUSDT | now=0.2245 | entry=0.2156 | PnL=+4.13%
2026-06-16 16:45:53,099 [INFO] [DATA] SOLUSDT | now=74.7600 | entry=73.9000 | PnL=+1.16%
2026-06-16 16:45:53,218 [INFO] [DATA] NEARUSDT | now=2.4850 | entry=2.4410 | PnL=+1.80%
2026-06-16 16:45:53,342 [INFO] [DATA] TAOUSDT | now=266.6000 | entry=263.1000 | PnL=+1.33%
2026-06-16 16:45:53,462 [INFO] [DATA] OPGUSDT | now=0.1572 | entry=0.1597 | PnL=-1.57%
2026-06-16 16:45:53,573 [INFO] [DATA] ZECUSDT | now=518.3300 | entry=525.0000 | PnL=-1.27%
2026-06-16 16:45:53,737 [INFO] [DATA] SUIUSDT | now=0.7986 | entry=0.7862 | PnL=+1.58%
2026-06-16 16:45:53,861 [INFO] [DATA] BABYUSDT | now=0.0176 | entry=0.0177 | PnL=-0.57%
2026-06-16 16:45:53,978 [INFO] [DATA] SPCXBUSDT | now=209.5600 | entry=215.0000 | PnL=-2.53%
2026-06-16 16:45:54,096 [INFO] [DATA] JTOUSDT | now=0.8328 | entry=0.7581 | PnL=+9.85%
2026-06-16 16:45:54,221 [INFO] [DATA] WLDUSDT | now=0.6628 | entry=0.5884 | PnL=+12.64%
2026-06-16 16:45:54,221 [INFO] [EXIT] TP hit for WLDUSDT.
2026-06-16 16:45:54,734 [ERROR] [EXIT] Binance error exiting WLDUSDT: APIError(code=-2010): Account has insufficient balance for requested action.
2026-06-16 16:45:54,749 [INFO] [INVENTORY] 14/10 slots used — -4 vacant.
2026-06-16 16:45:54,749 [INFO] [STANDBY] Maximum capacity reached.
2026-06-16 16:45:54,749 [INFO] [SLEEP] Sleeping for 120s…
2026-06-16 16:47:54,751 [INFO] ======================================================================
2026-06-16 16:47:54,752 [INFO] [LOOP] Cycle #110 | 2026-06-16 16:47:54
2026-06-16 16:47:54,752 [INFO] [MONITOR] Evaluating 14 open positions…
2026-06-16 16:47:54,857 [INFO] [DATA] TRXUSDT | now=0.3175 | entry=0.3180 | PnL=-0.16%
2026-06-16 16:47:54,987 [INFO] [DATA] XRPUSDT | now=1.2397 | entry=1.2284 | PnL=+0.92%
2026-06-16 16:47:55,104 [INFO] [DATA] ADAUSDT | now=0.1791 | entry=0.1778 | PnL=+0.73%
2026-06-16 16:47:55,231 [INFO] [DATA] XLMUSDT | now=0.2246 | entry=0.2156 | PnL=+4.17%
2026-06-16 16:47:55,345 [INFO] [DATA] SOLUSDT | now=74.7100 | entry=73.9000 | PnL=+1.10%
2026-06-16 16:47:55,465 [INFO] [DATA] NEARUSDT | now=2.4780 | entry=2.4410 | PnL=+1.52%
2026-06-16 16:47:55,589 [INFO] [DATA] TAOUSDT | now=266.1000 | entry=263.1000 | PnL=+1.14%
2026-06-16 16:47:55,707 [INFO] [DATA] OPGUSDT | now=0.1575 | entry=0.1597 | PnL=-1.38%
2026-06-16 16:47:55,830 [INFO] [DATA] ZECUSDT | now=517.5000 | entry=525.0000 | PnL=-1.43%
2026-06-16 16:47:55,945 [INFO] [DATA] SUIUSDT | now=0.7975 | entry=0.7862 | PnL=+1.44%
2026-06-16 16:47:56,062 [INFO] [DATA] BABYUSDT | now=0.0175 | entry=0.0177 | PnL=-0.90%
2026-06-16 16:47:56,184 [INFO] [DATA] SPCXBUSDT | now=210.3200 | entry=215.0000 | PnL=-2.18%
2026-06-16 16:47:56,308 [INFO] [DATA] JTOUSDT | now=0.8286 | entry=0.7581 | PnL=+9.30%
2026-06-16 16:47:56,424 [INFO] [DATA] WLDUSDT | now=0.6615 | entry=0.5884 | PnL=+12.42%
2026-06-16 16:47:56,424 [INFO] [EXIT] TP hit for WLDUSDT.
2026-06-16 16:47:57,249 [ERROR] [EXIT] Binance error exiting WLDUSDT: APIError(code=-2010): Account has insufficient balance for requested action.
2026-06-16 16:47:57,249 [INFO] [INVENTORY] 14/10 slots used — -4 vacant.
2026-06-16 16:47:57,249 [INFO] [STANDBY] Maximum capacity reached.
2026-06-16 16:47:57,249 [INFO] [SLEEP] Sleeping for 120s…
2026-06-16 16:49:57,258 [INFO] ======================================================================
2026-06-16 16:49:57,258 [INFO] [LOOP] Cycle #111 | 2026-06-16 16:49:57
2026-06-16 16:49:57,258 [INFO] [MONITOR] Evaluating 14 open positions…
2026-06-16 16:49:57,367 [INFO] [DATA] TRXUSDT | now=0.3175 | entry=0.3180 | PnL=-0.16%
2026-06-16 16:49:57,494 [INFO] [DATA] XRPUSDT | now=1.2421 | entry=1.2284 | PnL=+1.12%
2026-06-16 16:49:57,610 [INFO] [DATA] ADAUSDT | now=0.1796 | entry=0.1778 | PnL=+1.01%
2026-06-16 16:49:57,733 [INFO] [DATA] XLMUSDT | now=0.2259 | entry=0.2156 | PnL=+4.78%
2026-06-16 16:49:57,851 [INFO] [DATA] SOLUSDT | now=74.8700 | entry=73.9000 | PnL=+1.31%
2026-06-16 16:49:57,967 [INFO] [DATA] NEARUSDT | now=2.4890 | entry=2.4410 | PnL=+1.97%
2026-06-16 16:49:58,087 [INFO] [DATA] TAOUSDT | now=267.0000 | entry=263.1000 | PnL=+1.48%
2026-06-16 16:49:58,220 [INFO] [DATA] OPGUSDT | now=0.1577 | entry=0.1597 | PnL=-1.25%
2026-06-16 16:49:58,335 [INFO] [DATA] ZECUSDT | now=517.9300 | entry=525.0000 | PnL=-1.35%
2026-06-16 16:49:58,455 [INFO] [DATA] SUIUSDT | now=0.7992 | entry=0.7862 | PnL=+1.65%
2026-06-16 16:49:58,574 [INFO] [DATA] BABYUSDT | now=0.0176 | entry=0.0177 | PnL=-0.57%
2026-06-16 16:49:58,696 [INFO] [DATA] SPCXBUSDT | now=209.3000 | entry=215.0000 | PnL=-2.65%
2026-06-16 16:49:58,816 [INFO] [DATA] JTOUSDT | now=0.8321 | entry=0.7581 | PnL=+9.76%
2026-06-16 16:49:58,932 [INFO] [DATA] WLDUSDT | now=0.6647 | entry=0.5884 | PnL=+12.97%
2026-06-16 16:49:58,932 [INFO] [EXIT] TP hit for WLDUSDT.
2026-06-16 16:49:59,561 [ERROR] [EXIT] Binance error exiting WLDUSDT: APIError(code=-2010): Account has insufficient balance for requested action.
2026-06-16 16:49:59,576 [INFO] [INVENTORY] 14/10 slots used — -4 vacant.
2026-06-16 16:49:59,576 [INFO] [STANDBY] Maximum capacity reached.
2026-06-16 16:49:59,576 [INFO] [SLEEP] Sleeping for 120s…
2026-06-16 16:51:59,580 [INFO] ======================================================================
2026-06-16 16:51:59,580 [INFO] [LOOP] Cycle #112 | 2026-06-16 16:51:59
2026-06-16 16:51:59,580 [INFO] [MONITOR] Evaluating 14 open positions…
2026-06-16 16:51:59,696 [INFO] [DATA] TRXUSDT | now=0.3176 | entry=0.3180 | PnL=-0.13%
2026-06-16 16:51:59,844 [INFO] [DATA] XRPUSDT | now=1.2403 | entry=1.2284 | PnL=+0.97%
2026-06-16 16:51:59,975 [INFO] [DATA] ADAUSDT | now=0.1793 | entry=0.1778 | PnL=+0.84%
2026-06-16 16:52:00,122 [INFO] [DATA] XLMUSDT | now=0.2248 | entry=0.2156 | PnL=+4.27%
2026-06-16 16:52:00,244 [INFO] [DATA] SOLUSDT | now=74.7700 | entry=73.9000 | PnL=+1.18%
2026-06-16 16:52:00,356 [INFO] [DATA] NEARUSDT | now=2.4860 | entry=2.4410 | PnL=+1.84%
2026-06-16 16:52:00,487 [INFO] [DATA] TAOUSDT | now=266.0000 | entry=263.1000 | PnL=+1.10%
2026-06-16 16:52:00,604 [INFO] [DATA] OPGUSDT | now=0.1577 | entry=0.1597 | PnL=-1.25%
2026-06-16 16:52:00,715 [INFO] [DATA] ZECUSDT | now=517.8800 | entry=525.0000 | PnL=-1.36%
2026-06-16 16:52:00,842 [INFO] [DATA] SUIUSDT | now=0.7980 | entry=0.7862 | PnL=+1.50%
2026-06-16 16:52:00,958 [INFO] [DATA] BABYUSDT | now=0.0176 | entry=0.0177 | PnL=-0.51%
2026-06-16 16:52:01,080 [INFO] [DATA] SPCXBUSDT | now=208.9100 | entry=215.0000 | PnL=-2.83%
2026-06-16 16:52:01,205 [INFO] [DATA] JTOUSDT | now=0.8316 | entry=0.7581 | PnL=+9.70%
2026-06-16 16:52:01,323 [INFO] [DATA] WLDUSDT | now=0.6636 | entry=0.5884 | PnL=+12.78%
2026-06-16 16:52:01,323 [INFO] [EXIT] TP hit for WLDUSDT.
2026-06-16 16:52:01,933 [ERROR] [EXIT] Binance error exiting WLDUSDT: APIError(code=-2010): Account has insufficient balance for requested action.
2026-06-16 16:52:01,948 [INFO] [INVENTORY] 14/10 slots used — -4 vacant.
2026-06-16 16:52:01,948 [INFO] [STANDBY] Maximum capacity reached.
2026-06-16 16:52:01,948 [INFO] [SLEEP] Sleeping for 120s…
2026-06-16 16:54:01,950 [INFO] ======================================================================
2026-06-16 16:54:01,950 [INFO] [LOOP] Cycle #113 | 2026-06-16 16:54:01
2026-06-16 16:54:01,950 [INFO] [MONITOR] Evaluating 14 open positions…
2026-06-16 16:54:02,065 [INFO] [DATA] TRXUSDT | now=0.3175 | entry=0.3180 | PnL=-0.16%
2026-06-16 16:54:02,184 [INFO] [DATA] XRPUSDT | now=1.2383 | entry=1.2284 | PnL=+0.81%
2026-06-16 16:54:02,303 [INFO] [DATA] ADAUSDT | now=0.1788 | entry=0.1778 | PnL=+0.56%
2026-06-16 16:54:02,421 [INFO] [DATA] XLMUSDT | now=0.2251 | entry=0.2156 | PnL=+4.41%
2026-06-16 16:54:02,542 [INFO] [DATA] SOLUSDT | now=74.6300 | entry=73.9000 | PnL=+0.99%
2026-06-16 16:54:02,652 [INFO] [DATA] NEARUSDT | now=2.4740 | entry=2.4410 | PnL=+1.35%
2026-06-16 16:54:02,781 [INFO] [DATA] TAOUSDT | now=265.8000 | entry=263.1000 | PnL=+1.03%
2026-06-16 16:54:02,885 [INFO] [DATA] OPGUSDT | now=0.1580 | entry=0.1597 | PnL=-1.06%
2026-06-16 16:54:03,015 [INFO] [DATA] ZECUSDT | now=515.4500 | entry=525.0000 | PnL=-1.82%
2026-06-16 16:54:03,131 [INFO] [DATA] SUIUSDT | now=0.7952 | entry=0.7862 | PnL=+1.14%
2026-06-16 16:54:03,248 [INFO] [DATA] BABYUSDT | now=0.0176 | entry=0.0177 | PnL=-0.62%
2026-06-16 16:54:03,367 [INFO] [DATA] SPCXBUSDT | now=207.8700 | entry=215.0000 | PnL=-3.32%
2026-06-16 16:54:03,485 [INFO] [DATA] JTOUSDT | now=0.8322 | entry=0.7581 | PnL=+9.77%
2026-06-16 16:54:03,619 [INFO] [DATA] WLDUSDT | now=0.6601 | entry=0.5884 | PnL=+12.19%
2026-06-16 16:54:03,619 [INFO] [EXIT] TP hit for WLDUSDT.
2026-06-16 16:54:04,260 [ERROR] [EXIT] Binance error exiting WLDUSDT: APIError(code=-2010): Account has insufficient balance for requested action.
2026-06-16 16:54:04,275 [INFO] [INVENTORY] 14/10 slots used — -4 vacant.
2026-06-16 16:54:04,275 [INFO] [STANDBY] Maximum capacity reached.
2026-06-16 16:54:04,275 [INFO] [SLEEP] Sleeping for 120s…
2026-06-16 16:56:04,277 [INFO] ======================================================================
2026-06-16 16:56:04,277 [INFO] [LOOP] Cycle #114 | 2026-06-16 16:56:04
2026-06-16 16:56:04,277 [INFO] [MONITOR] Evaluating 14 open positions…
2026-06-16 16:56:04,389 [INFO] [DATA] TRXUSDT | now=0.3173 | entry=0.3180 | PnL=-0.22%
2026-06-16 16:56:04,515 [INFO] [DATA] XRPUSDT | now=1.2371 | entry=1.2284 | PnL=+0.71%
2026-06-16 16:56:04,637 [INFO] [DATA] ADAUSDT | now=0.1786 | entry=0.1778 | PnL=+0.45%
2026-06-16 16:56:04,762 [INFO] [DATA] XLMUSDT | now=0.2238 | entry=0.2156 | PnL=+3.80%
2026-06-16 16:56:04,880 [INFO] [DATA] SOLUSDT | now=74.5200 | entry=73.9000 | PnL=+0.84%
2026-06-16 16:56:05,001 [INFO] [DATA] NEARUSDT | now=2.4730 | entry=2.4410 | PnL=+1.31%
2026-06-16 16:56:05,119 [INFO] [DATA] TAOUSDT | now=265.4000 | entry=263.1000 | PnL=+0.87%
2026-06-16 16:56:05,239 [INFO] [DATA] OPGUSDT | now=0.1581 | entry=0.1597 | PnL=-1.00%
2026-06-16 16:56:05,357 [INFO] [DATA] ZECUSDT | now=514.1400 | entry=525.0000 | PnL=-2.07%
2026-06-16 16:56:05,484 [INFO] [DATA] SUIUSDT | now=0.7941 | entry=0.7862 | PnL=+1.00%
2026-06-16 16:56:05,599 [INFO] [DATA] BABYUSDT | now=0.0175 | entry=0.0177 | PnL=-1.07%
2026-06-16 16:56:05,720 [INFO] [DATA] SPCXBUSDT | now=206.3800 | entry=215.0000 | PnL=-4.01%
2026-06-16 16:56:05,841 [INFO] [DATA] JTOUSDT | now=0.8281 | entry=0.7581 | PnL=+9.23%
2026-06-16 16:56:05,953 [INFO] [DATA] WLDUSDT | now=0.6584 | entry=0.5884 | PnL=+11.90%
2026-06-16 16:56:05,953 [INFO] [EXIT] TP hit for WLDUSDT.
2026-06-16 16:56:06,686 [ERROR] [EXIT] Binance error exiting WLDUSDT: APIError(code=-2010): Account has insufficient balance for requested action.
2026-06-16 16:56:06,686 [INFO] [INVENTORY] 14/10 slots used — -4 vacant.
2026-06-16 16:56:06,686 [INFO] [STANDBY] Maximum capacity reached.
2026-06-16 16:56:06,686 [INFO] [SLEEP] Sleeping for 120s…
2026-06-16 16:58:06,694 [INFO] ======================================================================
2026-06-16 16:58:06,694 [INFO] [LOOP] Cycle #115 | 2026-06-16 16:58:06
2026-06-16 16:58:06,694 [INFO] [MONITOR] Evaluating 14 open positions…
2026-06-16 16:58:06,812 [INFO] [DATA] TRXUSDT | now=0.3173 | entry=0.3180 | PnL=-0.22%
2026-06-16 16:58:07,142 [INFO] [DATA] XRPUSDT | now=1.2373 | entry=1.2284 | PnL=+0.72%
2026-06-16 16:58:07,261 [INFO] [DATA] ADAUSDT | now=0.1787 | entry=0.1778 | PnL=+0.51%
2026-06-16 16:58:07,379 [INFO] [DATA] XLMUSDT | now=0.2246 | entry=0.2156 | PnL=+4.17%
2026-06-16 16:58:07,694 [INFO] [DATA] SOLUSDT | now=74.5700 | entry=73.9000 | PnL=+0.91%
2026-06-16 16:58:07,806 [INFO] [DATA] NEARUSDT | now=2.4710 | entry=2.4410 | PnL=+1.23%
2026-06-16 16:58:07,936 [INFO] [DATA] TAOUSDT | now=265.4000 | entry=263.1000 | PnL=+0.87%
2026-06-16 16:58:08,044 [INFO] [DATA] OPGUSDT | now=0.1580 | entry=0.1597 | PnL=-1.06%
2026-06-16 16:58:08,161 [INFO] [DATA] ZECUSDT | now=514.7600 | entry=525.0000 | PnL=-1.95%
2026-06-16 16:58:08,296 [INFO] [DATA] SUIUSDT | now=0.7945 | entry=0.7862 | PnL=+1.06%
2026-06-16 16:58:08,612 [INFO] [DATA] BABYUSDT | now=0.0175 | entry=0.0177 | PnL=-0.96%
2026-06-16 16:58:08,723 [INFO] [DATA] SPCXBUSDT | now=206.1700 | entry=215.0000 | PnL=-4.11%
2026-06-16 16:58:08,846 [INFO] [DATA] JTOUSDT | now=0.8321 | entry=0.7581 | PnL=+9.76%
2026-06-16 16:58:08,981 [INFO] [DATA] WLDUSDT | now=0.6624 | entry=0.5884 | PnL=+12.58%
2026-06-16 16:58:08,981 [INFO] [EXIT] TP hit for WLDUSDT.
2026-06-16 16:58:09,577 [ERROR] [EXIT] Binance error exiting WLDUSDT: APIError(code=-2010): Account has insufficient balance for requested action.
2026-06-16 16:58:09,577 [INFO] [INVENTORY] 14/10 slots used — -4 vacant.
2026-06-16 16:58:09,577 [INFO] [STANDBY] Maximum capacity reached.
2026-06-16 16:58:09,577 [INFO] [SLEEP] Sleeping for 120s…
2026-06-16 17:00:09,592 [INFO] ======================================================================
2026-06-16 17:00:09,592 [INFO] [LOOP] Cycle #116 | 2026-06-16 17:00:09
2026-06-16 17:00:09,592 [INFO] [MONITOR] Evaluating 14 open positions…
2026-06-16 17:00:09,695 [INFO] [DATA] TRXUSDT | now=0.3173 | entry=0.3180 | PnL=-0.22%
2026-06-16 17:00:09,824 [INFO] [DATA] XRPUSDT | now=1.2383 | entry=1.2284 | PnL=+0.81%
2026-06-16 17:00:09,929 [INFO] [DATA] ADAUSDT | now=0.1786 | entry=0.1778 | PnL=+0.45%
2026-06-16 17:00:10,045 [INFO] [DATA] XLMUSDT | now=0.2248 | entry=0.2156 | PnL=+4.27%
2026-06-16 17:00:10,173 [INFO] [DATA] SOLUSDT | now=74.5600 | entry=73.9000 | PnL=+0.89%
2026-06-16 17:00:10,278 [INFO] [DATA] NEARUSDT | now=2.4750 | entry=2.4410 | PnL=+1.39%
2026-06-16 17:00:10,412 [INFO] [DATA] TAOUSDT | now=265.3000 | entry=263.1000 | PnL=+0.84%
2026-06-16 17:00:10,528 [INFO] [DATA] OPGUSDT | now=0.1580 | entry=0.1597 | PnL=-1.06%
2026-06-16 17:00:10,651 [INFO] [DATA] ZECUSDT | now=514.5800 | entry=525.0000 | PnL=-1.98%
2026-06-16 17:00:10,762 [INFO] [DATA] SUIUSDT | now=0.7943 | entry=0.7862 | PnL=+1.03%
2026-06-16 17:00:10,878 [INFO] [DATA] BABYUSDT | now=0.0175 | entry=0.0177 | PnL=-0.79%
2026-06-16 17:00:10,995 [INFO] [DATA] SPCXBUSDT | now=207.8000 | entry=215.0000 | PnL=-3.35%
2026-06-16 17:00:11,112 [INFO] [DATA] JTOUSDT | now=0.8494 | entry=0.7581 | PnL=+12.04%
2026-06-16 17:00:11,228 [INFO] [DATA] WLDUSDT | now=0.6592 | entry=0.5884 | PnL=+12.03%
2026-06-16 17:00:11,228 [INFO] [EXIT] TP hit for WLDUSDT.
2026-06-16 17:00:11,945 [ERROR] [EXIT] Binance error exiting WLDUSDT: APIError(code=-2010): Account has insufficient balance for requested action.
2026-06-16 17:00:11,945 [INFO] [INVENTORY] 14/10 slots used — -4 vacant.
2026-06-16 17:00:11,945 [INFO] [STANDBY] Maximum capacity reached.
2026-06-16 17:00:11,945 [INFO] [SLEEP] Sleeping for 120s…
2026-06-16 17:02:11,959 [INFO] ======================================================================
2026-06-16 17:02:11,959 [INFO] [LOOP] Cycle #117 | 2026-06-16 17:02:11
2026-06-16 17:02:11,959 [INFO] [MONITOR] Evaluating 14 open positions…
2026-06-16 17:02:12,137 [INFO] [DATA] TRXUSDT | now=0.3173 | entry=0.3180 | PnL=-0.22%
2026-06-16 17:02:12,311 [INFO] [DATA] XRPUSDT | now=1.2363 | entry=1.2284 | PnL=+0.64%
2026-06-16 17:02:12,460 [INFO] [DATA] ADAUSDT | now=0.1784 | entry=0.1778 | PnL=+0.34%
2026-06-16 17:02:12,580 [INFO] [DATA] XLMUSDT | now=0.2233 | entry=0.2156 | PnL=+3.57%
2026-06-16 17:02:12,699 [INFO] [DATA] SOLUSDT | now=74.4700 | entry=73.9000 | PnL=+0.77%
2026-06-16 17:02:12,825 [INFO] [DATA] NEARUSDT | now=2.4630 | entry=2.4410 | PnL=+0.90%
2026-06-16 17:02:12,943 [INFO] [DATA] TAOUSDT | now=264.8000 | entry=263.1000 | PnL=+0.65%
2026-06-16 17:02:13,064 [INFO] [DATA] OPGUSDT | now=0.1579 | entry=0.1597 | PnL=-1.13%
2026-06-16 17:02:13,183 [INFO] [DATA] ZECUSDT | now=511.5000 | entry=525.0000 | PnL=-2.57%
2026-06-16 17:02:13,302 [INFO] [DATA] SUIUSDT | now=0.7927 | entry=0.7862 | PnL=+0.83%
2026-06-16 17:02:13,421 [INFO] [DATA] BABYUSDT | now=0.0175 | entry=0.0177 | PnL=-1.02%
2026-06-16 17:02:13,540 [INFO] [DATA] SPCXBUSDT | now=206.1500 | entry=215.0000 | PnL=-4.12%
2026-06-16 17:02:13,660 [INFO] [DATA] JTOUSDT | now=0.8419 | entry=0.7581 | PnL=+11.05%
2026-06-16 17:02:13,779 [INFO] [DATA] WLDUSDT | now=0.6531 | entry=0.5884 | PnL=+11.00%
2026-06-16 17:02:13,794 [INFO] [INVENTORY] 14/10 slots used — -4 vacant.
2026-06-16 17:02:13,794 [INFO] [STANDBY] Maximum capacity reached.
2026-06-16 17:02:13,794 [INFO] [SLEEP] Sleeping for 120s…
2026-06-16 17:04:13,796 [INFO] ======================================================================
2026-06-16 17:04:13,796 [INFO] [LOOP] Cycle #118 | 2026-06-16 17:04:13
2026-06-16 17:04:13,796 [INFO] [MONITOR] Evaluating 14 open positions…
2026-06-16 17:04:13,929 [INFO] [DATA] TRXUSDT | now=0.3172 | entry=0.3180 | PnL=-0.25%
2026-06-16 17:04:14,052 [INFO] [DATA] XRPUSDT | now=1.2346 | entry=1.2284 | PnL=+0.50%
2026-06-16 17:04:14,174 [INFO] [DATA] ADAUSDT | now=0.1784 | entry=0.1778 | PnL=+0.34%
2026-06-16 17:04:14,297 [INFO] [DATA] XLMUSDT | now=0.2229 | entry=0.2156 | PnL=+3.39%
2026-06-16 17:04:14,428 [INFO] [DATA] SOLUSDT | now=74.4300 | entry=73.9000 | PnL=+0.72%
2026-06-16 17:04:14,552 [INFO] [DATA] NEARUSDT | now=2.4650 | entry=2.4410 | PnL=+0.98%
2026-06-16 17:04:14,723 [INFO] [DATA] TAOUSDT | now=264.5000 | entry=263.1000 | PnL=+0.53%
2026-06-16 17:04:14,971 [INFO] [DATA] OPGUSDT | now=0.1570 | entry=0.1597 | PnL=-1.69%
2026-06-16 17:04:15,099 [INFO] [DATA] ZECUSDT | now=510.8300 | entry=525.0000 | PnL=-2.70%
2026-06-16 17:04:15,421 [INFO] [DATA] SUIUSDT | now=0.7922 | entry=0.7862 | PnL=+0.76%
2026-06-16 17:04:15,544 [INFO] [DATA] BABYUSDT | now=0.0175 | entry=0.0177 | PnL=-1.07%
2026-06-16 17:04:15,684 [INFO] [DATA] SPCXBUSDT | now=203.5300 | entry=215.0000 | PnL=-5.33%
2026-06-16 17:04:15,801 [INFO] [DATA] JTOUSDT | now=0.8426 | entry=0.7581 | PnL=+11.15%
2026-06-16 17:04:15,928 [INFO] [DATA] WLDUSDT | now=0.6527 | entry=0.5884 | PnL=+10.93%
2026-06-16 17:04:15,928 [INFO] [INVENTORY] 14/10 slots used — -4 vacant.
2026-06-16 17:04:15,928 [INFO] [STANDBY] Maximum capacity reached.
2026-06-16 17:04:15,928 [INFO] [SLEEP] Sleeping for 120s…
2026-06-16 17:06:15,929 [INFO] ======================================================================
2026-06-16 17:06:15,929 [INFO] [LOOP] Cycle #119 | 2026-06-16 17:06:15
2026-06-16 17:06:15,929 [INFO] [MONITOR] Evaluating 14 open positions…
2026-06-16 17:06:16,300 [INFO] [DATA] TRXUSDT | now=0.3172 | entry=0.3180 | PnL=-0.25%
2026-06-16 17:06:16,450 [INFO] [DATA] XRPUSDT | now=1.2349 | entry=1.2284 | PnL=+0.53%
2026-06-16 17:06:16,604 [INFO] [DATA] ADAUSDT | now=0.1784 | entry=0.1778 | PnL=+0.34%
2026-06-16 17:06:16,844 [INFO] [DATA] XLMUSDT | now=0.2216 | entry=0.2156 | PnL=+2.78%
2026-06-16 17:06:17,075 [INFO] [DATA] SOLUSDT | now=74.4100 | entry=73.9000 | PnL=+0.69%
2026-06-16 17:06:17,301 [INFO] [DATA] NEARUSDT | now=2.4540 | entry=2.4410 | PnL=+0.53%
2026-06-16 17:06:17,419 [INFO] [DATA] TAOUSDT | now=264.3000 | entry=263.1000 | PnL=+0.46%
2026-06-16 17:06:17,550 [INFO] [DATA] OPGUSDT | now=0.1570 | entry=0.1597 | PnL=-1.69%
2026-06-16 17:06:17,733 [INFO] [DATA] ZECUSDT | now=512.6500 | entry=525.0000 | PnL=-2.35%
2026-06-16 17:06:17,916 [INFO] [DATA] SUIUSDT | now=0.7921 | entry=0.7862 | PnL=+0.75%
2026-06-16 17:06:18,254 [INFO] [DATA] BABYUSDT | now=0.0175 | entry=0.0177 | PnL=-1.07%
2026-06-16 17:06:18,615 [INFO] [DATA] SPCXBUSDT | now=204.7000 | entry=215.0000 | PnL=-4.79%
2026-06-16 17:06:18,757 [INFO] [DATA] JTOUSDT | now=0.8417 | entry=0.7581 | PnL=+11.03%
2026-06-16 17:06:18,899 [INFO] [DATA] WLDUSDT | now=0.6538 | entry=0.5884 | PnL=+11.11%
2026-06-16 17:06:18,899 [INFO] [INVENTORY] 14/10 slots used — -4 vacant.
2026-06-16 17:06:18,899 [INFO] [STANDBY] Maximum capacity reached.
2026-06-16 17:06:18,900 [INFO] [SLEEP] Sleeping for 120s…
2026-06-16 17:08:18,901 [INFO] ======================================================================
2026-06-16 17:08:18,902 [INFO] [LOOP] Cycle #120 | 2026-06-16 17:08:18
2026-06-16 17:08:18,902 [INFO] [MONITOR] Evaluating 14 open positions…
2026-06-16 17:08:19,021 [INFO] [DATA] TRXUSDT | now=0.3172 | entry=0.3180 | PnL=-0.25%
2026-06-16 17:08:19,141 [INFO] [DATA] XRPUSDT | now=1.2358 | entry=1.2284 | PnL=+0.60%
2026-06-16 17:08:19,275 [INFO] [DATA] ADAUSDT | now=0.1784 | entry=0.1778 | PnL=+0.34%
2026-06-16 17:08:19,398 [INFO] [DATA] XLMUSDT | now=0.2222 | entry=0.2156 | PnL=+3.06%
2026-06-16 17:08:19,519 [INFO] [DATA] SOLUSDT | now=74.4800 | entry=73.9000 | PnL=+0.78%
2026-06-16 17:08:19,640 [INFO] [DATA] NEARUSDT | now=2.4580 | entry=2.4410 | PnL=+0.70%
2026-06-16 17:08:19,760 [INFO] [DATA] TAOUSDT | now=264.3000 | entry=263.1000 | PnL=+0.46%
2026-06-16 17:08:19,879 [INFO] [DATA] OPGUSDT | now=0.1583 | entry=0.1597 | PnL=-0.88%
2026-06-16 17:08:19,997 [INFO] [DATA] ZECUSDT | now=513.6700 | entry=525.0000 | PnL=-2.16%
2026-06-16 17:08:20,112 [INFO] [DATA] SUIUSDT | now=0.7932 | entry=0.7862 | PnL=+0.89%
2026-06-16 17:08:20,228 [INFO] [DATA] BABYUSDT | now=0.0175 | entry=0.0177 | PnL=-1.02%
2026-06-16 17:08:20,348 [INFO] [DATA] SPCXBUSDT | now=204.6800 | entry=215.0000 | PnL=-4.80%
2026-06-16 17:08:20,468 [INFO] [DATA] JTOUSDT | now=0.8399 | entry=0.7581 | PnL=+10.79%
2026-06-16 17:08:20,643 [INFO] [DATA] WLDUSDT | now=0.6549 | entry=0.5884 | PnL=+11.30%
2026-06-16 17:08:20,643 [INFO] [EXIT] TP hit for WLDUSDT.
2026-06-16 17:08:21,605 [ERROR] [EXIT] Binance error exiting WLDUSDT: APIError(code=-2010): Account has insufficient balance for requested action.
2026-06-16 17:08:21,609 [INFO] [INVENTORY] 14/10 slots used — -4 vacant.
2026-06-16 17:08:21,609 [INFO] [STANDBY] Maximum capacity reached.
2026-06-16 17:08:21,609 [INFO] [SLEEP] Sleeping for 120s…
