2026-06-19 06:41:09,093 [INFO] [SYSTEM] Synchronising clock with Binance server…
2026-06-19 06:41:09,370 [INFO] [SYSTEM] Clock synchronised. Offset: 52117ms.
2026-06-19 06:41:09,378 [INFO] [SYSTEM] Bot started. Tracking 6 positions.
2026-06-19 06:41:09,378 [INFO] [SYSTEM] Running one-time wallet ingestion…
2026-06-19 06:41:11,639 [INFO] [INGESTION] Adopting untracked holding: NEAR 4.195800 (~$9.34)
2026-06-19 06:41:16,217 [INFO] [INGESTION] NEARUSDT registered | entry=2.2250 | TP=2.3580 | SL=2.1580
2026-06-19 06:41:16,492 [INFO] [INGESTION] Adopting untracked holding: AAVE 0.132867 (~$10.02)
2026-06-19 06:41:20,818 [INFO] [INGESTION] AAVEUSDT registered | entry=75.3800 | TP=79.4600 | SL=73.3300
2026-06-19 06:41:22,758 [INFO] [INGESTION] Adopting untracked holding: ONDO 26.573400 (~$9.64)
2026-06-19 06:41:27,946 [INFO] [INGESTION] ONDOUSDT registered | entry=0.3626 | TP=0.3843 | SL=0.3517
2026-06-19 06:41:29,570 [INFO] [SYSTEM] Ingestion complete. Tracking 9 positions.
2026-06-19 06:41:29,570 [INFO] ======================================================================
2026-06-19 06:41:29,570 [INFO] [LOOP] Cycle #1 | 2026-06-19 06:41:29
2026-06-19 06:41:29,570 [INFO] [MONITOR] Evaluating 9 open positions…
2026-06-19 06:41:30,062 [INFO] [DATA] TRXUSDT | now=0.3210 | entry=0.3173 | PnL=+1.17%
2026-06-19 06:41:30,696 [INFO] [DATA] RLUSDUSDT | now=1.0009 | entry=1.0008 | PnL=+0.01%
2026-06-19 06:41:31,376 [INFO] [DATA] WLDUSDT | now=0.6520 | entry=0.6348 | PnL=+2.71%
2026-06-19 06:41:32,109 [INFO] [DATA] XLMUSDT | now=0.2322 | entry=0.2262 | PnL=+2.65%
2026-06-19 06:41:32,890 [INFO] [DATA] ENAUSDT | now=0.0938 | entry=0.0897 | PnL=+4.57%
2026-06-19 06:41:33,615 [INFO] [DATA] UNIUSDT | now=3.1290 | entry=3.3250 | PnL=-5.89%
2026-06-19 06:41:33,971 [INFO] [DATA] NEARUSDT | now=2.2280 | entry=2.2250 | PnL=+0.13%
2026-06-19 06:41:34,357 [INFO] [DATA] AAVEUSDT | now=75.4600 | entry=75.3800 | PnL=+0.11%
2026-06-19 06:41:34,999 [INFO] [DATA] ONDOUSDT | now=0.3628 | entry=0.3626 | PnL=+0.06%
2026-06-19 06:41:34,999 [INFO] [INVENTORY] 9/10 slots used — 1 vacant.
2026-06-19 06:41:35,720 [INFO] [LIQUIDITY] Free USDT: $2.90
2026-06-19 06:41:35,720 [INFO] [STANDBY] Insufficient USDT (need $10.00).
2026-06-19 06:41:35,720 [INFO] [SLEEP] Sleeping for 120s…
2026-06-19 06:43:35,721 [INFO] ======================================================================
2026-06-19 06:43:35,721 [INFO] [LOOP] Cycle #2 | 2026-06-19 06:43:35
2026-06-19 06:43:35,721 [INFO] [MONITOR] Evaluating 9 open positions…
2026-06-19 06:43:36,077 [INFO] [DATA] TRXUSDT | now=0.3210 | entry=0.3173 | PnL=+1.17%
2026-06-19 06:43:36,435 [INFO] [DATA] RLUSDUSDT | now=1.0009 | entry=1.0008 | PnL=+0.01%
2026-06-19 06:43:36,797 [INFO] [DATA] WLDUSDT | now=0.6505 | entry=0.6348 | PnL=+2.47%
2026-06-19 06:43:37,158 [INFO] [DATA] XLMUSDT | now=0.2320 | entry=0.2262 | PnL=+2.56%
2026-06-19 06:43:37,516 [INFO] [DATA] ENAUSDT | now=0.0935 | entry=0.0897 | PnL=+4.24%
2026-06-19 06:43:37,880 [INFO] [DATA] UNIUSDT | now=3.1250 | entry=3.3250 | PnL=-6.02%
2026-06-19 06:43:38,246 [INFO] [DATA] NEARUSDT | now=2.2240 | entry=2.2250 | PnL=-0.04%
2026-06-19 06:43:38,617 [INFO] [DATA] AAVEUSDT | now=75.4300 | entry=75.3800 | PnL=+0.07%
2026-06-19 06:43:38,988 [INFO] [DATA] ONDOUSDT | now=0.3617 | entry=0.3626 | PnL=-0.25%
2026-06-19 06:43:38,988 [INFO] [INVENTORY] 9/10 slots used — 1 vacant.
2026-06-19 06:43:39,366 [INFO] [LIQUIDITY] Free USDT: $2.90
2026-06-19 06:43:39,366 [INFO] [STANDBY] Insufficient USDT (need $10.00).
2026-06-19 06:43:39,366 [INFO] [SLEEP] Sleeping for 120s…
2026-06-19 06:45:39,367 [INFO] ======================================================================
2026-06-19 06:45:39,367 [INFO] [LOOP] Cycle #3 | 2026-06-19 06:45:39
2026-06-19 06:45:39,367 [INFO] [MONITOR] Evaluating 9 open positions…
2026-06-19 06:45:39,564 [INFO] [DATA] TRXUSDT | now=0.3210 | entry=0.3173 | PnL=+1.17%
2026-06-19 06:45:39,762 [INFO] [DATA] RLUSDUSDT | now=1.0010 | entry=1.0008 | PnL=+0.02%
2026-06-19 06:45:39,960 [INFO] [DATA] WLDUSDT | now=0.6548 | entry=0.6348 | PnL=+3.15%
2026-06-19 06:45:40,158 [INFO] [DATA] XLMUSDT | now=0.2333 | entry=0.2262 | PnL=+3.14%
2026-06-19 06:45:40,358 [INFO] [DATA] ENAUSDT | now=0.0936 | entry=0.0897 | PnL=+4.35%
2026-06-19 06:45:40,559 [INFO] [DATA] UNIUSDT | now=3.1330 | entry=3.3250 | PnL=-5.77%
2026-06-19 06:45:40,758 [INFO] [DATA] NEARUSDT | now=2.2320 | entry=2.2250 | PnL=+0.31%
2026-06-19 06:45:40,957 [INFO] [DATA] AAVEUSDT | now=75.7300 | entry=75.3800 | PnL=+0.46%
2026-06-19 06:45:41,155 [INFO] [DATA] ONDOUSDT | now=0.3630 | entry=0.3626 | PnL=+0.11%
2026-06-19 06:45:41,155 [INFO] [INVENTORY] 9/10 slots used — 1 vacant.
2026-06-19 06:45:41,359 [INFO] [LIQUIDITY] Free USDT: $2.90
2026-06-19 06:45:41,359 [INFO] [STANDBY] Insufficient USDT (need $10.00).
2026-06-19 06:45:41,359 [INFO] [SLEEP] Sleeping for 120s…
2026-06-19 06:47:41,361 [INFO] ======================================================================
2026-06-19 06:47:41,361 [INFO] [LOOP] Cycle #4 | 2026-06-19 06:47:41
2026-06-19 06:47:41,361 [INFO] [MONITOR] Evaluating 9 open positions…
2026-06-19 06:47:41,476 [INFO] [DATA] TRXUSDT | now=0.3210 | entry=0.3173 | PnL=+1.17%
2026-06-19 06:47:41,596 [INFO] [DATA] RLUSDUSDT | now=1.0009 | entry=1.0008 | PnL=+0.01%
2026-06-19 06:47:41,716 [INFO] [DATA] WLDUSDT | now=0.6540 | entry=0.6348 | PnL=+3.02%
2026-06-19 06:47:41,821 [INFO] [DATA] XLMUSDT | now=0.2333 | entry=0.2262 | PnL=+3.14%
2026-06-19 06:47:41,941 [INFO] [DATA] ENAUSDT | now=0.0935 | entry=0.0897 | PnL=+4.24%
2026-06-19 06:47:42,061 [INFO] [DATA] UNIUSDT | now=3.1350 | entry=3.3250 | PnL=-5.71%
2026-06-19 06:47:42,181 [INFO] [DATA] NEARUSDT | now=2.2290 | entry=2.2250 | PnL=+0.18%
2026-06-19 06:47:42,287 [INFO] [DATA] AAVEUSDT | now=75.6000 | entry=75.3800 | PnL=+0.29%
2026-06-19 06:47:42,407 [INFO] [DATA] ONDOUSDT | now=0.3631 | entry=0.3626 | PnL=+0.14%
2026-06-19 06:47:42,407 [INFO] [INVENTORY] 9/10 slots used — 1 vacant.
2026-06-19 06:47:42,542 [INFO] [LIQUIDITY] Free USDT: $2.90
2026-06-19 06:47:42,542 [INFO] [STANDBY] Insufficient USDT (need $10.00).
2026-06-19 06:47:42,542 [INFO] [SLEEP] Sleeping for 120s…
2026-06-19 06:49:42,543 [INFO] ======================================================================
2026-06-19 06:49:42,543 [INFO] [LOOP] Cycle #5 | 2026-06-19 06:49:42
2026-06-19 06:49:42,543 [INFO] [MONITOR] Evaluating 9 open positions…
2026-06-19 06:49:42,647 [INFO] [DATA] TRXUSDT | now=0.3209 | entry=0.3173 | PnL=+1.13%
2026-06-19 06:49:42,767 [INFO] [DATA] RLUSDUSDT | now=1.0010 | entry=1.0008 | PnL=+0.02%
2026-06-19 06:49:42,887 [INFO] [DATA] WLDUSDT | now=0.6528 | entry=0.6348 | PnL=+2.84%
2026-06-19 06:49:43,007 [INFO] [DATA] XLMUSDT | now=0.2331 | entry=0.2262 | PnL=+3.05%
2026-06-19 06:49:43,127 [INFO] [DATA] ENAUSDT | now=0.0936 | entry=0.0897 | PnL=+4.35%
2026-06-19 06:49:43,232 [INFO] [DATA] UNIUSDT | now=3.1390 | entry=3.3250 | PnL=-5.59%
2026-06-19 06:49:43,353 [INFO] [DATA] NEARUSDT | now=2.2300 | entry=2.2250 | PnL=+0.22%
2026-06-19 06:49:43,473 [INFO] [DATA] AAVEUSDT | now=75.6600 | entry=75.3800 | PnL=+0.37%
2026-06-19 06:49:43,593 [INFO] [DATA] ONDOUSDT | now=0.3640 | entry=0.3626 | PnL=+0.39%
2026-06-19 06:49:43,593 [INFO] [INVENTORY] 9/10 slots used — 1 vacant.
2026-06-19 06:49:43,788 [INFO] [LIQUIDITY] Free USDT: $2.90
2026-06-19 06:49:43,803 [INFO] [STANDBY] Insufficient USDT (need $10.00).
2026-06-19 06:49:43,803 [INFO] [SLEEP] Sleeping for 120s…
2026-06-19 06:51:43,804 [INFO] ======================================================================
2026-06-19 06:51:43,804 [INFO] [LOOP] Cycle #6 | 2026-06-19 06:51:43
2026-06-19 06:51:43,804 [INFO] [MONITOR] Evaluating 9 open positions…
2026-06-19 06:51:43,924 [INFO] [DATA] TRXUSDT | now=0.3210 | entry=0.3173 | PnL=+1.17%
2026-06-19 06:51:44,029 [INFO] [DATA] RLUSDUSDT | now=1.0010 | entry=1.0008 | PnL=+0.02%
2026-06-19 06:51:44,149 [INFO] [DATA] WLDUSDT | now=0.6527 | entry=0.6348 | PnL=+2.82%
2026-06-19 06:51:44,269 [INFO] [DATA] XLMUSDT | now=0.2342 | entry=0.2262 | PnL=+3.54%
2026-06-19 06:51:44,389 [INFO] [DATA] ENAUSDT | now=0.0939 | entry=0.0897 | PnL=+4.68%
2026-06-19 06:51:44,509 [INFO] [DATA] UNIUSDT | now=3.1370 | entry=3.3250 | PnL=-5.65%
2026-06-19 06:51:44,614 [INFO] [DATA] NEARUSDT | now=2.2370 | entry=2.2250 | PnL=+0.54%
2026-06-19 06:51:44,734 [INFO] [DATA] AAVEUSDT | now=75.6800 | entry=75.3800 | PnL=+0.40%
2026-06-19 06:51:44,854 [INFO] [DATA] ONDOUSDT | now=0.3643 | entry=0.3626 | PnL=+0.47%
2026-06-19 06:51:44,854 [INFO] [INVENTORY] 9/10 slots used — 1 vacant.
2026-06-19 06:51:44,974 [INFO] [LIQUIDITY] Free USDT: $2.90
2026-06-19 06:51:44,974 [INFO] [STANDBY] Insufficient USDT (need $10.00).
2026-06-19 06:51:44,974 [INFO] [SLEEP] Sleeping for 120s…
2026-06-19 06:53:44,988 [INFO] ======================================================================
2026-06-19 06:53:44,988 [INFO] [LOOP] Cycle #7 | 2026-06-19 06:53:44
2026-06-19 06:53:44,988 [INFO] [MONITOR] Evaluating 9 open positions…
2026-06-19 06:53:45,091 [INFO] [DATA] TRXUSDT | now=0.3210 | entry=0.3173 | PnL=+1.17%
2026-06-19 06:53:45,215 [INFO] [DATA] RLUSDUSDT | now=1.0010 | entry=1.0008 | PnL=+0.02%
2026-06-19 06:53:45,332 [INFO] [DATA] WLDUSDT | now=0.6520 | entry=0.6348 | PnL=+2.71%
2026-06-19 06:53:45,452 [INFO] [DATA] XLMUSDT | now=0.2348 | entry=0.2262 | PnL=+3.80%
2026-06-19 06:53:45,573 [INFO] [DATA] ENAUSDT | now=0.0937 | entry=0.0897 | PnL=+4.46%
2026-06-19 06:53:45,678 [INFO] [DATA] UNIUSDT | now=3.1270 | entry=3.3250 | PnL=-5.95%
2026-06-19 06:53:45,798 [INFO] [DATA] NEARUSDT | now=2.2340 | entry=2.2250 | PnL=+0.40%
2026-06-19 06:53:45,918 [INFO] [DATA] AAVEUSDT | now=75.6300 | entry=75.3800 | PnL=+0.33%
2026-06-19 06:53:46,038 [INFO] [DATA] ONDOUSDT | now=0.3641 | entry=0.3626 | PnL=+0.41%
2026-06-19 06:53:46,038 [INFO] [INVENTORY] 9/10 slots used — 1 vacant.
2026-06-19 06:53:46,158 [INFO] [LIQUIDITY] Free USDT: $2.90
2026-06-19 06:53:46,158 [INFO] [STANDBY] Insufficient USDT (need $10.00).
2026-06-19 06:53:46,158 [INFO] [SLEEP] Sleeping for 120s…
2026-06-19 06:55:46,167 [INFO] ======================================================================
2026-06-19 06:55:46,167 [INFO] [LOOP] Cycle #8 | 2026-06-19 06:55:46
2026-06-19 06:55:46,167 [INFO] [MONITOR] Evaluating 9 open positions…
2026-06-19 06:55:46,285 [INFO] [DATA] TRXUSDT | now=0.3210 | entry=0.3173 | PnL=+1.17%
2026-06-19 06:55:46,405 [INFO] [DATA] RLUSDUSDT | now=1.0010 | entry=1.0008 | PnL=+0.02%
2026-06-19 06:55:46,525 [INFO] [DATA] WLDUSDT | now=0.6498 | entry=0.6348 | PnL=+2.36%
2026-06-19 06:55:46,630 [INFO] [DATA] XLMUSDT | now=0.2345 | entry=0.2262 | PnL=+3.67%
2026-06-19 06:55:46,750 [INFO] [DATA] ENAUSDT | now=0.0938 | entry=0.0897 | PnL=+4.57%
2026-06-19 06:55:46,870 [INFO] [DATA] UNIUSDT | now=3.1210 | entry=3.3250 | PnL=-6.14%
2026-06-19 06:55:46,990 [INFO] [DATA] NEARUSDT | now=2.2330 | entry=2.2250 | PnL=+0.36%
2026-06-19 06:55:47,110 [INFO] [DATA] AAVEUSDT | now=75.6000 | entry=75.3800 | PnL=+0.29%
2026-06-19 06:55:47,216 [INFO] [DATA] ONDOUSDT | now=0.3641 | entry=0.3626 | PnL=+0.41%
2026-06-19 06:55:47,216 [INFO] [INVENTORY] 9/10 slots used — 1 vacant.
2026-06-19 06:55:47,351 [INFO] [LIQUIDITY] Free USDT: $2.90
2026-06-19 06:55:47,351 [INFO] [STANDBY] Insufficient USDT (need $10.00).
2026-06-19 06:55:47,351 [INFO] [SLEEP] Sleeping for 120s…
2026-06-19 06:57:47,353 [INFO] ======================================================================
2026-06-19 06:57:47,353 [INFO] [LOOP] Cycle #9 | 2026-06-19 06:57:47
2026-06-19 06:57:47,353 [INFO] [MONITOR] Evaluating 9 open positions…
2026-06-19 06:57:47,458 [INFO] [DATA] TRXUSDT | now=0.3210 | entry=0.3173 | PnL=+1.17%
2026-06-19 06:57:47,578 [INFO] [DATA] RLUSDUSDT | now=1.0008 | entry=1.0008 | PnL=+0.00%
2026-06-19 06:57:47,698 [INFO] [DATA] WLDUSDT | now=0.6497 | entry=0.6348 | PnL=+2.35%
2026-06-19 06:57:47,818 [INFO] [DATA] XLMUSDT | now=0.2350 | entry=0.2262 | PnL=+3.89%
2026-06-19 06:57:47,938 [INFO] [DATA] ENAUSDT | now=0.0937 | entry=0.0897 | PnL=+4.46%
2026-06-19 06:57:48,043 [INFO] [DATA] UNIUSDT | now=3.1160 | entry=3.3250 | PnL=-6.29%
2026-06-19 06:57:48,163 [INFO] [DATA] NEARUSDT | now=2.2290 | entry=2.2250 | PnL=+0.18%
2026-06-19 06:57:48,284 [INFO] [DATA] AAVEUSDT | now=75.4500 | entry=75.3800 | PnL=+0.09%
2026-06-19 06:57:48,404 [INFO] [DATA] ONDOUSDT | now=0.3633 | entry=0.3626 | PnL=+0.19%
2026-06-19 06:57:48,404 [INFO] [INVENTORY] 9/10 slots used — 1 vacant.
2026-06-19 06:57:48,539 [INFO] [LIQUIDITY] Free USDT: $2.90
2026-06-19 06:57:48,539 [INFO] [STANDBY] Insufficient USDT (need $10.00).
2026-06-19 06:57:48,539 [INFO] [SLEEP] Sleeping for 120s…
2026-06-19 06:59:48,543 [INFO] ======================================================================
2026-06-19 06:59:48,543 [INFO] [LOOP] Cycle #10 | 2026-06-19 06:59:48
2026-06-19 06:59:48,543 [INFO] [MONITOR] Evaluating 9 open positions…
2026-06-19 06:59:48,653 [INFO] [DATA] TRXUSDT | now=0.3211 | entry=0.3173 | PnL=+1.20%
2026-06-19 06:59:48,773 [INFO] [DATA] RLUSDUSDT | now=1.0008 | entry=1.0008 | PnL=+0.00%
2026-06-19 06:59:48,894 [INFO] [DATA] WLDUSDT | now=0.6499 | entry=0.6348 | PnL=+2.38%
2026-06-19 06:59:49,013 [INFO] [DATA] XLMUSDT | now=0.2341 | entry=0.2262 | PnL=+3.49%
2026-06-19 06:59:49,118 [INFO] [DATA] ENAUSDT | now=0.0937 | entry=0.0897 | PnL=+4.46%
2026-06-19 06:59:49,239 [INFO] [DATA] UNIUSDT | now=3.1120 | entry=3.3250 | PnL=-6.41%
2026-06-19 06:59:49,359 [INFO] [DATA] NEARUSDT | now=2.2290 | entry=2.2250 | PnL=+0.18%
2026-06-19 06:59:49,479 [INFO] [DATA] AAVEUSDT | now=75.3100 | entry=75.3800 | PnL=-0.09%
2026-06-19 06:59:49,599 [INFO] [DATA] ONDOUSDT | now=0.3629 | entry=0.3626 | PnL=+0.08%
2026-06-19 06:59:49,599 [INFO] [INVENTORY] 9/10 slots used — 1 vacant.
2026-06-19 06:59:49,719 [INFO] [LIQUIDITY] Free USDT: $2.90
2026-06-19 06:59:49,719 [INFO] [STANDBY] Insufficient USDT (need $10.00).
2026-06-19 06:59:49,719 [INFO] [SLEEP] Sleeping for 120s…
2026-06-19 07:01:49,726 [INFO] ======================================================================
2026-06-19 07:01:49,726 [INFO] [LOOP] Cycle #11 | 2026-06-19 07:01:49
2026-06-19 07:01:49,726 [INFO] [MONITOR] Evaluating 9 open positions…
2026-06-19 07:01:49,836 [INFO] [DATA] TRXUSDT | now=0.3211 | entry=0.3173 | PnL=+1.20%
2026-06-19 07:01:49,956 [INFO] [DATA] RLUSDUSDT | now=1.0008 | entry=1.0008 | PnL=+0.00%
2026-06-19 07:01:50,077 [INFO] [DATA] WLDUSDT | now=0.6473 | entry=0.6348 | PnL=+1.97%
2026-06-19 07:01:50,197 [INFO] [DATA] XLMUSDT | now=0.2331 | entry=0.2262 | PnL=+3.05%
2026-06-19 07:01:50,317 [INFO] [DATA] ENAUSDT | now=0.0933 | entry=0.0897 | PnL=+4.01%
2026-06-19 07:01:50,438 [INFO] [DATA] UNIUSDT | now=3.1090 | entry=3.3250 | PnL=-6.50%
2026-06-19 07:01:50,543 [INFO] [DATA] NEARUSDT | now=2.2210 | entry=2.2250 | PnL=-0.18%
2026-06-19 07:01:50,663 [INFO] [DATA] AAVEUSDT | now=75.1100 | entry=75.3800 | PnL=-0.36%
2026-06-19 07:01:50,783 [INFO] [DATA] ONDOUSDT | now=0.3618 | entry=0.3626 | PnL=-0.22%
2026-06-19 07:01:50,783 [INFO] [INVENTORY] 9/10 slots used — 1 vacant.
2026-06-19 07:01:50,918 [INFO] [LIQUIDITY] Free USDT: $2.90
2026-06-19 07:01:50,918 [INFO] [STANDBY] Insufficient USDT (need $10.00).
2026-06-19 07:01:50,918 [INFO] [SLEEP] Sleeping for 120s…
2026-06-19 07:03:50,920 [INFO] ======================================================================
2026-06-19 07:03:50,920 [INFO] [LOOP] Cycle #12 | 2026-06-19 07:03:50
2026-06-19 07:03:50,920 [INFO] [MONITOR] Evaluating 9 open positions…
2026-06-19 07:03:51,033 [INFO] [DATA] TRXUSDT | now=0.3209 | entry=0.3173 | PnL=+1.13%
2026-06-19 07:03:51,153 [INFO] [DATA] RLUSDUSDT | now=1.0008 | entry=1.0008 | PnL=+0.00%
2026-06-19 07:03:51,273 [INFO] [DATA] WLDUSDT | now=0.6462 | entry=0.6348 | PnL=+1.80%
2026-06-19 07:03:51,378 [INFO] [DATA] XLMUSDT | now=0.2324 | entry=0.2262 | PnL=+2.74%
2026-06-19 07:03:51,498 [INFO] [DATA] ENAUSDT | now=0.0929 | entry=0.0897 | PnL=+3.57%
2026-06-19 07:03:51,618 [INFO] [DATA] UNIUSDT | now=3.1050 | entry=3.3250 | PnL=-6.62%
2026-06-19 07:03:51,738 [INFO] [DATA] NEARUSDT | now=2.2120 | entry=2.2250 | PnL=-0.58%
2026-06-19 07:03:51,858 [INFO] [DATA] AAVEUSDT | now=74.9300 | entry=75.3800 | PnL=-0.60%
2026-06-19 07:03:51,963 [INFO] [DATA] ONDOUSDT | now=0.3602 | entry=0.3626 | PnL=-0.66%
2026-06-19 07:03:51,978 [INFO] [INVENTORY] 9/10 slots used — 1 vacant.
2026-06-19 07:03:52,103 [INFO] [LIQUIDITY] Free USDT: $2.90
2026-06-19 07:03:52,103 [INFO] [STANDBY] Insufficient USDT (need $10.00).
2026-06-19 07:03:52,103 [INFO] [SLEEP] Sleeping for 120s…
2026-06-19 07:05:52,105 [INFO] ======================================================================
2026-06-19 07:05:52,105 [INFO] [LOOP] Cycle #13 | 2026-06-19 07:05:52
2026-06-19 07:05:52,105 [INFO] [MONITOR] Evaluating 9 open positions…
2026-06-19 07:05:52,208 [INFO] [DATA] TRXUSDT | now=0.3210 | entry=0.3173 | PnL=+1.17%
2026-06-19 07:05:52,328 [INFO] [DATA] RLUSDUSDT | now=1.0009 | entry=1.0008 | PnL=+0.01%
2026-06-19 07:05:52,448 [INFO] [DATA] WLDUSDT | now=0.6485 | entry=0.6348 | PnL=+2.16%
2026-06-19 07:05:52,568 [INFO] [DATA] XLMUSDT | now=0.2331 | entry=0.2262 | PnL=+3.05%
2026-06-19 07:05:52,688 [INFO] [DATA] ENAUSDT | now=0.0932 | entry=0.0897 | PnL=+3.90%
2026-06-19 07:05:52,793 [INFO] [DATA] UNIUSDT | now=3.1050 | entry=3.3250 | PnL=-6.62%
2026-06-19 07:05:52,913 [INFO] [DATA] NEARUSDT | now=2.2150 | entry=2.2250 | PnL=-0.45%
2026-06-19 07:05:53,033 [INFO] [DATA] AAVEUSDT | now=75.0700 | entry=75.3800 | PnL=-0.41%
2026-06-19 07:05:53,154 [INFO] [DATA] ONDOUSDT | now=0.3610 | entry=0.3626 | PnL=-0.44%
2026-06-19 07:05:53,154 [INFO] [INVENTORY] 9/10 slots used — 1 vacant.
2026-06-19 07:05:53,274 [INFO] [LIQUIDITY] Free USDT: $2.90
2026-06-19 07:05:53,274 [INFO] [STANDBY] Insufficient USDT (need $10.00).
2026-06-19 07:05:53,274 [INFO] [SLEEP] Sleeping for 120s…
2026-06-19 07:07:53,286 [INFO] ======================================================================
2026-06-19 07:07:53,286 [INFO] [LOOP] Cycle #14 | 2026-06-19 07:07:53
2026-06-19 07:07:53,286 [INFO] [MONITOR] Evaluating 9 open positions…
2026-06-19 07:07:53,394 [INFO] [DATA] TRXUSDT | now=0.3211 | entry=0.3173 | PnL=+1.20%
2026-06-19 07:07:53,514 [INFO] [DATA] RLUSDUSDT | now=1.0009 | entry=1.0008 | PnL=+0.01%
2026-06-19 07:07:53,634 [INFO] [DATA] WLDUSDT | now=0.6487 | entry=0.6348 | PnL=+2.19%
2026-06-19 07:07:53,754 [INFO] [DATA] XLMUSDT | now=0.2330 | entry=0.2262 | PnL=+3.01%
2026-06-19 07:07:53,874 [INFO] [DATA] ENAUSDT | now=0.0934 | entry=0.0897 | PnL=+4.12%
2026-06-19 07:07:53,979 [INFO] [DATA] UNIUSDT | now=3.1120 | entry=3.3250 | PnL=-6.41%
2026-06-19 07:07:54,099 [INFO] [DATA] NEARUSDT | now=2.2160 | entry=2.2250 | PnL=-0.40%
2026-06-19 07:07:54,219 [INFO] [DATA] AAVEUSDT | now=75.0900 | entry=75.3800 | PnL=-0.38%
2026-06-19 07:07:54,339 [INFO] [DATA] ONDOUSDT | now=0.3611 | entry=0.3626 | PnL=-0.41%
2026-06-19 07:07:54,339 [INFO] [INVENTORY] 9/10 slots used — 1 vacant.
2026-06-19 07:07:54,474 [INFO] [LIQUIDITY] Free USDT: $2.90
2026-06-19 07:07:54,474 [INFO] [STANDBY] Insufficient USDT (need $10.00).
2026-06-19 07:07:54,474 [INFO] [SLEEP] Sleeping for 120s…
2026-06-19 07:09:54,476 [INFO] ======================================================================
2026-06-19 07:09:54,476 [INFO] [LOOP] Cycle #15 | 2026-06-19 07:09:54
2026-06-19 07:09:54,476 [INFO] [MONITOR] Evaluating 9 open positions…
2026-06-19 07:09:54,583 [INFO] [DATA] TRXUSDT | now=0.3211 | entry=0.3173 | PnL=+1.20%
2026-06-19 07:09:54,703 [INFO] [DATA] RLUSDUSDT | now=1.0009 | entry=1.0008 | PnL=+0.01%
2026-06-19 07:09:54,824 [INFO] [DATA] WLDUSDT | now=0.6503 | entry=0.6348 | PnL=+2.44%
2026-06-19 07:09:54,944 [INFO] [DATA] XLMUSDT | now=0.2331 | entry=0.2262 | PnL=+3.05%
2026-06-19 07:09:55,064 [INFO] [DATA] ENAUSDT | now=0.0931 | entry=0.0897 | PnL=+3.79%
2026-06-19 07:09:55,169 [INFO] [DATA] UNIUSDT | now=3.1050 | entry=3.3250 | PnL=-6.62%
2026-06-19 07:09:55,289 [INFO] [DATA] NEARUSDT | now=2.2090 | entry=2.2250 | PnL=-0.72%
2026-06-19 07:09:55,409 [INFO] [DATA] AAVEUSDT | now=74.9500 | entry=75.3800 | PnL=-0.57%
2026-06-19 07:09:55,529 [INFO] [DATA] ONDOUSDT | now=0.3608 | entry=0.3626 | PnL=-0.50%
2026-06-19 07:09:55,529 [INFO] [INVENTORY] 9/10 slots used — 1 vacant.
2026-06-19 07:09:55,650 [INFO] [LIQUIDITY] Free USDT: $2.90
2026-06-19 07:09:55,650 [INFO] [STANDBY] Insufficient USDT (need $10.00).
2026-06-19 07:09:55,650 [INFO] [SLEEP] Sleeping for 120s…
2026-06-19 07:11:55,660 [INFO] ======================================================================
2026-06-19 07:11:55,660 [INFO] [LOOP] Cycle #16 | 2026-06-19 07:11:55
2026-06-19 07:11:55,660 [INFO] [MONITOR] Evaluating 9 open positions…
2026-06-19 07:11:55,776 [INFO] [DATA] TRXUSDT | now=0.3211 | entry=0.3173 | PnL=+1.20%
2026-06-19 07:11:55,896 [INFO] [DATA] RLUSDUSDT | now=1.0009 | entry=1.0008 | PnL=+0.01%
2026-06-19 07:11:56,016 [INFO] [DATA] WLDUSDT | now=0.6512 | entry=0.6348 | PnL=+2.58%
2026-06-19 07:11:56,121 [INFO] [DATA] XLMUSDT | now=0.2323 | entry=0.2262 | PnL=+2.70%
2026-06-19 07:11:56,241 [INFO] [DATA] ENAUSDT | now=0.0928 | entry=0.0897 | PnL=+3.46%
2026-06-19 07:11:56,571 [INFO] [DATA] UNIUSDT | now=3.1100 | entry=3.3250 | PnL=-6.47%
2026-06-19 07:11:56,691 [INFO] [DATA] NEARUSDT | now=2.2090 | entry=2.2250 | PnL=-0.72%
2026-06-19 07:11:56,796 [INFO] [DATA] AAVEUSDT | now=74.9000 | entry=75.3800 | PnL=-0.64%
2026-06-19 07:11:57,111 [INFO] [DATA] ONDOUSDT | now=0.3606 | entry=0.3626 | PnL=-0.55%
2026-06-19 07:11:57,111 [INFO] [INVENTORY] 9/10 slots used — 1 vacant.
2026-06-19 07:11:57,441 [INFO] [LIQUIDITY] Free USDT: $2.90
2026-06-19 07:11:57,441 [INFO] [STANDBY] Insufficient USDT (need $10.00).
2026-06-19 07:11:57,441 [INFO] [SLEEP] Sleeping for 120s…
2026-06-19 07:13:57,446 [INFO] ======================================================================
2026-06-19 07:13:57,446 [INFO] [LOOP] Cycle #17 | 2026-06-19 07:13:57
2026-06-19 07:13:57,446 [INFO] [MONITOR] Evaluating 9 open positions…
2026-06-19 07:13:57,556 [INFO] [DATA] TRXUSDT | now=0.3211 | entry=0.3173 | PnL=+1.20%
2026-06-19 07:13:57,676 [INFO] [DATA] RLUSDUSDT | now=1.0009 | entry=1.0008 | PnL=+0.01%
2026-06-19 07:13:57,796 [INFO] [DATA] WLDUSDT | now=0.6505 | entry=0.6348 | PnL=+2.47%
2026-06-19 07:13:57,916 [INFO] [DATA] XLMUSDT | now=0.2331 | entry=0.2262 | PnL=+3.05%
2026-06-19 07:13:58,036 [INFO] [DATA] ENAUSDT | now=0.0932 | entry=0.0897 | PnL=+3.90%
2026-06-19 07:13:58,141 [INFO] [DATA] UNIUSDT | now=3.1150 | entry=3.3250 | PnL=-6.32%
2026-06-19 07:13:58,261 [INFO] [DATA] NEARUSDT | now=2.2170 | entry=2.2250 | PnL=-0.36%
2026-06-19 07:13:58,381 [INFO] [DATA] AAVEUSDT | now=75.0600 | entry=75.3800 | PnL=-0.42%
2026-06-19 07:13:58,501 [INFO] [DATA] ONDOUSDT | now=0.3615 | entry=0.3626 | PnL=-0.30%
2026-06-19 07:13:58,501 [INFO] [INVENTORY] 9/10 slots used — 1 vacant.
2026-06-19 07:13:58,621 [INFO] [LIQUIDITY] Free USDT: $2.90
2026-06-19 07:13:58,621 [INFO] [STANDBY] Insufficient USDT (need $10.00).
2026-06-19 07:13:58,621 [INFO] [SLEEP] Sleeping for 120s…
2026-06-19 07:15:58,633 [INFO] ======================================================================
2026-06-19 07:15:58,633 [INFO] [LOOP] Cycle #18 | 2026-06-19 07:15:58
2026-06-19 07:15:58,633 [INFO] [MONITOR] Evaluating 9 open positions…
2026-06-19 07:15:58,750 [INFO] [DATA] TRXUSDT | now=0.3211 | entry=0.3173 | PnL=+1.20%
2026-06-19 07:15:58,855 [INFO] [DATA] RLUSDUSDT | now=1.0009 | entry=1.0008 | PnL=+0.01%
2026-06-19 07:15:58,976 [INFO] [DATA] WLDUSDT | now=0.6491 | entry=0.6348 | PnL=+2.25%
2026-06-19 07:15:59,096 [INFO] [DATA] XLMUSDT | now=0.2325 | entry=0.2262 | PnL=+2.79%
2026-06-19 07:15:59,231 [INFO] [DATA] ENAUSDT | now=0.0932 | entry=0.0897 | PnL=+3.90%
2026-06-19 07:15:59,351 [INFO] [DATA] UNIUSDT | now=3.1170 | entry=3.3250 | PnL=-6.26%
2026-06-19 07:15:59,471 [INFO] [DATA] NEARUSDT | now=2.2150 | entry=2.2250 | PnL=-0.45%
2026-06-19 07:15:59,591 [INFO] [DATA] AAVEUSDT | now=75.1100 | entry=75.3800 | PnL=-0.36%
2026-06-19 07:15:59,696 [INFO] [DATA] ONDOUSDT | now=0.3616 | entry=0.3626 | PnL=-0.28%
2026-06-19 07:15:59,696 [INFO] [INVENTORY] 9/10 slots used — 1 vacant.
2026-06-19 07:15:59,831 [INFO] [LIQUIDITY] Free USDT: $2.90
2026-06-19 07:15:59,831 [INFO] [STANDBY] Insufficient USDT (need $10.00).
2026-06-19 07:15:59,831 [INFO] [SLEEP] Sleeping for 120s…
2026-06-19 07:17:59,836 [INFO] ======================================================================
2026-06-19 07:17:59,836 [INFO] [LOOP] Cycle #19 | 2026-06-19 07:17:59
2026-06-19 07:17:59,836 [INFO] [MONITOR] Evaluating 9 open positions…
2026-06-19 07:17:59,948 [INFO] [DATA] TRXUSDT | now=0.3210 | entry=0.3173 | PnL=+1.17%
2026-06-19 07:18:00,068 [INFO] [DATA] RLUSDUSDT | now=1.0009 | entry=1.0008 | PnL=+0.01%
2026-06-19 07:18:00,173 [INFO] [DATA] WLDUSDT | now=0.6490 | entry=0.6348 | PnL=+2.24%
2026-06-19 07:18:00,293 [INFO] [DATA] XLMUSDT | now=0.2323 | entry=0.2262 | PnL=+2.70%
2026-06-19 07:18:00,413 [INFO] [DATA] ENAUSDT | now=0.0932 | entry=0.0897 | PnL=+3.90%
2026-06-19 07:18:00,533 [INFO] [DATA] UNIUSDT | now=3.1170 | entry=3.3250 | PnL=-6.26%
2026-06-19 07:18:00,653 [INFO] [DATA] NEARUSDT | now=2.2170 | entry=2.2250 | PnL=-0.36%
2026-06-19 07:18:00,758 [INFO] [DATA] AAVEUSDT | now=75.1100 | entry=75.3800 | PnL=-0.36%
2026-06-19 07:18:00,878 [INFO] [DATA] ONDOUSDT | now=0.3625 | entry=0.3626 | PnL=-0.03%
2026-06-19 07:18:00,878 [INFO] [INVENTORY] 9/10 slots used — 1 vacant.
2026-06-19 07:18:00,998 [INFO] [LIQUIDITY] Free USDT: $2.90
2026-06-19 07:18:00,998 [INFO] [STANDBY] Insufficient USDT (need $10.00).
2026-06-19 07:18:00,998 [INFO] [SLEEP] Sleeping for 120s…
2026-06-19 07:20:01,011 [INFO] ======================================================================
2026-06-19 07:20:01,011 [INFO] [LOOP] Cycle #20 | 2026-06-19 07:20:01
2026-06-19 07:20:01,011 [INFO] [MONITOR] Evaluating 9 open positions…
2026-06-19 07:20:01,119 [INFO] [DATA] TRXUSDT | now=0.3210 | entry=0.3173 | PnL=+1.17%
2026-06-19 07:20:01,239 [INFO] [DATA] RLUSDUSDT | now=1.0009 | entry=1.0008 | PnL=+0.01%
2026-06-19 07:20:01,360 [INFO] [DATA] WLDUSDT | now=0.6503 | entry=0.6348 | PnL=+2.44%
2026-06-19 07:20:01,480 [INFO] [DATA] XLMUSDT | now=0.2321 | entry=0.2262 | PnL=+2.61%
2026-06-19 07:20:01,585 [INFO] [DATA] ENAUSDT | now=0.0934 | entry=0.0897 | PnL=+4.12%
2026-06-19 07:20:01,705 [INFO] [DATA] UNIUSDT | now=3.1220 | entry=3.3250 | PnL=-6.11%
2026-06-19 07:20:01,825 [INFO] [DATA] NEARUSDT | now=2.2180 | entry=2.2250 | PnL=-0.31%
2026-06-19 07:20:01,946 [INFO] [DATA] AAVEUSDT | now=75.0500 | entry=75.3800 | PnL=-0.44%
2026-06-19 07:20:02,066 [INFO] [DATA] ONDOUSDT | now=0.3624 | entry=0.3626 | PnL=-0.06%
2026-06-19 07:20:02,066 [INFO] [INVENTORY] 9/10 slots used — 1 vacant.
2026-06-19 07:20:02,186 [INFO] [LIQUIDITY] Free USDT: $2.90
2026-06-19 07:20:02,186 [INFO] [STANDBY] Insufficient USDT (need $10.00).
2026-06-19 07:20:02,186 [INFO] [SLEEP] Sleeping for 120s…
2026-06-19 07:22:02,198 [INFO] ======================================================================
2026-06-19 07:22:02,198 [INFO] [LOOP] Cycle #21 | 2026-06-19 07:22:02
2026-06-19 07:22:02,198 [INFO] [MONITOR] Evaluating 9 open positions…
2026-06-19 07:22:02,304 [INFO] [DATA] TRXUSDT | now=0.3211 | entry=0.3173 | PnL=+1.20%
2026-06-19 07:22:02,424 [INFO] [DATA] RLUSDUSDT | now=1.0009 | entry=1.0008 | PnL=+0.01%
2026-06-19 07:22:02,544 [INFO] [DATA] WLDUSDT | now=0.6514 | entry=0.6348 | PnL=+2.61%
2026-06-19 07:22:02,664 [INFO] [DATA] XLMUSDT | now=0.2322 | entry=0.2262 | PnL=+2.65%
2026-06-19 07:22:02,787 [INFO] [DATA] ENAUSDT | now=0.0933 | entry=0.0897 | PnL=+4.01%
2026-06-19 07:22:02,889 [INFO] [DATA] UNIUSDT | now=3.1200 | entry=3.3250 | PnL=-6.17%
2026-06-19 07:22:03,009 [INFO] [DATA] NEARUSDT | now=2.2210 | entry=2.2250 | PnL=-0.18%
2026-06-19 07:22:03,129 [INFO] [DATA] AAVEUSDT | now=74.9400 | entry=75.3800 | PnL=-0.58%
2026-06-19 07:22:03,234 [INFO] [DATA] ONDOUSDT | now=0.3625 | entry=0.3626 | PnL=-0.03%
2026-06-19 07:22:03,234 [INFO] [INVENTORY] 9/10 slots used — 1 vacant.
2026-06-19 07:22:03,369 [INFO] [LIQUIDITY] Free USDT: $2.90
2026-06-19 07:22:03,369 [INFO] [STANDBY] Insufficient USDT (need $10.00).
2026-06-19 07:22:03,369 [INFO] [SLEEP] Sleeping for 120s…
2026-06-19 07:24:03,371 [INFO] ======================================================================
2026-06-19 07:24:03,371 [INFO] [LOOP] Cycle #22 | 2026-06-19 07:24:03
2026-06-19 07:24:03,371 [INFO] [MONITOR] Evaluating 9 open positions…
2026-06-19 07:24:03,489 [INFO] [DATA] TRXUSDT | now=0.3211 | entry=0.3173 | PnL=+1.20%
2026-06-19 07:24:03,609 [INFO] [DATA] RLUSDUSDT | now=1.0009 | entry=1.0008 | PnL=+0.01%
2026-06-19 07:24:03,730 [INFO] [DATA] WLDUSDT | now=0.6526 | entry=0.6348 | PnL=+2.80%
2026-06-19 07:24:03,849 [INFO] [DATA] XLMUSDT | now=0.2325 | entry=0.2262 | PnL=+2.79%
2026-06-19 07:24:03,969 [INFO] [DATA] ENAUSDT | now=0.0936 | entry=0.0897 | PnL=+4.35%
2026-06-19 07:24:04,074 [INFO] [DATA] UNIUSDT | now=3.1200 | entry=3.3250 | PnL=-6.17%
2026-06-19 07:24:04,195 [INFO] [DATA] NEARUSDT | now=2.2230 | entry=2.2250 | PnL=-0.09%
2026-06-19 07:24:04,315 [INFO] [DATA] AAVEUSDT | now=75.0900 | entry=75.3800 | PnL=-0.38%
2026-06-19 07:24:04,435 [INFO] [DATA] ONDOUSDT | now=0.3634 | entry=0.3626 | PnL=+0.22%
2026-06-19 07:24:04,435 [INFO] [INVENTORY] 9/10 slots used — 1 vacant.
2026-06-19 07:24:04,555 [INFO] [LIQUIDITY] Free USDT: $2.90
2026-06-19 07:24:04,555 [INFO] [STANDBY] Insufficient USDT (need $10.00).
2026-06-19 07:24:04,555 [INFO] [SLEEP] Sleeping for 120s…
2026-06-19 07:26:04,569 [INFO] ======================================================================
2026-06-19 07:26:04,569 [INFO] [LOOP] Cycle #23 | 2026-06-19 07:26:04
2026-06-19 07:26:04,569 [INFO] [MONITOR] Evaluating 9 open positions…
2026-06-19 07:26:04,681 [INFO] [DATA] TRXUSDT | now=0.3211 | entry=0.3173 | PnL=+1.20%
2026-06-19 07:26:04,786 [INFO] [DATA] RLUSDUSDT | now=1.0008 | entry=1.0008 | PnL=+0.00%
2026-06-19 07:26:04,905 [INFO] [DATA] WLDUSDT | now=0.6505 | entry=0.6348 | PnL=+2.47%
2026-06-19 07:26:05,025 [INFO] [DATA] XLMUSDT | now=0.2319 | entry=0.2262 | PnL=+2.52%
2026-06-19 07:26:05,130 [INFO] [DATA] ENAUSDT | now=0.0935 | entry=0.0897 | PnL=+4.24%
2026-06-19 07:26:05,251 [INFO] [DATA] UNIUSDT | now=3.1220 | entry=3.3250 | PnL=-6.11%
2026-06-19 07:26:05,371 [INFO] [DATA] NEARUSDT | now=2.2220 | entry=2.2250 | PnL=-0.13%
2026-06-19 07:26:05,491 [INFO] [DATA] AAVEUSDT | now=75.0900 | entry=75.3800 | PnL=-0.38%
2026-06-19 07:26:05,597 [INFO] [DATA] ONDOUSDT | now=0.3637 | entry=0.3626 | PnL=+0.30%
2026-06-19 07:26:05,597 [INFO] [INVENTORY] 9/10 slots used — 1 vacant.
2026-06-19 07:26:05,732 [INFO] [LIQUIDITY] Free USDT: $2.90
2026-06-19 07:26:05,732 [INFO] [STANDBY] Insufficient USDT (need $10.00).
2026-06-19 07:26:05,732 [INFO] [SLEEP] Sleeping for 120s…
2026-06-19 07:28:05,736 [INFO] ======================================================================
2026-06-19 07:28:05,736 [INFO] [LOOP] Cycle #24 | 2026-06-19 07:28:05
2026-06-19 07:28:05,736 [INFO] [MONITOR] Evaluating 9 open positions…
2026-06-19 07:28:05,847 [INFO] [DATA] TRXUSDT | now=0.3211 | entry=0.3173 | PnL=+1.20%
2026-06-19 07:28:05,967 [INFO] [DATA] RLUSDUSDT | now=1.0009 | entry=1.0008 | PnL=+0.01%
2026-06-19 07:28:06,073 [INFO] [DATA] WLDUSDT | now=0.6488 | entry=0.6348 | PnL=+2.21%
2026-06-19 07:28:06,193 [INFO] [DATA] XLMUSDT | now=0.2321 | entry=0.2262 | PnL=+2.61%
2026-06-19 07:28:06,313 [INFO] [DATA] ENAUSDT | now=0.0936 | entry=0.0897 | PnL=+4.35%
2026-06-19 07:28:06,433 [INFO] [DATA] UNIUSDT | now=3.1240 | entry=3.3250 | PnL=-6.05%
2026-06-19 07:28:06,553 [INFO] [DATA] NEARUSDT | now=2.2220 | entry=2.2250 | PnL=-0.13%
2026-06-19 07:28:06,658 [INFO] [DATA] AAVEUSDT | now=75.1200 | entry=75.3800 | PnL=-0.34%
2026-06-19 07:28:06,778 [INFO] [DATA] ONDOUSDT | now=0.3641 | entry=0.3626 | PnL=+0.41%
2026-06-19 07:28:06,778 [INFO] [INVENTORY] 9/10 slots used — 1 vacant.
2026-06-19 07:28:06,898 [INFO] [LIQUIDITY] Free USDT: $2.90
2026-06-19 07:28:06,898 [INFO] [STANDBY] Insufficient USDT (need $10.00).
2026-06-19 07:28:06,898 [INFO] [SLEEP] Sleeping for 120s…
2026-06-19 07:30:06,913 [INFO] ======================================================================
2026-06-19 07:30:06,913 [INFO] [LOOP] Cycle #25 | 2026-06-19 07:30:06
2026-06-19 07:30:06,913 [INFO] [MONITOR] Evaluating 9 open positions…
2026-06-19 07:30:07,027 [INFO] [DATA] TRXUSDT | now=0.3211 | entry=0.3173 | PnL=+1.20%
2026-06-19 07:30:07,147 [INFO] [DATA] RLUSDUSDT | now=1.0009 | entry=1.0008 | PnL=+0.01%
2026-06-19 07:30:07,252 [INFO] [DATA] WLDUSDT | now=0.6480 | entry=0.6348 | PnL=+2.08%
2026-06-19 07:30:07,372 [INFO] [DATA] XLMUSDT | now=0.2319 | entry=0.2262 | PnL=+2.52%
2026-06-19 07:30:07,492 [INFO] [DATA] ENAUSDT | now=0.0936 | entry=0.0897 | PnL=+4.35%
2026-06-19 07:30:07,612 [INFO] [DATA] UNIUSDT | now=3.1210 | entry=3.3250 | PnL=-6.14%
2026-06-19 07:30:07,732 [INFO] [DATA] NEARUSDT | now=2.2230 | entry=2.2250 | PnL=-0.09%
2026-06-19 07:30:07,852 [INFO] [DATA] AAVEUSDT | now=75.0900 | entry=75.3800 | PnL=-0.38%
2026-06-19 07:30:07,972 [INFO] [DATA] ONDOUSDT | now=0.3638 | entry=0.3626 | PnL=+0.33%
2026-06-19 07:30:07,972 [INFO] [INVENTORY] 9/10 slots used — 1 vacant.
2026-06-19 07:30:08,107 [INFO] [LIQUIDITY] Free USDT: $2.90
2026-06-19 07:30:08,107 [INFO] [STANDBY] Insufficient USDT (need $10.00).
2026-06-19 07:30:08,107 [INFO] [SLEEP] Sleeping for 120s…
2026-06-19 07:32:08,114 [INFO] ======================================================================
2026-06-19 07:32:08,114 [INFO] [LOOP] Cycle #26 | 2026-06-19 07:32:08
2026-06-19 07:32:08,114 [INFO] [MONITOR] Evaluating 9 open positions…
2026-06-19 07:32:08,220 [INFO] [DATA] TRXUSDT | now=0.3212 | entry=0.3173 | PnL=+1.23%
2026-06-19 07:32:08,340 [INFO] [DATA] RLUSDUSDT | now=1.0009 | entry=1.0008 | PnL=+0.01%
2026-06-19 07:32:08,460 [INFO] [DATA] WLDUSDT | now=0.6484 | entry=0.6348 | PnL=+2.14%
2026-06-19 07:32:08,580 [INFO] [DATA] XLMUSDT | now=0.2323 | entry=0.2262 | PnL=+2.70%
2026-06-19 07:32:08,700 [INFO] [DATA] ENAUSDT | now=0.0940 | entry=0.0897 | PnL=+4.79%
2026-06-19 07:32:08,820 [INFO] [DATA] UNIUSDT | now=3.1270 | entry=3.3250 | PnL=-5.95%
2026-06-19 07:32:08,925 [INFO] [DATA] NEARUSDT | now=2.2270 | entry=2.2250 | PnL=+0.09%
2026-06-19 07:32:09,045 [INFO] [DATA] AAVEUSDT | now=75.0600 | entry=75.3800 | PnL=-0.42%
2026-06-19 07:32:09,165 [INFO] [DATA] ONDOUSDT | now=0.3650 | entry=0.3626 | PnL=+0.66%
2026-06-19 07:32:09,165 [INFO] [INVENTORY] 9/10 slots used — 1 vacant.
2026-06-19 07:32:09,301 [INFO] [LIQUIDITY] Free USDT: $2.90
2026-06-19 07:32:09,301 [INFO] [STANDBY] Insufficient USDT (need $10.00).
2026-06-19 07:32:09,301 [INFO] [SLEEP] Sleeping for 120s…
2026-06-19 07:34:09,306 [INFO] ======================================================================
2026-06-19 07:34:09,306 [INFO] [LOOP] Cycle #27 | 2026-06-19 07:34:09
2026-06-19 07:34:09,306 [INFO] [MONITOR] Evaluating 9 open positions…
2026-06-19 07:34:09,411 [INFO] [DATA] TRXUSDT | now=0.3212 | entry=0.3173 | PnL=+1.23%
2026-06-19 07:34:09,531 [INFO] [DATA] RLUSDUSDT | now=1.0008 | entry=1.0008 | PnL=+0.00%
2026-06-19 07:34:09,651 [INFO] [DATA] WLDUSDT | now=0.6520 | entry=0.6348 | PnL=+2.71%
2026-06-19 07:34:09,771 [INFO] [DATA] XLMUSDT | now=0.2333 | entry=0.2262 | PnL=+3.14%
2026-06-19 07:34:09,891 [INFO] [DATA] ENAUSDT | now=0.0942 | entry=0.0897 | PnL=+5.02%
2026-06-19 07:34:10,012 [INFO] [DATA] UNIUSDT | now=3.1330 | entry=3.3250 | PnL=-5.77%
2026-06-19 07:34:10,132 [INFO] [DATA] NEARUSDT | now=2.2320 | entry=2.2250 | PnL=+0.31%
2026-06-19 07:34:10,253 [INFO] [DATA] AAVEUSDT | now=75.0900 | entry=75.3800 | PnL=-0.38%
2026-06-19 07:34:10,358 [INFO] [DATA] ONDOUSDT | now=0.3657 | entry=0.3626 | PnL=+0.85%
2026-06-19 07:34:10,373 [INFO] [INVENTORY] 9/10 slots used — 1 vacant.
2026-06-19 07:34:10,493 [INFO] [LIQUIDITY] Free USDT: $2.90
2026-06-19 07:34:10,493 [INFO] [STANDBY] Insufficient USDT (need $10.00).
2026-06-19 07:34:10,493 [INFO] [SLEEP] Sleeping for 120s…
2026-06-19 07:36:10,499 [INFO] ======================================================================
2026-06-19 07:36:10,499 [INFO] [LOOP] Cycle #28 | 2026-06-19 07:36:10
2026-06-19 07:36:10,499 [INFO] [MONITOR] Evaluating 9 open positions…
2026-06-19 07:36:10,614 [INFO] [DATA] TRXUSDT | now=0.3212 | entry=0.3173 | PnL=+1.23%
2026-06-19 07:36:10,734 [INFO] [DATA] RLUSDUSDT | now=1.0008 | entry=1.0008 | PnL=+0.00%
2026-06-19 07:36:10,854 [INFO] [DATA] WLDUSDT | now=0.6519 | entry=0.6348 | PnL=+2.69%
2026-06-19 07:36:10,959 [INFO] [DATA] XLMUSDT | now=0.2327 | entry=0.2262 | PnL=+2.87%
2026-06-19 07:36:11,079 [INFO] [DATA] ENAUSDT | now=0.0941 | entry=0.0897 | PnL=+4.91%
2026-06-19 07:36:11,199 [INFO] [DATA] UNIUSDT | now=3.1290 | entry=3.3250 | PnL=-5.89%
2026-06-19 07:36:11,319 [INFO] [DATA] NEARUSDT | now=2.2330 | entry=2.2250 | PnL=+0.36%
2026-06-19 07:36:11,439 [INFO] [DATA] AAVEUSDT | now=75.0100 | entry=75.3800 | PnL=-0.49%
2026-06-19 07:36:11,559 [INFO] [DATA] ONDOUSDT | now=0.3653 | entry=0.3626 | PnL=+0.74%
2026-06-19 07:36:11,559 [INFO] [INVENTORY] 9/10 slots used — 1 vacant.
2026-06-19 07:36:11,680 [INFO] [LIQUIDITY] Free USDT: $2.90
2026-06-19 07:36:11,680 [INFO] [STANDBY] Insufficient USDT (need $10.00).
2026-06-19 07:36:11,680 [INFO] [SLEEP] Sleeping for 120s…
2026-06-19 07:38:11,685 [INFO] ======================================================================
2026-06-19 07:38:11,685 [INFO] [LOOP] Cycle #29 | 2026-06-19 07:38:11
2026-06-19 07:38:11,685 [INFO] [MONITOR] Evaluating 9 open positions…
2026-06-19 07:38:11,795 [INFO] [DATA] TRXUSDT | now=0.3211 | entry=0.3173 | PnL=+1.20%
2026-06-19 07:38:11,915 [INFO] [DATA] RLUSDUSDT | now=1.0008 | entry=1.0008 | PnL=+0.00%
2026-06-19 07:38:12,035 [INFO] [DATA] WLDUSDT | now=0.6506 | entry=0.6348 | PnL=+2.49%
2026-06-19 07:38:12,155 [INFO] [DATA] XLMUSDT | now=0.2322 | entry=0.2262 | PnL=+2.65%
2026-06-19 07:38:12,275 [INFO] [DATA] ENAUSDT | now=0.0940 | entry=0.0897 | PnL=+4.79%
2026-06-19 07:38:12,395 [INFO] [DATA] UNIUSDT | now=3.1270 | entry=3.3250 | PnL=-5.95%
2026-06-19 07:38:12,515 [INFO] [DATA] NEARUSDT | now=2.2280 | entry=2.2250 | PnL=+0.13%
2026-06-19 07:38:12,635 [INFO] [DATA] AAVEUSDT | now=74.8600 | entry=75.3800 | PnL=-0.69%
2026-06-19 07:38:12,755 [INFO] [DATA] ONDOUSDT | now=0.3639 | entry=0.3626 | PnL=+0.36%
2026-06-19 07:38:12,755 [INFO] [INVENTORY] 9/10 slots used — 1 vacant.
2026-06-19 07:38:12,875 [INFO] [LIQUIDITY] Free USDT: $2.90
2026-06-19 07:38:12,875 [INFO] [STANDBY] Insufficient USDT (need $10.00).
2026-06-19 07:38:12,890 [INFO] [SLEEP] Sleeping for 120s…
2026-06-19 07:40:12,891 [INFO] ======================================================================
2026-06-19 07:40:12,891 [INFO] [LOOP] Cycle #30 | 2026-06-19 07:40:12
2026-06-19 07:40:12,891 [INFO] [MONITOR] Evaluating 9 open positions…
2026-06-19 07:40:12,994 [INFO] [DATA] TRXUSDT | now=0.3212 | entry=0.3173 | PnL=+1.23%
2026-06-19 07:40:13,114 [INFO] [DATA] RLUSDUSDT | now=1.0008 | entry=1.0008 | PnL=+0.00%
2026-06-19 07:40:13,234 [INFO] [DATA] WLDUSDT | now=0.6508 | entry=0.6348 | PnL=+2.52%
2026-06-19 07:40:13,355 [INFO] [DATA] XLMUSDT | now=0.2324 | entry=0.2262 | PnL=+2.74%
2026-06-19 07:40:13,460 [INFO] [DATA] ENAUSDT | now=0.0939 | entry=0.0897 | PnL=+4.68%
2026-06-19 07:40:13,580 [INFO] [DATA] UNIUSDT | now=3.1360 | entry=3.3250 | PnL=-5.68%
2026-06-19 07:40:13,701 [INFO] [DATA] NEARUSDT | now=2.2290 | entry=2.2250 | PnL=+0.18%
2026-06-19 07:40:13,821 [INFO] [DATA] AAVEUSDT | now=74.9000 | entry=75.3800 | PnL=-0.64%
2026-06-19 07:40:13,940 [INFO] [DATA] ONDOUSDT | now=0.3644 | entry=0.3626 | PnL=+0.50%
2026-06-19 07:40:13,940 [INFO] [INVENTORY] 9/10 slots used — 1 vacant.
2026-06-19 07:40:14,045 [INFO] [LIQUIDITY] Free USDT: $2.90
2026-06-19 07:40:14,045 [INFO] [STANDBY] Insufficient USDT (need $10.00).
2026-06-19 07:40:14,045 [INFO] [SLEEP] Sleeping for 120s…
2026-06-19 07:42:14,060 [INFO] ======================================================================
2026-06-19 07:42:14,060 [INFO] [LOOP] Cycle #31 | 2026-06-19 07:42:14
2026-06-19 07:42:14,060 [INFO] [MONITOR] Evaluating 9 open positions…
2026-06-19 07:42:14,175 [INFO] [DATA] TRXUSDT | now=0.3211 | entry=0.3173 | PnL=+1.20%
2026-06-19 07:42:14,310 [INFO] [DATA] RLUSDUSDT | now=1.0008 | entry=1.0008 | PnL=+0.00%
2026-06-19 07:42:14,415 [INFO] [DATA] WLDUSDT | now=0.6484 | entry=0.6348 | PnL=+2.14%
2026-06-19 07:42:14,537 [INFO] [DATA] XLMUSDT | now=0.2321 | entry=0.2262 | PnL=+2.61%
2026-06-19 07:42:14,656 [INFO] [DATA] ENAUSDT | now=0.0935 | entry=0.0897 | PnL=+4.24%
2026-06-19 07:42:14,777 [INFO] [DATA] UNIUSDT | now=3.1330 | entry=3.3250 | PnL=-5.77%
2026-06-19 07:42:14,897 [INFO] [DATA] NEARUSDT | now=2.2240 | entry=2.2250 | PnL=-0.04%
2026-06-19 07:42:15,002 [INFO] [DATA] AAVEUSDT | now=74.7900 | entry=75.3800 | PnL=-0.78%
2026-06-19 07:42:15,122 [INFO] [DATA] ONDOUSDT | now=0.3635 | entry=0.3626 | PnL=+0.25%
2026-06-19 07:42:15,122 [INFO] [INVENTORY] 9/10 slots used — 1 vacant.
2026-06-19 07:42:15,242 [INFO] [LIQUIDITY] Free USDT: $2.90
2026-06-19 07:42:15,242 [INFO] [STANDBY] Insufficient USDT (need $10.00).
2026-06-19 07:42:15,242 [INFO] [SLEEP] Sleeping for 120s…
2026-06-19 07:44:15,255 [INFO] ======================================================================
2026-06-19 07:44:15,255 [INFO] [LOOP] Cycle #32 | 2026-06-19 07:44:15
2026-06-19 07:44:15,255 [INFO] [MONITOR] Evaluating 9 open positions…
2026-06-19 07:44:15,370 [INFO] [DATA] TRXUSDT | now=0.3212 | entry=0.3173 | PnL=+1.23%
2026-06-19 07:44:15,490 [INFO] [DATA] RLUSDUSDT | now=1.0009 | entry=1.0008 | PnL=+0.01%
2026-06-19 07:44:15,595 [INFO] [DATA] WLDUSDT | now=0.6499 | entry=0.6348 | PnL=+2.38%
2026-06-19 07:44:15,730 [INFO] [DATA] XLMUSDT | now=0.2322 | entry=0.2262 | PnL=+2.65%
2026-06-19 07:44:15,850 [INFO] [DATA] ENAUSDT | now=0.0934 | entry=0.0897 | PnL=+4.12%
2026-06-19 07:44:15,955 [INFO] [DATA] UNIUSDT | now=3.1290 | entry=3.3250 | PnL=-5.89%
2026-06-19 07:44:16,076 [INFO] [DATA] NEARUSDT | now=2.2210 | entry=2.2250 | PnL=-0.18%
2026-06-19 07:44:16,197 [INFO] [DATA] AAVEUSDT | now=74.7000 | entry=75.3800 | PnL=-0.90%
2026-06-19 07:44:16,317 [INFO] [DATA] ONDOUSDT | now=0.3630 | entry=0.3626 | PnL=+0.11%
2026-06-19 07:44:16,317 [INFO] [INVENTORY] 9/10 slots used — 1 vacant.
2026-06-19 07:44:16,437 [INFO] [LIQUIDITY] Free USDT: $2.90
2026-06-19 07:44:16,437 [INFO] [STANDBY] Insufficient USDT (need $10.00).
2026-06-19 07:44:16,437 [INFO] [SLEEP] Sleeping for 120s…
2026-06-19 07:46:16,447 [INFO] ======================================================================
2026-06-19 07:46:16,447 [INFO] [LOOP] Cycle #33 | 2026-06-19 07:46:16
2026-06-19 07:46:16,447 [INFO] [MONITOR] Evaluating 9 open positions…
2026-06-19 07:46:16,550 [INFO] [DATA] TRXUSDT | now=0.3212 | entry=0.3173 | PnL=+1.23%
2026-06-19 07:46:16,670 [INFO] [DATA] RLUSDUSDT | now=1.0009 | entry=1.0008 | PnL=+0.01%
2026-06-19 07:46:16,790 [INFO] [DATA] WLDUSDT | now=0.6480 | entry=0.6348 | PnL=+2.08%
2026-06-19 07:46:16,910 [INFO] [DATA] XLMUSDT | now=0.2319 | entry=0.2262 | PnL=+2.52%
2026-06-19 07:46:17,030 [INFO] [DATA] ENAUSDT | now=0.0934 | entry=0.0897 | PnL=+4.12%
2026-06-19 07:46:17,152 [INFO] [DATA] UNIUSDT | now=3.1350 | entry=3.3250 | PnL=-5.71%
2026-06-19 07:46:17,257 [INFO] [DATA] NEARUSDT | now=2.2170 | entry=2.2250 | PnL=-0.36%
2026-06-19 07:46:17,377 [INFO] [DATA] AAVEUSDT | now=74.7000 | entry=75.3800 | PnL=-0.90%
2026-06-19 07:46:17,497 [INFO] [DATA] ONDOUSDT | now=0.3625 | entry=0.3626 | PnL=-0.03%
2026-06-19 07:46:17,497 [INFO] [INVENTORY] 9/10 slots used — 1 vacant.
2026-06-19 07:46:17,617 [INFO] [LIQUIDITY] Free USDT: $2.90
2026-06-19 07:46:17,617 [INFO] [STANDBY] Insufficient USDT (need $10.00).
2026-06-19 07:46:17,617 [INFO] [SLEEP] Sleeping for 120s…
2026-06-19 07:48:17,631 [INFO] ======================================================================
2026-06-19 07:48:17,631 [INFO] [LOOP] Cycle #34 | 2026-06-19 07:48:17
2026-06-19 07:48:17,631 [INFO] [MONITOR] Evaluating 9 open positions…
2026-06-19 07:48:17,761 [INFO] [DATA] TRXUSDT | now=0.3212 | entry=0.3173 | PnL=+1.23%
2026-06-19 07:48:17,882 [INFO] [DATA] RLUSDUSDT | now=1.0008 | entry=1.0008 | PnL=+0.00%
2026-06-19 07:48:18,017 [INFO] [DATA] WLDUSDT | now=0.6467 | entry=0.6348 | PnL=+1.87%
2026-06-19 07:48:18,152 [INFO] [DATA] XLMUSDT | now=0.2318 | entry=0.2262 | PnL=+2.48%
2026-06-19 07:48:18,287 [INFO] [DATA] ENAUSDT | now=0.0930 | entry=0.0897 | PnL=+3.68%
2026-06-19 07:48:18,421 [INFO] [DATA] UNIUSDT | now=3.1360 | entry=3.3250 | PnL=-5.68%
2026-06-19 07:48:18,557 [INFO] [DATA] NEARUSDT | now=2.2110 | entry=2.2250 | PnL=-0.63%
2026-06-19 07:48:18,662 [INFO] [DATA] AAVEUSDT | now=74.5500 | entry=75.3800 | PnL=-1.10%
2026-06-19 07:48:18,812 [INFO] [DATA] ONDOUSDT | now=0.3616 | entry=0.3626 | PnL=-0.28%
2026-06-19 07:48:18,812 [INFO] [INVENTORY] 9/10 slots used — 1 vacant.
2026-06-19 07:48:18,947 [INFO] [LIQUIDITY] Free USDT: $2.90
2026-06-19 07:48:18,947 [INFO] [STANDBY] Insufficient USDT (need $10.00).
2026-06-19 07:48:18,947 [INFO] [SLEEP] Sleeping for 120s…
2026-06-19 07:50:18,959 [INFO] ======================================================================
2026-06-19 07:50:18,959 [INFO] [LOOP] Cycle #35 | 2026-06-19 07:50:18
2026-06-19 07:50:18,959 [INFO] [MONITOR] Evaluating 9 open positions…
2026-06-19 07:50:19,068 [INFO] [DATA] TRXUSDT | now=0.3212 | entry=0.3173 | PnL=+1.23%
2026-06-19 07:50:19,188 [INFO] [DATA] RLUSDUSDT | now=1.0009 | entry=1.0008 | PnL=+0.01%
2026-06-19 07:50:19,308 [INFO] [DATA] WLDUSDT | now=0.6473 | entry=0.6348 | PnL=+1.97%
2026-06-19 07:50:19,428 [INFO] [DATA] XLMUSDT | now=0.2319 | entry=0.2262 | PnL=+2.52%
2026-06-19 07:50:19,533 [INFO] [DATA] ENAUSDT | now=0.0931 | entry=0.0897 | PnL=+3.79%
2026-06-19 07:50:19,653 [INFO] [DATA] UNIUSDT | now=3.1280 | entry=3.3250 | PnL=-5.92%
2026-06-19 07:50:19,773 [INFO] [DATA] NEARUSDT | now=2.2120 | entry=2.2250 | PnL=-0.58%
2026-06-19 07:50:19,893 [INFO] [DATA] AAVEUSDT | now=74.4900 | entry=75.3800 | PnL=-1.18%
2026-06-19 07:50:20,013 [INFO] [DATA] ONDOUSDT | now=0.3615 | entry=0.3626 | PnL=-0.30%
2026-06-19 07:50:20,013 [INFO] [INVENTORY] 9/10 slots used — 1 vacant.
2026-06-19 07:50:20,133 [INFO] [LIQUIDITY] Free USDT: $2.90
2026-06-19 07:50:20,133 [INFO] [STANDBY] Insufficient USDT (need $10.00).
2026-06-19 07:50:20,133 [INFO] [SLEEP] Sleeping for 120s…
2026-06-19 07:52:20,147 [INFO] ======================================================================
2026-06-19 07:52:20,147 [INFO] [LOOP] Cycle #36 | 2026-06-19 07:52:20
2026-06-19 07:52:20,147 [INFO] [MONITOR] Evaluating 9 open positions…
2026-06-19 07:52:20,268 [INFO] [DATA] TRXUSDT | now=0.3212 | entry=0.3173 | PnL=+1.23%
2026-06-19 07:52:20,373 [INFO] [DATA] RLUSDUSDT | now=1.0009 | entry=1.0008 | PnL=+0.01%
2026-06-19 07:52:20,493 [INFO] [DATA] WLDUSDT | now=0.6468 | entry=0.6348 | PnL=+1.89%
2026-06-19 07:52:20,613 [INFO] [DATA] XLMUSDT | now=0.2317 | entry=0.2262 | PnL=+2.43%
2026-06-19 07:52:20,733 [INFO] [DATA] ENAUSDT | now=0.0928 | entry=0.0897 | PnL=+3.46%
2026-06-19 07:52:20,853 [INFO] [DATA] UNIUSDT | now=3.1190 | entry=3.3250 | PnL=-6.20%
2026-06-19 07:52:20,973 [INFO] [DATA] NEARUSDT | now=2.2110 | entry=2.2250 | PnL=-0.63%
2026-06-19 07:52:21,093 [INFO] [DATA] AAVEUSDT | now=74.3800 | entry=75.3800 | PnL=-1.33%
2026-06-19 07:52:21,213 [INFO] [DATA] ONDOUSDT | now=0.3614 | entry=0.3626 | PnL=-0.33%
2026-06-19 07:52:21,213 [INFO] [INVENTORY] 9/10 slots used — 1 vacant.
2026-06-19 07:52:21,333 [INFO] [LIQUIDITY] Free USDT: $2.90
2026-06-19 07:52:21,333 [INFO] [STANDBY] Insufficient USDT (need $10.00).
2026-06-19 07:52:21,333 [INFO] [SLEEP] Sleeping for 120s…
2026-06-19 07:54:21,345 [INFO] ======================================================================
2026-06-19 07:54:21,345 [INFO] [LOOP] Cycle #37 | 2026-06-19 07:54:21
2026-06-19 07:54:21,345 [INFO] [MONITOR] Evaluating 9 open positions…
2026-06-19 07:54:21,462 [INFO] [DATA] TRXUSDT | now=0.3211 | entry=0.3173 | PnL=+1.20%
2026-06-19 07:54:21,583 [INFO] [DATA] RLUSDUSDT | now=1.0009 | entry=1.0008 | PnL=+0.01%
2026-06-19 07:54:21,703 [INFO] [DATA] WLDUSDT | now=0.6443 | entry=0.6348 | PnL=+1.50%
2026-06-19 07:54:21,834 [INFO] [DATA] XLMUSDT | now=0.2318 | entry=0.2262 | PnL=+2.48%
2026-06-19 07:54:21,943 [INFO] [DATA] ENAUSDT | now=0.0926 | entry=0.0897 | PnL=+3.23%
2026-06-19 07:54:22,063 [INFO] [DATA] UNIUSDT | now=3.1230 | entry=3.3250 | PnL=-6.08%
2026-06-19 07:54:22,183 [INFO] [DATA] NEARUSDT | now=2.2080 | entry=2.2250 | PnL=-0.76%
2026-06-19 07:54:22,303 [INFO] [DATA] AAVEUSDT | now=74.3000 | entry=75.3800 | PnL=-1.43%
2026-06-19 07:54:22,423 [INFO] [DATA] ONDOUSDT | now=0.3614 | entry=0.3626 | PnL=-0.33%
2026-06-19 07:54:22,423 [INFO] [INVENTORY] 9/10 slots used — 1 vacant.
2026-06-19 07:54:22,543 [INFO] [LIQUIDITY] Free USDT: $2.90
2026-06-19 07:54:22,543 [INFO] [STANDBY] Insufficient USDT (need $10.00).
2026-06-19 07:54:22,543 [INFO] [SLEEP] Sleeping for 120s…
2026-06-19 07:56:22,549 [INFO] ======================================================================
2026-06-19 07:56:22,549 [INFO] [LOOP] Cycle #38 | 2026-06-19 07:56:22
2026-06-19 07:56:22,549 [INFO] [MONITOR] Evaluating 9 open positions…
2026-06-19 07:56:22,660 [INFO] [DATA] TRXUSDT | now=0.3211 | entry=0.3173 | PnL=+1.20%
2026-06-19 07:56:22,780 [INFO] [DATA] RLUSDUSDT | now=1.0008 | entry=1.0008 | PnL=+0.00%
2026-06-19 07:56:22,900 [INFO] [DATA] WLDUSDT | now=0.6427 | entry=0.6348 | PnL=+1.24%
2026-06-19 07:56:23,021 [INFO] [DATA] XLMUSDT | now=0.2320 | entry=0.2262 | PnL=+2.56%
2026-06-19 07:56:23,141 [INFO] [DATA] ENAUSDT | now=0.0926 | entry=0.0897 | PnL=+3.23%
2026-06-19 07:56:23,261 [INFO] [DATA] UNIUSDT | now=3.1210 | entry=3.3250 | PnL=-6.14%
2026-06-19 07:56:23,381 [INFO] [DATA] NEARUSDT | now=2.2100 | entry=2.2250 | PnL=-0.67%
2026-06-19 07:56:23,486 [INFO] [DATA] AAVEUSDT | now=74.2800 | entry=75.3800 | PnL=-1.46%
2026-06-19 07:56:23,606 [INFO] [DATA] ONDOUSDT | now=0.3614 | entry=0.3626 | PnL=-0.33%
2026-06-19 07:56:23,606 [INFO] [INVENTORY] 9/10 slots used — 1 vacant.
2026-06-19 07:56:23,741 [INFO] [LIQUIDITY] Free USDT: $2.90
2026-06-19 07:56:23,741 [INFO] [STANDBY] Insufficient USDT (need $10.00).
2026-06-19 07:56:23,741 [INFO] [SLEEP] Sleeping for 120s…
2026-06-19 07:58:23,743 [INFO] ======================================================================
2026-06-19 07:58:23,743 [INFO] [LOOP] Cycle #39 | 2026-06-19 07:58:23
2026-06-19 07:58:23,743 [INFO] [MONITOR] Evaluating 9 open positions…
2026-06-19 07:58:23,860 [INFO] [DATA] TRXUSDT | now=0.3210 | entry=0.3173 | PnL=+1.17%
2026-06-19 07:58:23,965 [INFO] [DATA] RLUSDUSDT | now=1.0009 | entry=1.0008 | PnL=+0.01%
2026-06-19 07:58:24,085 [INFO] [DATA] WLDUSDT | now=0.6427 | entry=0.6348 | PnL=+1.24%
2026-06-19 07:58:24,205 [INFO] [DATA] XLMUSDT | now=0.2321 | entry=0.2262 | PnL=+2.61%
2026-06-19 07:58:24,324 [INFO] [DATA] ENAUSDT | now=0.0924 | entry=0.0897 | PnL=+3.01%
2026-06-19 07:58:24,430 [INFO] [DATA] UNIUSDT | now=3.1130 | entry=3.3250 | PnL=-6.38%
2026-06-19 07:58:24,550 [INFO] [DATA] NEARUSDT | now=2.2060 | entry=2.2250 | PnL=-0.85%
2026-06-19 07:58:24,670 [INFO] [DATA] AAVEUSDT | now=74.2800 | entry=75.3800 | PnL=-1.46%
2026-06-19 07:58:24,790 [INFO] [DATA] ONDOUSDT | now=0.3615 | entry=0.3626 | PnL=-0.30%
2026-06-19 07:58:24,790 [INFO] [INVENTORY] 9/10 slots used — 1 vacant.
2026-06-19 07:58:24,910 [INFO] [LIQUIDITY] Free USDT: $2.90
2026-06-19 07:58:24,910 [INFO] [STANDBY] Insufficient USDT (need $10.00).
2026-06-19 07:58:24,910 [INFO] [SLEEP] Sleeping for 120s…
2026-06-19 08:00:24,924 [INFO] ======================================================================
2026-06-19 08:00:24,924 [INFO] [LOOP] Cycle #40 | 2026-06-19 08:00:24
2026-06-19 08:00:24,924 [INFO] [MONITOR] Evaluating 9 open positions…
2026-06-19 08:00:25,033 [INFO] [DATA] TRXUSDT | now=0.3211 | entry=0.3173 | PnL=+1.20%
2026-06-19 08:00:25,154 [INFO] [DATA] RLUSDUSDT | now=1.0009 | entry=1.0008 | PnL=+0.01%
2026-06-19 08:00:25,259 [INFO] [DATA] WLDUSDT | now=0.6423 | entry=0.6348 | PnL=+1.18%
2026-06-19 08:00:25,379 [INFO] [DATA] XLMUSDT | now=0.2321 | entry=0.2262 | PnL=+2.61%
2026-06-19 08:00:25,499 [INFO] [DATA] ENAUSDT | now=0.0924 | entry=0.0897 | PnL=+3.01%
2026-06-19 08:00:25,620 [INFO] [DATA] UNIUSDT | now=3.1170 | entry=3.3250 | PnL=-6.26%
2026-06-19 08:00:25,740 [INFO] [DATA] NEARUSDT | now=2.2050 | entry=2.2250 | PnL=-0.90%
2026-06-19 08:00:25,860 [INFO] [DATA] AAVEUSDT | now=74.2400 | entry=75.3800 | PnL=-1.51%
2026-06-19 08:00:25,965 [INFO] [DATA] ONDOUSDT | now=0.3609 | entry=0.3626 | PnL=-0.47%
2026-06-19 08:00:25,965 [INFO] [INVENTORY] 9/10 slots used — 1 vacant.
2026-06-19 08:00:26,100 [INFO] [LIQUIDITY] Free USDT: $2.90
2026-06-19 08:00:26,100 [INFO] [STANDBY] Insufficient USDT (need $10.00).
2026-06-19 08:00:26,100 [INFO] [SLEEP] Sleeping for 120s…
2026-06-19 08:02:26,106 [INFO] ======================================================================
2026-06-19 08:02:26,106 [INFO] [LOOP] Cycle #41 | 2026-06-19 08:02:26
2026-06-19 08:02:26,106 [INFO] [MONITOR] Evaluating 9 open positions…
2026-06-19 08:02:26,223 [INFO] [DATA] TRXUSDT | now=0.3211 | entry=0.3173 | PnL=+1.20%
2026-06-19 08:02:26,328 [INFO] [DATA] RLUSDUSDT | now=1.0008 | entry=1.0008 | PnL=+0.00%
2026-06-19 08:02:26,448 [INFO] [DATA] WLDUSDT | now=0.6416 | entry=0.6348 | PnL=+1.07%
2026-06-19 08:02:26,568 [INFO] [DATA] XLMUSDT | now=0.2319 | entry=0.2262 | PnL=+2.52%
2026-06-19 08:02:26,688 [INFO] [DATA] ENAUSDT | now=0.0925 | entry=0.0897 | PnL=+3.12%
2026-06-19 08:02:26,808 [INFO] [DATA] UNIUSDT | now=3.1010 | entry=3.3250 | PnL=-6.74%
2026-06-19 08:02:26,928 [INFO] [DATA] NEARUSDT | now=2.2000 | entry=2.2250 | PnL=-1.12%
2026-06-19 08:02:27,048 [INFO] [DATA] AAVEUSDT | now=74.1900 | entry=75.3800 | PnL=-1.58%
2026-06-19 08:02:27,168 [INFO] [DATA] ONDOUSDT | now=0.3603 | entry=0.3626 | PnL=-0.63%
2026-06-19 08:02:27,168 [INFO] [INVENTORY] 9/10 slots used — 1 vacant.
2026-06-19 08:02:27,288 [INFO] [LIQUIDITY] Free USDT: $2.90
2026-06-19 08:02:27,288 [INFO] [STANDBY] Insufficient USDT (need $10.00).
2026-06-19 08:02:27,288 [INFO] [SLEEP] Sleeping for 120s…
2026-06-19 08:04:27,302 [INFO] ======================================================================
2026-06-19 08:04:27,302 [INFO] [LOOP] Cycle #42 | 2026-06-19 08:04:27
2026-06-19 08:04:27,302 [INFO] [MONITOR] Evaluating 9 open positions…
2026-06-19 08:04:27,409 [INFO] [DATA] TRXUSDT | now=0.3211 | entry=0.3173 | PnL=+1.20%
2026-06-19 08:04:27,529 [INFO] [DATA] RLUSDUSDT | now=1.0009 | entry=1.0008 | PnL=+0.01%
2026-06-19 08:04:27,649 [INFO] [DATA] WLDUSDT | now=0.6429 | entry=0.6348 | PnL=+1.28%
2026-06-19 08:04:27,769 [INFO] [DATA] XLMUSDT | now=0.2320 | entry=0.2262 | PnL=+2.56%
2026-06-19 08:04:27,889 [INFO] [DATA] ENAUSDT | now=0.0927 | entry=0.0897 | PnL=+3.34%
2026-06-19 08:04:28,009 [INFO] [DATA] UNIUSDT | now=3.1100 | entry=3.3250 | PnL=-6.47%
2026-06-19 08:04:28,114 [INFO] [DATA] NEARUSDT | now=2.2010 | entry=2.2250 | PnL=-1.08%
2026-06-19 08:04:28,234 [INFO] [DATA] AAVEUSDT | now=74.3100 | entry=75.3800 | PnL=-1.42%
2026-06-19 08:04:28,354 [INFO] [DATA] ONDOUSDT | now=0.3612 | entry=0.3626 | PnL=-0.39%
2026-06-19 08:04:28,354 [INFO] [INVENTORY] 9/10 slots used — 1 vacant.
2026-06-19 08:04:28,474 [INFO] [LIQUIDITY] Free USDT: $2.90
2026-06-19 08:04:28,474 [INFO] [STANDBY] Insufficient USDT (need $10.00).
2026-06-19 08:04:28,474 [INFO] [SLEEP] Sleeping for 120s…
2026-06-19 08:06:28,483 [INFO] ======================================================================
2026-06-19 08:06:28,483 [INFO] [LOOP] Cycle #43 | 2026-06-19 08:06:28
2026-06-19 08:06:28,483 [INFO] [MONITOR] Evaluating 9 open positions…
2026-06-19 08:06:28,601 [INFO] [DATA] TRXUSDT | now=0.3211 | entry=0.3173 | PnL=+1.20%
2026-06-19 08:06:28,721 [INFO] [DATA] RLUSDUSDT | now=1.0009 | entry=1.0008 | PnL=+0.01%
2026-06-19 08:06:28,826 [INFO] [DATA] WLDUSDT | now=0.6415 | entry=0.6348 | PnL=+1.06%
2026-06-19 08:06:28,961 [INFO] [DATA] XLMUSDT | now=0.2322 | entry=0.2262 | PnL=+2.65%
2026-06-19 08:06:29,066 [INFO] [DATA] ENAUSDT | now=0.0923 | entry=0.0897 | PnL=+2.90%
2026-06-19 08:06:29,186 [INFO] [DATA] UNIUSDT | now=3.1030 | entry=3.3250 | PnL=-6.68%
2026-06-19 08:06:29,306 [INFO] [DATA] NEARUSDT | now=2.1980 | entry=2.2250 | PnL=-1.21%
2026-06-19 08:06:29,426 [INFO] [DATA] AAVEUSDT | now=74.1600 | entry=75.3800 | PnL=-1.62%
2026-06-19 08:06:29,546 [INFO] [DATA] ONDOUSDT | now=0.3602 | entry=0.3626 | PnL=-0.66%
2026-06-19 08:06:29,546 [INFO] [INVENTORY] 9/10 slots used — 1 vacant.
2026-06-19 08:06:29,666 [INFO] [LIQUIDITY] Free USDT: $2.90
2026-06-19 08:06:29,666 [INFO] [STANDBY] Insufficient USDT (need $10.00).
2026-06-19 08:06:29,666 [INFO] [SLEEP] Sleeping for 120s…
2026-06-19 08:08:29,681 [INFO] ======================================================================
2026-06-19 08:08:29,681 [INFO] [LOOP] Cycle #44 | 2026-06-19 08:08:29
2026-06-19 08:08:29,681 [INFO] [MONITOR] Evaluating 9 open positions…
2026-06-19 08:08:29,796 [INFO] [DATA] TRXUSDT | now=0.3212 | entry=0.3173 | PnL=+1.23%
2026-06-19 08:08:29,901 [INFO] [DATA] RLUSDUSDT | now=1.0009 | entry=1.0008 | PnL=+0.01%
2026-06-19 08:08:30,037 [INFO] [DATA] WLDUSDT | now=0.6431 | entry=0.6348 | PnL=+1.31%
2026-06-19 08:08:30,142 [INFO] [DATA] XLMUSDT | now=0.2322 | entry=0.2262 | PnL=+2.65%
2026-06-19 08:08:30,262 [INFO] [DATA] ENAUSDT | now=0.0922 | entry=0.0897 | PnL=+2.79%
2026-06-19 08:08:30,382 [INFO] [DATA] UNIUSDT | now=3.1020 | entry=3.3250 | PnL=-6.71%
2026-06-19 08:08:30,502 [INFO] [DATA] NEARUSDT | now=2.2000 | entry=2.2250 | PnL=-1.12%
2026-06-19 08:08:30,622 [INFO] [DATA] AAVEUSDT | now=74.1900 | entry=75.3800 | PnL=-1.58%
2026-06-19 08:08:30,743 [INFO] [DATA] ONDOUSDT | now=0.3600 | entry=0.3626 | PnL=-0.72%
2026-06-19 08:08:30,743 [INFO] [INVENTORY] 9/10 slots used — 1 vacant.
2026-06-19 08:08:30,863 [INFO] [LIQUIDITY] Free USDT: $2.90
2026-06-19 08:08:30,863 [INFO] [STANDBY] Insufficient USDT (need $10.00).
2026-06-19 08:08:30,863 [INFO] [SLEEP] Sleeping for 120s…
2026-06-19 08:10:30,875 [INFO] ======================================================================
2026-06-19 08:10:30,875 [INFO] [LOOP] Cycle #45 | 2026-06-19 08:10:30
2026-06-19 08:10:30,875 [INFO] [MONITOR] Evaluating 9 open positions…
2026-06-19 08:10:30,990 [INFO] [DATA] TRXUSDT | now=0.3212 | entry=0.3173 | PnL=+1.23%
2026-06-19 08:10:31,095 [INFO] [DATA] RLUSDUSDT | now=1.0009 | entry=1.0008 | PnL=+0.01%
2026-06-19 08:10:31,215 [INFO] [DATA] WLDUSDT | now=0.6430 | entry=0.6348 | PnL=+1.29%
2026-06-19 08:10:31,335 [INFO] [DATA] XLMUSDT | now=0.2327 | entry=0.2262 | PnL=+2.87%
2026-06-19 08:10:31,455 [INFO] [DATA] ENAUSDT | now=0.0923 | entry=0.0897 | PnL=+2.90%
2026-06-19 08:10:31,575 [INFO] [DATA] UNIUSDT | now=3.1010 | entry=3.3250 | PnL=-6.74%
2026-06-19 08:10:31,696 [INFO] [DATA] NEARUSDT | now=2.1970 | entry=2.2250 | PnL=-1.26%
2026-06-19 08:10:31,801 [INFO] [DATA] AAVEUSDT | now=74.1900 | entry=75.3800 | PnL=-1.58%
2026-06-19 08:10:31,921 [INFO] [DATA] ONDOUSDT | now=0.3604 | entry=0.3626 | PnL=-0.61%
2026-06-19 08:10:31,921 [INFO] [INVENTORY] 9/10 slots used — 1 vacant.
2026-06-19 08:10:32,056 [INFO] [LIQUIDITY] Free USDT: $2.90
2026-06-19 08:10:32,056 [INFO] [STANDBY] Insufficient USDT (need $10.00).
2026-06-19 08:10:32,056 [INFO] [SLEEP] Sleeping for 120s…
2026-06-19 08:12:32,059 [INFO] ======================================================================
2026-06-19 08:12:32,059 [INFO] [LOOP] Cycle #46 | 2026-06-19 08:12:32
2026-06-19 08:12:32,059 [INFO] [MONITOR] Evaluating 9 open positions…
2026-06-19 08:12:32,167 [INFO] [DATA] TRXUSDT | now=0.3212 | entry=0.3173 | PnL=+1.23%
2026-06-19 08:12:32,287 [INFO] [DATA] RLUSDUSDT | now=1.0009 | entry=1.0008 | PnL=+0.01%
2026-06-19 08:12:32,408 [INFO] [DATA] WLDUSDT | now=0.6421 | entry=0.6348 | PnL=+1.15%
2026-06-19 08:12:32,528 [INFO] [DATA] XLMUSDT | now=0.2332 | entry=0.2262 | PnL=+3.09%
2026-06-19 08:12:32,648 [INFO] [DATA] ENAUSDT | now=0.0924 | entry=0.0897 | PnL=+3.01%
2026-06-19 08:12:32,768 [INFO] [DATA] UNIUSDT | now=3.1020 | entry=3.3250 | PnL=-6.71%
2026-06-19 08:12:32,888 [INFO] [DATA] NEARUSDT | now=2.2010 | entry=2.2250 | PnL=-1.08%
2026-06-19 08:12:33,009 [INFO] [DATA] AAVEUSDT | now=74.2200 | entry=75.3800 | PnL=-1.54%
2026-06-19 08:12:33,114 [INFO] [DATA] ONDOUSDT | now=0.3608 | entry=0.3626 | PnL=-0.50%
2026-06-19 08:12:33,114 [INFO] [INVENTORY] 9/10 slots used — 1 vacant.
2026-06-19 08:12:33,249 [INFO] [LIQUIDITY] Free USDT: $2.90
2026-06-19 08:12:33,249 [INFO] [STANDBY] Insufficient USDT (need $10.00).
2026-06-19 08:12:33,249 [INFO] [SLEEP] Sleeping for 120s…
2026-06-19 08:14:33,253 [INFO] ======================================================================
2026-06-19 08:14:33,253 [INFO] [LOOP] Cycle #47 | 2026-06-19 08:14:33
2026-06-19 08:14:33,253 [INFO] [MONITOR] Evaluating 9 open positions…
2026-06-19 08:14:33,365 [INFO] [DATA] TRXUSDT | now=0.3212 | entry=0.3173 | PnL=+1.23%
2026-06-19 08:14:33,485 [INFO] [DATA] RLUSDUSDT | now=1.0009 | entry=1.0008 | PnL=+0.01%
2026-06-19 08:14:33,605 [INFO] [DATA] WLDUSDT | now=0.6408 | entry=0.6348 | PnL=+0.95%
2026-06-19 08:14:33,727 [INFO] [DATA] XLMUSDT | now=0.2329 | entry=0.2262 | PnL=+2.96%
2026-06-19 08:14:33,845 [INFO] [DATA] ENAUSDT | now=0.0924 | entry=0.0897 | PnL=+3.01%
2026-06-19 08:14:33,950 [INFO] [DATA] UNIUSDT | now=3.0980 | entry=3.3250 | PnL=-6.83%
2026-06-19 08:14:34,070 [INFO] [DATA] NEARUSDT | now=2.1970 | entry=2.2250 | PnL=-1.26%
2026-06-19 08:14:34,190 [INFO] [DATA] AAVEUSDT | now=74.0900 | entry=75.3800 | PnL=-1.71%
2026-06-19 08:14:34,310 [INFO] [DATA] ONDOUSDT | now=0.3600 | entry=0.3626 | PnL=-0.72%
2026-06-19 08:14:34,310 [INFO] [INVENTORY] 9/10 slots used — 1 vacant.
2026-06-19 08:14:34,430 [INFO] [LIQUIDITY] Free USDT: $2.90
2026-06-19 08:14:34,430 [INFO] [STANDBY] Insufficient USDT (need $10.00).
2026-06-19 08:14:34,430 [INFO] [SLEEP] Sleeping for 120s…
2026-06-19 08:16:34,441 [INFO] ======================================================================
2026-06-19 08:16:34,441 [INFO] [LOOP] Cycle #48 | 2026-06-19 08:16:34
2026-06-19 08:16:34,441 [INFO] [MONITOR] Evaluating 9 open positions…
2026-06-19 08:16:34,549 [INFO] [DATA] TRXUSDT | now=0.3211 | entry=0.3173 | PnL=+1.20%
2026-06-19 08:16:34,669 [INFO] [DATA] RLUSDUSDT | now=1.0010 | entry=1.0008 | PnL=+0.02%
2026-06-19 08:16:34,789 [INFO] [DATA] WLDUSDT | now=0.6418 | entry=0.6348 | PnL=+1.10%
2026-06-19 08:16:34,909 [INFO] [DATA] XLMUSDT | now=0.2323 | entry=0.2262 | PnL=+2.70%
2026-06-19 08:16:35,029 [INFO] [DATA] ENAUSDT | now=0.0923 | entry=0.0897 | PnL=+2.90%
2026-06-19 08:16:35,149 [INFO] [DATA] UNIUSDT | now=3.1000 | entry=3.3250 | PnL=-6.77%
2026-06-19 08:16:35,269 [INFO] [DATA] NEARUSDT | now=2.1950 | entry=2.2250 | PnL=-1.35%
2026-06-19 08:16:35,389 [INFO] [DATA] AAVEUSDT | now=74.1800 | entry=75.3800 | PnL=-1.59%
2026-06-19 08:16:35,509 [INFO] [DATA] ONDOUSDT | now=0.3604 | entry=0.3626 | PnL=-0.61%
2026-06-19 08:16:35,509 [INFO] [INVENTORY] 9/10 slots used — 1 vacant.
2026-06-19 08:16:35,639 [INFO] [LIQUIDITY] Free USDT: $2.90
2026-06-19 08:16:35,639 [INFO] [STANDBY] Insufficient USDT (need $10.00).
2026-06-19 08:16:35,639 [INFO] [SLEEP] Sleeping for 120s…
2026-06-19 08:18:35,641 [INFO] ======================================================================
2026-06-19 08:18:35,641 [INFO] [LOOP] Cycle #49 | 2026-06-19 08:18:35
2026-06-19 08:18:35,641 [INFO] [MONITOR] Evaluating 9 open positions…
2026-06-19 08:18:35,755 [INFO] [DATA] TRXUSDT | now=0.3212 | entry=0.3173 | PnL=+1.23%
2026-06-19 08:18:35,875 [INFO] [DATA] RLUSDUSDT | now=1.0010 | entry=1.0008 | PnL=+0.02%
2026-06-19 08:18:35,980 [INFO] [DATA] WLDUSDT | now=0.6427 | entry=0.6348 | PnL=+1.24%
2026-06-19 08:18:36,310 [INFO] [DATA] XLMUSDT | now=0.2320 | entry=0.2262 | PnL=+2.56%
2026-06-19 08:18:36,415 [INFO] [DATA] ENAUSDT | now=0.0923 | entry=0.0897 | PnL=+2.90%
2026-06-19 08:18:36,535 [INFO] [DATA] UNIUSDT | now=3.1050 | entry=3.3250 | PnL=-6.62%
2026-06-19 08:18:36,655 [INFO] [DATA] NEARUSDT | now=2.1980 | entry=2.2250 | PnL=-1.21%
2026-06-19 08:18:36,775 [INFO] [DATA] AAVEUSDT | now=74.1100 | entry=75.3800 | PnL=-1.68%
2026-06-19 08:18:36,880 [INFO] [DATA] ONDOUSDT | now=0.3602 | entry=0.3626 | PnL=-0.66%
2026-06-19 08:18:36,880 [INFO] [INVENTORY] 9/10 slots used — 1 vacant.
2026-06-19 08:18:37,015 [INFO] [LIQUIDITY] Free USDT: $2.90
2026-06-19 08:18:37,015 [INFO] [STANDBY] Insufficient USDT (need $10.00).
2026-06-19 08:18:37,015 [INFO] [SLEEP] Sleeping for 120s…
2026-06-19 08:20:37,020 [INFO] ======================================================================
2026-06-19 08:20:37,020 [INFO] [LOOP] Cycle #50 | 2026-06-19 08:20:37
2026-06-19 08:20:37,020 [INFO] [MONITOR] Evaluating 9 open positions…
2026-06-19 08:20:37,123 [INFO] [DATA] TRXUSDT | now=0.3212 | entry=0.3173 | PnL=+1.23%
2026-06-19 08:20:37,243 [INFO] [DATA] RLUSDUSDT | now=1.0010 | entry=1.0008 | PnL=+0.02%
2026-06-19 08:20:37,364 [INFO] [DATA] WLDUSDT | now=0.6413 | entry=0.6348 | PnL=+1.02%
2026-06-19 08:20:37,484 [INFO] [DATA] XLMUSDT | now=0.2325 | entry=0.2262 | PnL=+2.79%
2026-06-19 08:20:37,604 [INFO] [DATA] ENAUSDT | now=0.0925 | entry=0.0897 | PnL=+3.12%
2026-06-19 08:20:37,724 [INFO] [DATA] UNIUSDT | now=3.1080 | entry=3.3250 | PnL=-6.53%
2026-06-19 08:20:37,844 [INFO] [DATA] NEARUSDT | now=2.2040 | entry=2.2250 | PnL=-0.94%
2026-06-19 08:20:37,965 [INFO] [DATA] AAVEUSDT | now=74.2100 | entry=75.3800 | PnL=-1.55%
2026-06-19 08:20:38,085 [INFO] [DATA] ONDOUSDT | now=0.3611 | entry=0.3626 | PnL=-0.41%
2026-06-19 08:20:38,085 [INFO] [INVENTORY] 9/10 slots used — 1 vacant.
2026-06-19 08:20:38,205 [INFO] [LIQUIDITY] Free USDT: $2.90
2026-06-19 08:20:38,205 [INFO] [STANDBY] Insufficient USDT (need $10.00).
2026-06-19 08:20:38,205 [INFO] [SLEEP] Sleeping for 120s…
2026-06-19 08:22:38,215 [INFO] ======================================================================
2026-06-19 08:22:38,215 [INFO] [LOOP] Cycle #51 | 2026-06-19 08:22:38
2026-06-19 08:22:38,215 [INFO] [MONITOR] Evaluating 9 open positions…
2026-06-19 08:22:38,326 [INFO] [DATA] TRXUSDT | now=0.3212 | entry=0.3173 | PnL=+1.23%
2026-06-19 08:22:38,446 [INFO] [DATA] RLUSDUSDT | now=1.0010 | entry=1.0008 | PnL=+0.02%
2026-06-19 08:22:38,566 [INFO] [DATA] WLDUSDT | now=0.6422 | entry=0.6348 | PnL=+1.17%
2026-06-19 08:22:38,686 [INFO] [DATA] XLMUSDT | now=0.2329 | entry=0.2262 | PnL=+2.96%
2026-06-19 08:22:38,791 [INFO] [DATA] ENAUSDT | now=0.0926 | entry=0.0897 | PnL=+3.23%
2026-06-19 08:22:38,911 [INFO] [DATA] UNIUSDT | now=3.1050 | entry=3.3250 | PnL=-6.62%
2026-06-19 08:22:39,031 [INFO] [DATA] NEARUSDT | now=2.2020 | entry=2.2250 | PnL=-1.03%
2026-06-19 08:22:39,151 [INFO] [DATA] AAVEUSDT | now=74.1900 | entry=75.3800 | PnL=-1.58%
2026-06-19 08:22:39,271 [INFO] [DATA] ONDOUSDT | now=0.3607 | entry=0.3626 | PnL=-0.52%
2026-06-19 08:22:39,271 [INFO] [INVENTORY] 9/10 slots used — 1 vacant.
2026-06-19 08:22:39,391 [INFO] [LIQUIDITY] Free USDT: $2.90
2026-06-19 08:22:39,391 [INFO] [STANDBY] Insufficient USDT (need $10.00).
2026-06-19 08:22:39,391 [INFO] [SLEEP] Sleeping for 120s…
2026-06-19 08:24:39,403 [INFO] ======================================================================
2026-06-19 08:24:39,403 [INFO] [LOOP] Cycle #52 | 2026-06-19 08:24:39
2026-06-19 08:24:39,403 [INFO] [MONITOR] Evaluating 9 open positions…
2026-06-19 08:24:39,520 [INFO] [DATA] TRXUSDT | now=0.3212 | entry=0.3173 | PnL=+1.23%
2026-06-19 08:24:39,625 [INFO] [DATA] RLUSDUSDT | now=1.0010 | entry=1.0008 | PnL=+0.02%
2026-06-19 08:24:39,745 [INFO] [DATA] WLDUSDT | now=0.6445 | entry=0.6348 | PnL=+1.53%
2026-06-19 08:24:39,865 [INFO] [DATA] XLMUSDT | now=0.2338 | entry=0.2262 | PnL=+3.36%
2026-06-19 08:24:39,985 [INFO] [DATA] ENAUSDT | now=0.0927 | entry=0.0897 | PnL=+3.34%
2026-06-19 08:24:40,105 [INFO] [DATA] UNIUSDT | now=3.1100 | entry=3.3250 | PnL=-6.47%
2026-06-19 08:24:40,225 [INFO] [DATA] NEARUSDT | now=2.2060 | entry=2.2250 | PnL=-0.85%
2026-06-19 08:24:40,345 [INFO] [DATA] AAVEUSDT | now=74.2800 | entry=75.3800 | PnL=-1.46%
2026-06-19 08:24:40,465 [INFO] [DATA] ONDOUSDT | now=0.3614 | entry=0.3626 | PnL=-0.33%
2026-06-19 08:24:40,465 [INFO] [INVENTORY] 9/10 slots used — 1 vacant.
2026-06-19 08:24:40,600 [INFO] [LIQUIDITY] Free USDT: $2.90
2026-06-19 08:24:40,600 [INFO] [STANDBY] Insufficient USDT (need $10.00).
2026-06-19 08:24:40,600 [INFO] [SLEEP] Sleeping for 120s…
2026-06-19 08:26:40,605 [INFO] ======================================================================
2026-06-19 08:26:40,605 [INFO] [LOOP] Cycle #53 | 2026-06-19 08:26:40
2026-06-19 08:26:40,606 [INFO] [MONITOR] Evaluating 9 open positions…
2026-06-19 08:26:40,712 [INFO] [DATA] TRXUSDT | now=0.3212 | entry=0.3173 | PnL=+1.23%
2026-06-19 08:26:40,832 [INFO] [DATA] RLUSDUSDT | now=1.0009 | entry=1.0008 | PnL=+0.01%
2026-06-19 08:26:40,952 [INFO] [DATA] WLDUSDT | now=0.6458 | entry=0.6348 | PnL=+1.73%
2026-06-19 08:26:41,072 [INFO] [DATA] XLMUSDT | now=0.2341 | entry=0.2262 | PnL=+3.49%
2026-06-19 08:26:41,192 [INFO] [DATA] ENAUSDT | now=0.0930 | entry=0.0897 | PnL=+3.68%
2026-06-19 08:26:41,312 [INFO] [DATA] UNIUSDT | now=3.1160 | entry=3.3250 | PnL=-6.29%
2026-06-19 08:26:41,432 [INFO] [DATA] NEARUSDT | now=2.2110 | entry=2.2250 | PnL=-0.63%
2026-06-19 08:26:41,552 [INFO] [DATA] AAVEUSDT | now=74.4300 | entry=75.3800 | PnL=-1.26%
2026-06-19 08:26:41,672 [INFO] [DATA] ONDOUSDT | now=0.3620 | entry=0.3626 | PnL=-0.17%
2026-06-19 08:26:41,672 [INFO] [INVENTORY] 9/10 slots used — 1 vacant.
2026-06-19 08:26:41,792 [INFO] [LIQUIDITY] Free USDT: $2.90
2026-06-19 08:26:41,792 [INFO] [STANDBY] Insufficient USDT (need $10.00).
2026-06-19 08:26:41,792 [INFO] [SLEEP] Sleeping for 120s…
2026-06-19 08:28:41,801 [INFO] ======================================================================
2026-06-19 08:28:41,801 [INFO] [LOOP] Cycle #54 | 2026-06-19 08:28:41
2026-06-19 08:28:41,801 [INFO] [MONITOR] Evaluating 9 open positions…
2026-06-19 08:28:41,905 [INFO] [DATA] TRXUSDT | now=0.3212 | entry=0.3173 | PnL=+1.23%
2026-06-19 08:28:42,025 [INFO] [DATA] RLUSDUSDT | now=1.0010 | entry=1.0008 | PnL=+0.02%
2026-06-19 08:28:42,145 [INFO] [DATA] WLDUSDT | now=0.6462 | entry=0.6348 | PnL=+1.80%
2026-06-19 08:28:42,265 [INFO] [DATA] XLMUSDT | now=0.2337 | entry=0.2262 | PnL=+3.32%
2026-06-19 08:28:42,385 [INFO] [DATA] ENAUSDT | now=0.0928 | entry=0.0897 | PnL=+3.46%
2026-06-19 08:28:42,505 [INFO] [DATA] UNIUSDT | now=3.1120 | entry=3.3250 | PnL=-6.41%
2026-06-19 08:28:42,625 [INFO] [DATA] NEARUSDT | now=2.2080 | entry=2.2250 | PnL=-0.76%
2026-06-19 08:28:42,730 [INFO] [DATA] AAVEUSDT | now=74.3400 | entry=75.3800 | PnL=-1.38%
2026-06-19 08:28:42,856 [INFO] [DATA] ONDOUSDT | now=0.3614 | entry=0.3626 | PnL=-0.33%
2026-06-19 08:28:42,856 [INFO] [INVENTORY] 9/10 slots used — 1 vacant.
2026-06-19 08:28:43,166 [INFO] [LIQUIDITY] Free USDT: $2.90
2026-06-19 08:28:43,166 [INFO] [STANDBY] Insufficient USDT (need $10.00).
2026-06-19 08:28:43,166 [INFO] [SLEEP] Sleeping for 120s…
2026-06-19 08:30:43,172 [INFO] ======================================================================
2026-06-19 08:30:43,172 [INFO] [LOOP] Cycle #55 | 2026-06-19 08:30:43
2026-06-19 08:30:43,172 [INFO] [MONITOR] Evaluating 9 open positions…
2026-06-19 08:30:43,278 [INFO] [DATA] TRXUSDT | now=0.3212 | entry=0.3173 | PnL=+1.23%
2026-06-19 08:30:43,398 [INFO] [DATA] RLUSDUSDT | now=1.0010 | entry=1.0008 | PnL=+0.02%
2026-06-19 08:30:43,518 [INFO] [DATA] WLDUSDT | now=0.6499 | entry=0.6348 | PnL=+2.38%
2026-06-19 08:30:43,638 [INFO] [DATA] XLMUSDT | now=0.2337 | entry=0.2262 | PnL=+3.32%
2026-06-19 08:30:43,758 [INFO] [DATA] ENAUSDT | now=0.0929 | entry=0.0897 | PnL=+3.57%
2026-06-19 08:30:43,879 [INFO] [DATA] UNIUSDT | now=3.1170 | entry=3.3250 | PnL=-6.26%
2026-06-19 08:30:43,999 [INFO] [DATA] NEARUSDT | now=2.2140 | entry=2.2250 | PnL=-0.49%
2026-06-19 08:30:44,119 [INFO] [DATA] AAVEUSDT | now=74.4700 | entry=75.3800 | PnL=-1.21%
2026-06-19 08:30:44,239 [INFO] [DATA] ONDOUSDT | now=0.3626 | entry=0.3626 | PnL=+0.00%
2026-06-19 08:30:44,239 [INFO] [INVENTORY] 9/10 slots used — 1 vacant.
2026-06-19 08:30:44,359 [INFO] [LIQUIDITY] Free USDT: $2.90
2026-06-19 08:30:44,359 [INFO] [STANDBY] Insufficient USDT (need $10.00).
2026-06-19 08:30:44,359 [INFO] [SLEEP] Sleeping for 120s…
2026-06-19 08:32:44,369 [INFO] ======================================================================
2026-06-19 08:32:44,369 [INFO] [LOOP] Cycle #56 | 2026-06-19 08:32:44
2026-06-19 08:32:44,369 [INFO] [MONITOR] Evaluating 9 open positions…
2026-06-19 08:32:44,488 [INFO] [DATA] TRXUSDT | now=0.3213 | entry=0.3173 | PnL=+1.26%
2026-06-19 08:32:44,593 [INFO] [DATA] RLUSDUSDT | now=1.0010 | entry=1.0008 | PnL=+0.02%
2026-06-19 08:32:44,713 [INFO] [DATA] WLDUSDT | now=0.6498 | entry=0.6348 | PnL=+2.36%
2026-06-19 08:32:44,833 [INFO] [DATA] XLMUSDT | now=0.2338 | entry=0.2262 | PnL=+3.36%
2026-06-19 08:32:44,953 [INFO] [DATA] ENAUSDT | now=0.0929 | entry=0.0897 | PnL=+3.57%
2026-06-19 08:32:45,073 [INFO] [DATA] UNIUSDT | now=3.1180 | entry=3.3250 | PnL=-6.23%
2026-06-19 08:32:45,193 [INFO] [DATA] NEARUSDT | now=2.2040 | entry=2.2250 | PnL=-0.94%
2026-06-19 08:32:45,314 [INFO] [DATA] AAVEUSDT | now=74.4200 | entry=75.3800 | PnL=-1.27%
2026-06-19 08:32:45,419 [INFO] [DATA] ONDOUSDT | now=0.3620 | entry=0.3626 | PnL=-0.17%
2026-06-19 08:32:45,419 [INFO] [INVENTORY] 9/10 slots used — 1 vacant.
2026-06-19 08:32:45,554 [INFO] [LIQUIDITY] Free USDT: $2.90
2026-06-19 08:32:45,554 [INFO] [STANDBY] Insufficient USDT (need $10.00).
2026-06-19 08:32:45,554 [INFO] [SLEEP] Sleeping for 120s…
2026-06-19 08:34:45,556 [INFO] ======================================================================
2026-06-19 08:34:45,556 [INFO] [LOOP] Cycle #57 | 2026-06-19 08:34:45
2026-06-19 08:34:45,556 [INFO] [MONITOR] Evaluating 9 open positions…
2026-06-19 08:34:45,674 [INFO] [DATA] TRXUSDT | now=0.3214 | entry=0.3173 | PnL=+1.29%
2026-06-19 08:34:45,779 [INFO] [DATA] RLUSDUSDT | now=1.0010 | entry=1.0008 | PnL=+0.02%
2026-06-19 08:34:45,899 [INFO] [DATA] WLDUSDT | now=0.6500 | entry=0.6348 | PnL=+2.39%
2026-06-19 08:34:46,019 [INFO] [DATA] XLMUSDT | now=0.2337 | entry=0.2262 | PnL=+3.32%
2026-06-19 08:34:46,139 [INFO] [DATA] ENAUSDT | now=0.0928 | entry=0.0897 | PnL=+3.46%
2026-06-19 08:34:46,245 [INFO] [DATA] UNIUSDT | now=3.1130 | entry=3.3250 | PnL=-6.38%
2026-06-19 08:34:46,365 [INFO] [DATA] NEARUSDT | now=2.2010 | entry=2.2250 | PnL=-1.08%
2026-06-19 08:34:46,485 [INFO] [DATA] AAVEUSDT | now=74.2800 | entry=75.3800 | PnL=-1.46%
2026-06-19 08:34:46,605 [INFO] [DATA] ONDOUSDT | now=0.3616 | entry=0.3626 | PnL=-0.28%
2026-06-19 08:34:46,605 [INFO] [INVENTORY] 9/10 slots used — 1 vacant.
2026-06-19 08:34:46,725 [INFO] [LIQUIDITY] Free USDT: $2.90
2026-06-19 08:34:46,725 [INFO] [STANDBY] Insufficient USDT (need $10.00).
2026-06-19 08:34:46,725 [INFO] [SLEEP] Sleeping for 120s…
2026-06-19 08:36:46,732 [INFO] ======================================================================
2026-06-19 08:36:46,732 [INFO] [LOOP] Cycle #58 | 2026-06-19 08:36:46
2026-06-19 08:36:46,732 [INFO] [MONITOR] Evaluating 9 open positions…
2026-06-19 08:36:46,839 [INFO] [DATA] TRXUSDT | now=0.3214 | entry=0.3173 | PnL=+1.29%
2026-06-19 08:36:46,959 [INFO] [DATA] RLUSDUSDT | now=1.0010 | entry=1.0008 | PnL=+0.02%
2026-06-19 08:36:47,079 [INFO] [DATA] WLDUSDT | now=0.6519 | entry=0.6348 | PnL=+2.69%
2026-06-19 08:36:47,199 [INFO] [DATA] XLMUSDT | now=0.2339 | entry=0.2262 | PnL=+3.40%
2026-06-19 08:36:47,320 [INFO] [DATA] ENAUSDT | now=0.0928 | entry=0.0897 | PnL=+3.46%
2026-06-19 08:36:47,440 [INFO] [DATA] UNIUSDT | now=3.1170 | entry=3.3250 | PnL=-6.26%
2026-06-19 08:36:47,560 [INFO] [DATA] NEARUSDT | now=2.1980 | entry=2.2250 | PnL=-1.21%
2026-06-19 08:36:47,680 [INFO] [DATA] AAVEUSDT | now=74.1900 | entry=75.3800 | PnL=-1.58%
2026-06-19 08:36:47,785 [INFO] [DATA] ONDOUSDT | now=0.3611 | entry=0.3626 | PnL=-0.41%
2026-06-19 08:36:47,785 [INFO] [INVENTORY] 9/10 slots used — 1 vacant.
2026-06-19 08:36:47,916 [INFO] [LIQUIDITY] Free USDT: $2.90
2026-06-19 08:36:47,916 [INFO] [STANDBY] Insufficient USDT (need $10.00).
2026-06-19 08:36:47,916 [INFO] [SLEEP] Sleeping for 120s…
2026-06-19 08:38:47,919 [INFO] ======================================================================
2026-06-19 08:38:47,919 [INFO] [LOOP] Cycle #59 | 2026-06-19 08:38:47
2026-06-19 08:38:47,919 [INFO] [MONITOR] Evaluating 9 open positions…
2026-06-19 08:38:48,034 [INFO] [DATA] TRXUSDT | now=0.3214 | entry=0.3173 | PnL=+1.29%
2026-06-19 08:38:48,154 [INFO] [DATA] RLUSDUSDT | now=1.0010 | entry=1.0008 | PnL=+0.02%
2026-06-19 08:38:48,259 [INFO] [DATA] WLDUSDT | now=0.6519 | entry=0.6348 | PnL=+2.69%
2026-06-19 08:38:48,379 [INFO] [DATA] XLMUSDT | now=0.2343 | entry=0.2262 | PnL=+3.58%
2026-06-19 08:38:48,499 [INFO] [DATA] ENAUSDT | now=0.0928 | entry=0.0897 | PnL=+3.46%
2026-06-19 08:38:48,619 [INFO] [DATA] UNIUSDT | now=3.1190 | entry=3.3250 | PnL=-6.20%
2026-06-19 08:38:48,739 [INFO] [DATA] NEARUSDT | now=2.1940 | entry=2.2250 | PnL=-1.39%
2026-06-19 08:38:48,859 [INFO] [DATA] AAVEUSDT | now=74.2100 | entry=75.3800 | PnL=-1.55%
2026-06-19 08:38:48,979 [INFO] [DATA] ONDOUSDT | now=0.3610 | entry=0.3626 | PnL=-0.44%
2026-06-19 08:38:48,979 [INFO] [INVENTORY] 9/10 slots used — 1 vacant.
2026-06-19 08:38:49,099 [INFO] [LIQUIDITY] Free USDT: $2.90
2026-06-19 08:38:49,099 [INFO] [STANDBY] Insufficient USDT (need $10.00).
2026-06-19 08:38:49,114 [INFO] [SLEEP] Sleeping for 120s…
2026-06-19 08:40:49,115 [INFO] ======================================================================
2026-06-19 08:40:49,115 [INFO] [LOOP] Cycle #60 | 2026-06-19 08:40:49
2026-06-19 08:40:49,115 [INFO] [MONITOR] Evaluating 9 open positions…
2026-06-19 08:40:49,232 [INFO] [DATA] TRXUSDT | now=0.3214 | entry=0.3173 | PnL=+1.29%
2026-06-19 08:40:49,338 [INFO] [DATA] RLUSDUSDT | now=1.0009 | entry=1.0008 | PnL=+0.01%
2026-06-19 08:40:49,458 [INFO] [DATA] WLDUSDT | now=0.6498 | entry=0.6348 | PnL=+2.36%
2026-06-19 08:40:49,580 [INFO] [DATA] XLMUSDT | now=0.2323 | entry=0.2262 | PnL=+2.70%
2026-06-19 08:40:49,699 [INFO] [DATA] ENAUSDT | now=0.0927 | entry=0.0897 | PnL=+3.34%
2026-06-19 08:40:49,819 [INFO] [DATA] UNIUSDT | now=3.1070 | entry=3.3250 | PnL=-6.56%
2026-06-19 08:40:49,924 [INFO] [DATA] NEARUSDT | now=2.1910 | entry=2.2250 | PnL=-1.53%
2026-06-19 08:40:50,044 [INFO] [DATA] AAVEUSDT | now=74.1800 | entry=75.3800 | PnL=-1.59%
2026-06-19 08:40:50,164 [INFO] [DATA] ONDOUSDT | now=0.3602 | entry=0.3626 | PnL=-0.66%
2026-06-19 08:40:50,164 [INFO] [INVENTORY] 9/10 slots used — 1 vacant.
2026-06-19 08:40:50,284 [INFO] [LIQUIDITY] Free USDT: $2.90
2026-06-19 08:40:50,284 [INFO] [STANDBY] Insufficient USDT (need $10.00).
2026-06-19 08:40:50,284 [INFO] [SLEEP] Sleeping for 120s…
2026-06-19 08:42:50,292 [INFO] ======================================================================
2026-06-19 08:42:50,292 [INFO] [LOOP] Cycle #61 | 2026-06-19 08:42:50
2026-06-19 08:42:50,292 [INFO] [MONITOR] Evaluating 9 open positions…
2026-06-19 08:42:50,408 [INFO] [DATA] TRXUSDT | now=0.3211 | entry=0.3173 | PnL=+1.20%
2026-06-19 08:42:50,513 [INFO] [DATA] RLUSDUSDT | now=1.0009 | entry=1.0008 | PnL=+0.01%
2026-06-19 08:42:50,633 [INFO] [DATA] WLDUSDT | now=0.6487 | entry=0.6348 | PnL=+2.19%
2026-06-19 08:42:50,769 [INFO] [DATA] XLMUSDT | now=0.2322 | entry=0.2262 | PnL=+2.65%
2026-06-19 08:42:50,874 [INFO] [DATA] ENAUSDT | now=0.0924 | entry=0.0897 | PnL=+3.01%
2026-06-19 08:42:50,994 [INFO] [DATA] UNIUSDT | now=3.0990 | entry=3.3250 | PnL=-6.80%
2026-06-19 08:42:51,114 [INFO] [DATA] NEARUSDT | now=2.1760 | entry=2.2250 | PnL=-2.20%
2026-06-19 08:42:51,234 [INFO] [DATA] AAVEUSDT | now=73.9300 | entry=75.3800 | PnL=-1.92%
2026-06-19 08:42:51,354 [INFO] [DATA] ONDOUSDT | now=0.3588 | entry=0.3626 | PnL=-1.05%
2026-06-19 08:42:51,354 [INFO] [INVENTORY] 9/10 slots used — 1 vacant.
2026-06-19 08:42:51,474 [INFO] [LIQUIDITY] Free USDT: $2.90
2026-06-19 08:42:51,474 [INFO] [STANDBY] Insufficient USDT (need $10.00).
2026-06-19 08:42:51,474 [INFO] [SLEEP] Sleeping for 120s…
2026-06-19 08:44:51,481 [INFO] ======================================================================
2026-06-19 08:44:51,481 [INFO] [LOOP] Cycle #62 | 2026-06-19 08:44:51
2026-06-19 08:44:51,481 [INFO] [MONITOR] Evaluating 9 open positions…
2026-06-19 08:44:51,600 [INFO] [DATA] TRXUSDT | now=0.3209 | entry=0.3173 | PnL=+1.13%
2026-06-19 08:44:51,705 [INFO] [DATA] RLUSDUSDT | now=1.0008 | entry=1.0008 | PnL=+0.00%
2026-06-19 08:44:51,825 [INFO] [DATA] WLDUSDT | now=0.6346 | entry=0.6348 | PnL=-0.03%
2026-06-19 08:44:52,155 [INFO] [DATA] XLMUSDT | now=0.2299 | entry=0.2262 | PnL=+1.64%
2026-06-19 08:44:52,275 [INFO] [DATA] ENAUSDT | now=0.0902 | entry=0.0897 | PnL=+0.56%
2026-06-19 08:44:52,380 [INFO] [DATA] UNIUSDT | now=3.0590 | entry=3.3250 | PnL=-8.00%
2026-06-19 08:44:52,500 [INFO] [DATA] NEARUSDT | now=2.1340 | entry=2.2250 | PnL=-4.09%
2026-06-19 08:44:52,500 [INFO] [EXIT] SL hit for NEARUSDT.
2026-06-19 08:44:53,251 [INFO] [EXIT] NEARUSDT sold (STOP_LOSS) qty=4.100000
2026-06-19 08:44:53,251 [INFO] [COOLDOWN] NEARUSDT locked for 3600s.
2026-06-19 08:44:53,371 [INFO] [DATA] AAVEUSDT | now=72.9400 | entry=75.3800 | PnL=-3.24%
2026-06-19 08:44:53,386 [INFO] [EXIT] SL hit for AAVEUSDT.
2026-06-19 08:44:53,927 [INFO] [EXIT] AAVEUSDT sold (STOP_LOSS) qty=0.132000
2026-06-19 08:44:53,927 [INFO] [COOLDOWN] AAVEUSDT locked for 3600s.
2026-06-19 08:44:54,048 [INFO] [DATA] ONDOUSDT | now=0.3559 | entry=0.3626 | PnL=-1.85%
2026-06-19 08:44:54,048 [INFO] [INVENTORY] 7/10 slots used — 3 vacant.
2026-06-19 08:44:54,168 [INFO] [LIQUIDITY] Free USDT: $21.25
2026-06-19 08:45:00,977 [INFO] HTTP Request: POST http://127.0.0.1:11434/api/generate "HTTP/1.1 200 OK"
2026-06-19 08:45:00,977 [INFO] [FILTER] ZECUSDT below EMA-50 (price=444.5400, ema=472.8064). Skipping.
2026-06-19 08:45:01,566 [INFO] HTTP Request: POST http://127.0.0.1:11434/api/generate "HTTP/1.1 200 OK"
2026-06-19 08:45:01,566 [INFO] [FILTER] SPCXBUSDT below EMA-50 (price=181.8200, ema=188.5029). Skipping.
2026-06-19 08:45:01,973 [INFO] HTTP Request: POST http://127.0.0.1:11434/api/generate "HTTP/1.1 200 OK"
2026-06-19 08:45:01,974 [INFO] [FILTER] ASTERUSDT below EMA-50 (price=0.6290, ema=0.6631). Skipping.
2026-06-19 08:45:02,421 [INFO] HTTP Request: POST http://127.0.0.1:11434/api/generate "HTTP/1.1 200 OK"
2026-06-19 08:45:02,421 [INFO] [FILTER] MEGAUSDT below EMA-50 (price=0.0590, ema=0.0610). Skipping.
2026-06-19 08:45:02,838 [INFO] HTTP Request: POST http://127.0.0.1:11434/api/generate "HTTP/1.1 200 OK"
2026-06-19 08:45:02,838 [INFO] [DEPLOY] UUSDT passed all filters — entering…
2026-06-19 08:45:03,526 [INFO] [TRADE] Placing market buy for UUSDT — qty=9.000000
2026-06-19 08:45:04,832 [INFO] [TRADE] UUSDT entered | entry=1.0009 | TP=1.0016 | SL=1.0005
2026-06-19 08:45:05,451 [INFO] HTTP Request: POST http://127.0.0.1:11434/api/generate "HTTP/1.1 200 OK"
2026-06-19 08:45:05,451 [INFO] [FILTER] TAOUSDT below EMA-50 (price=230.5000, ema=244.1155). Skipping.
2026-06-19 08:45:05,876 [INFO] HTTP Request: POST http://127.0.0.1:11434/api/generate "HTTP/1.1 200 OK"
2026-06-19 08:45:05,876 [INFO] [FILTER] SUIUSDT below EMA-50 (price=0.7166, ema=0.7534). Skipping.
2026-06-19 08:45:06,294 [INFO] HTTP Request: POST http://127.0.0.1:11434/api/generate "HTTP/1.1 200 OK"
2026-06-19 08:45:06,295 [INFO] [FILTER] XPLUSDT below EMA-50 (price=0.0963, ema=0.1009). Skipping.
2026-06-19 08:45:06,700 [INFO] HTTP Request: POST http://127.0.0.1:11434/api/generate "HTTP/1.1 200 OK"
2026-06-19 08:45:06,701 [INFO] [DEPLOY] SYNUSDT passed all filters — entering…
2026-06-19 08:45:07,184 [INFO] [TRADE] Placing market buy for SYNUSDT — qty=84.900000
2026-06-19 08:45:08,942 [INFO] [TRADE] SYNUSDT entered | entry=0.1178 | TP=0.1776 | SL=0.0878
2026-06-19 08:45:08,942 [INFO] [SLEEP] Sleeping for 120s…
2026-06-19 08:47:08,952 [INFO] ======================================================================
2026-06-19 08:47:08,952 [INFO] [LOOP] Cycle #63 | 2026-06-19 08:47:08
2026-06-19 08:47:08,952 [INFO] [MONITOR] Evaluating 9 open positions…
2026-06-19 08:47:09,069 [INFO] [DATA] TRXUSDT | now=0.3211 | entry=0.3173 | PnL=+1.20%
2026-06-19 08:47:09,189 [INFO] [DATA] RLUSDUSDT | now=1.0009 | entry=1.0008 | PnL=+0.01%
2026-06-19 08:47:09,294 [INFO] [DATA] WLDUSDT | now=0.6323 | entry=0.6348 | PnL=-0.39%
2026-06-19 08:47:09,414 [INFO] [DATA] XLMUSDT | now=0.2277 | entry=0.2262 | PnL=+0.66%
2026-06-19 08:47:09,534 [INFO] [DATA] ENAUSDT | now=0.0900 | entry=0.0897 | PnL=+0.33%
2026-06-19 08:47:09,654 [INFO] [DATA] UNIUSDT | now=3.0600 | entry=3.3250 | PnL=-7.97%
2026-06-19 08:47:09,774 [INFO] [DATA] ONDOUSDT | now=0.3552 | entry=0.3626 | PnL=-2.04%
2026-06-19 08:47:09,894 [INFO] [DATA] UUSDT | now=1.0008 | entry=1.0009 | PnL=-0.01%
2026-06-19 08:47:10,014 [INFO] [DATA] SYNUSDT | now=0.1173 | entry=0.1178 | PnL=-0.42%
2026-06-19 08:47:10,014 [INFO] [INVENTORY] 9/10 slots used — 1 vacant.
2026-06-19 08:47:10,134 [INFO] [LIQUIDITY] Free USDT: $2.24
2026-06-19 08:47:10,134 [INFO] [STANDBY] Insufficient USDT (need $10.00).
2026-06-19 08:47:10,134 [INFO] [SLEEP] Sleeping for 120s…
2026-06-19 08:49:10,145 [INFO] ======================================================================
2026-06-19 08:49:10,145 [INFO] [LOOP] Cycle #64 | 2026-06-19 08:49:10
2026-06-19 08:49:10,145 [INFO] [MONITOR] Evaluating 9 open positions…
2026-06-19 08:49:10,255 [INFO] [DATA] TRXUSDT | now=0.3212 | entry=0.3173 | PnL=+1.23%
2026-06-19 08:49:10,374 [INFO] [DATA] RLUSDUSDT | now=1.0009 | entry=1.0008 | PnL=+0.01%
2026-06-19 08:49:10,495 [INFO] [DATA] WLDUSDT | now=0.6308 | entry=0.6348 | PnL=-0.63%
2026-06-19 08:49:10,615 [INFO] [DATA] XLMUSDT | now=0.2284 | entry=0.2262 | PnL=+0.97%
2026-06-19 08:49:10,735 [INFO] [DATA] ENAUSDT | now=0.0900 | entry=0.0897 | PnL=+0.33%
2026-06-19 08:49:10,855 [INFO] [DATA] UNIUSDT | now=3.0670 | entry=3.3250 | PnL=-7.76%
2026-06-19 08:49:10,975 [INFO] [DATA] ONDOUSDT | now=0.3559 | entry=0.3626 | PnL=-1.85%
2026-06-19 08:49:11,080 [INFO] [DATA] UUSDT | now=1.0008 | entry=1.0009 | PnL=-0.01%
2026-06-19 08:49:11,200 [INFO] [DATA] SYNUSDT | now=0.1168 | entry=0.1178 | PnL=-0.85%
2026-06-19 08:49:11,200 [INFO] [INVENTORY] 9/10 slots used — 1 vacant.
2026-06-19 08:49:11,320 [INFO] [LIQUIDITY] Free USDT: $2.24
2026-06-19 08:49:11,320 [INFO] [STANDBY] Insufficient USDT (need $10.00).
2026-06-19 08:49:11,320 [INFO] [SLEEP] Sleeping for 120s…
2026-06-19 08:51:11,335 [INFO] ======================================================================
2026-06-19 08:51:11,335 [INFO] [LOOP] Cycle #65 | 2026-06-19 08:51:11
2026-06-19 08:51:11,335 [INFO] [MONITOR] Evaluating 9 open positions…
2026-06-19 08:51:11,445 [INFO] [DATA] TRXUSDT | now=0.3212 | entry=0.3173 | PnL=+1.23%
2026-06-19 08:51:11,574 [INFO] [DATA] RLUSDUSDT | now=1.0009 | entry=1.0008 | PnL=+0.01%
2026-06-19 08:51:11,688 [INFO] [DATA] WLDUSDT | now=0.6321 | entry=0.6348 | PnL=-0.43%
2026-06-19 08:51:11,806 [INFO] [DATA] XLMUSDT | now=0.2281 | entry=0.2262 | PnL=+0.84%
2026-06-19 08:51:11,922 [INFO] [DATA] ENAUSDT | now=0.0905 | entry=0.0897 | PnL=+0.89%
2026-06-19 08:51:12,040 [INFO] [DATA] UNIUSDT | now=3.0790 | entry=3.3250 | PnL=-7.40%
2026-06-19 08:51:12,155 [INFO] [DATA] ONDOUSDT | now=0.3576 | entry=0.3626 | PnL=-1.38%
2026-06-19 08:51:12,274 [INFO] [DATA] UUSDT | now=1.0008 | entry=1.0009 | PnL=-0.01%
2026-06-19 08:51:12,388 [INFO] [DATA] SYNUSDT | now=0.1163 | entry=0.1178 | PnL=-1.27%
2026-06-19 08:51:12,388 [INFO] [INVENTORY] 9/10 slots used — 1 vacant.
2026-06-19 08:51:12,507 [INFO] [LIQUIDITY] Free USDT: $2.24
2026-06-19 08:51:12,522 [INFO] [STANDBY] Insufficient USDT (need $10.00).
2026-06-19 08:51:12,522 [INFO] [SLEEP] Sleeping for 120s…
2026-06-19 08:53:12,523 [INFO] ======================================================================
2026-06-19 08:53:12,523 [INFO] [LOOP] Cycle #66 | 2026-06-19 08:53:12
2026-06-19 08:53:12,523 [INFO] [MONITOR] Evaluating 9 open positions…
2026-06-19 08:53:12,641 [INFO] [DATA] TRXUSDT | now=0.3213 | entry=0.3173 | PnL=+1.26%
2026-06-19 08:53:12,748 [INFO] [DATA] RLUSDUSDT | now=1.0008 | entry=1.0008 | PnL=+0.00%
2026-06-19 08:53:12,875 [INFO] [DATA] WLDUSDT | now=0.6348 | entry=0.6348 | PnL=+0.00%
2026-06-19 08:53:12,995 [INFO] [DATA] XLMUSDT | now=0.2287 | entry=0.2262 | PnL=+1.11%
2026-06-19 08:53:13,114 [INFO] [DATA] ENAUSDT | now=0.0907 | entry=0.0897 | PnL=+1.11%
2026-06-19 08:53:13,229 [INFO] [DATA] UNIUSDT | now=3.0690 | entry=3.3250 | PnL=-7.70%
2026-06-19 08:53:13,345 [INFO] [DATA] ONDOUSDT | now=0.3588 | entry=0.3626 | PnL=-1.05%
2026-06-19 08:53:13,463 [INFO] [DATA] UUSDT | now=1.0008 | entry=1.0009 | PnL=-0.01%
2026-06-19 08:53:13,586 [INFO] [DATA] SYNUSDT | now=0.1169 | entry=0.1178 | PnL=-0.76%
2026-06-19 08:53:13,586 [INFO] [INVENTORY] 9/10 slots used — 1 vacant.
2026-06-19 08:53:13,704 [INFO] [LIQUIDITY] Free USDT: $2.24
2026-06-19 08:53:13,704 [INFO] [STANDBY] Insufficient USDT (need $10.00).
2026-06-19 08:53:13,704 [INFO] [SLEEP] Sleeping for 120s…
2026-06-19 08:55:13,712 [INFO] ======================================================================
2026-06-19 08:55:13,712 [INFO] [LOOP] Cycle #67 | 2026-06-19 08:55:13
2026-06-19 08:55:13,712 [INFO] [MONITOR] Evaluating 9 open positions…
2026-06-19 08:55:13,835 [INFO] [DATA] TRXUSDT | now=0.3213 | entry=0.3173 | PnL=+1.26%
2026-06-19 08:55:13,951 [INFO] [DATA] RLUSDUSDT | now=1.0009 | entry=1.0008 | PnL=+0.01%
2026-06-19 08:55:14,067 [INFO] [DATA] WLDUSDT | now=0.6381 | entry=0.6348 | PnL=+0.52%
2026-06-19 08:55:14,185 [INFO] [DATA] XLMUSDT | now=0.2290 | entry=0.2262 | PnL=+1.24%
2026-06-19 08:55:14,301 [INFO] [DATA] ENAUSDT | now=0.0909 | entry=0.0897 | PnL=+1.34%
2026-06-19 08:55:14,424 [INFO] [DATA] UNIUSDT | now=3.0780 | entry=3.3250 | PnL=-7.43%
2026-06-19 08:55:14,541 [INFO] [DATA] ONDOUSDT | now=0.3596 | entry=0.3626 | PnL=-0.83%
2026-06-19 08:55:14,658 [INFO] [DATA] UUSDT | now=1.0009 | entry=1.0009 | PnL=+0.00%
2026-06-19 08:55:14,779 [INFO] [DATA] SYNUSDT | now=0.1172 | entry=0.1178 | PnL=-0.51%
2026-06-19 08:55:14,779 [INFO] [INVENTORY] 9/10 slots used — 1 vacant.
2026-06-19 08:55:14,897 [INFO] [LIQUIDITY] Free USDT: $2.24
2026-06-19 08:55:14,897 [INFO] [STANDBY] Insufficient USDT (need $10.00).
2026-06-19 08:55:14,897 [INFO] [SLEEP] Sleeping for 120s…
2026-06-19 08:57:14,907 [INFO] ======================================================================
2026-06-19 08:57:14,907 [INFO] [LOOP] Cycle #68 | 2026-06-19 08:57:14
2026-06-19 08:57:14,907 [INFO] [MONITOR] Evaluating 9 open positions…
2026-06-19 08:57:15,026 [INFO] [DATA] TRXUSDT | now=0.3215 | entry=0.3173 | PnL=+1.32%
2026-06-19 08:57:15,140 [INFO] [DATA] RLUSDUSDT | now=1.0009 | entry=1.0008 | PnL=+0.01%
2026-06-19 08:57:15,256 [INFO] [DATA] WLDUSDT | now=0.6395 | entry=0.6348 | PnL=+0.74%
2026-06-19 08:57:15,378 [INFO] [DATA] XLMUSDT | now=0.2299 | entry=0.2262 | PnL=+1.64%
2026-06-19 08:57:15,495 [INFO] [DATA] ENAUSDT | now=0.0910 | entry=0.0897 | PnL=+1.45%
2026-06-19 08:57:15,605 [INFO] [DATA] UNIUSDT | now=3.0760 | entry=3.3250 | PnL=-7.49%
2026-06-19 08:57:15,729 [INFO] [DATA] ONDOUSDT | now=0.3600 | entry=0.3626 | PnL=-0.72%
2026-06-19 08:57:15,847 [INFO] [DATA] UUSDT | now=1.0009 | entry=1.0009 | PnL=+0.00%
2026-06-19 08:57:15,967 [INFO] [DATA] SYNUSDT | now=0.1181 | entry=0.1178 | PnL=+0.25%
2026-06-19 08:57:15,967 [INFO] [INVENTORY] 9/10 slots used — 1 vacant.
2026-06-19 08:57:16,082 [INFO] [LIQUIDITY] Free USDT: $2.24
2026-06-19 08:57:16,082 [INFO] [STANDBY] Insufficient USDT (need $10.00).
2026-06-19 08:57:16,082 [INFO] [SLEEP] Sleeping for 120s…
2026-06-19 08:59:16,093 [INFO] ======================================================================
2026-06-19 08:59:16,093 [INFO] [LOOP] Cycle #69 | 2026-06-19 08:59:16
2026-06-19 08:59:16,093 [INFO] [MONITOR] Evaluating 9 open positions…
2026-06-19 08:59:16,212 [INFO] [DATA] TRXUSDT | now=0.3215 | entry=0.3173 | PnL=+1.32%
2026-06-19 08:59:16,316 [INFO] [DATA] RLUSDUSDT | now=1.0009 | entry=1.0008 | PnL=+0.01%
2026-06-19 08:59:16,445 [INFO] [DATA] WLDUSDT | now=0.6406 | entry=0.6348 | PnL=+0.91%
2026-06-19 08:59:16,560 [INFO] [DATA] XLMUSDT | now=0.2299 | entry=0.2262 | PnL=+1.64%
2026-06-19 08:59:16,682 [INFO] [DATA] ENAUSDT | now=0.0910 | entry=0.0897 | PnL=+1.45%
2026-06-19 08:59:16,798 [INFO] [DATA] UNIUSDT | now=3.0810 | entry=3.3250 | PnL=-7.34%
2026-06-19 08:59:16,924 [INFO] [DATA] ONDOUSDT | now=0.3597 | entry=0.3626 | PnL=-0.80%
2026-06-19 08:59:17,040 [INFO] [DATA] UUSDT | now=1.0009 | entry=1.0009 | PnL=+0.00%
2026-06-19 08:59:17,161 [INFO] [DATA] SYNUSDT | now=0.1174 | entry=0.1178 | PnL=-0.34%
2026-06-19 08:59:17,161 [INFO] [INVENTORY] 9/10 slots used — 1 vacant.
2026-06-19 08:59:17,278 [INFO] [LIQUIDITY] Free USDT: $2.24
2026-06-19 08:59:17,278 [INFO] [STANDBY] Insufficient USDT (need $10.00).
2026-06-19 08:59:17,278 [INFO] [SLEEP] Sleeping for 120s…
2026-06-19 09:01:17,293 [INFO] ======================================================================
2026-06-19 09:01:17,293 [INFO] [LOOP] Cycle #70 | 2026-06-19 09:01:17
2026-06-19 09:01:17,293 [INFO] [MONITOR] Evaluating 9 open positions…
2026-06-19 09:01:17,418 [INFO] [DATA] TRXUSDT | now=0.3215 | entry=0.3173 | PnL=+1.32%
2026-06-19 09:01:17,530 [INFO] [DATA] RLUSDUSDT | now=1.0009 | entry=1.0008 | PnL=+0.01%
2026-06-19 09:01:17,652 [INFO] [DATA] WLDUSDT | now=0.6389 | entry=0.6348 | PnL=+0.65%
2026-06-19 09:01:17,770 [INFO] [DATA] XLMUSDT | now=0.2291 | entry=0.2262 | PnL=+1.28%
2026-06-19 09:01:17,886 [INFO] [DATA] ENAUSDT | now=0.0908 | entry=0.0897 | PnL=+1.23%
2026-06-19 09:01:18,012 [INFO] [DATA] UNIUSDT | now=3.0710 | entry=3.3250 | PnL=-7.64%
2026-06-19 09:01:18,134 [INFO] [DATA] ONDOUSDT | now=0.3593 | entry=0.3626 | PnL=-0.91%
2026-06-19 09:01:18,251 [INFO] [DATA] UUSDT | now=1.0008 | entry=1.0009 | PnL=-0.01%
2026-06-19 09:01:18,367 [INFO] [DATA] SYNUSDT | now=0.1165 | entry=0.1178 | PnL=-1.10%
2026-06-19 09:01:18,367 [INFO] [INVENTORY] 9/10 slots used — 1 vacant.
2026-06-19 09:01:18,493 [INFO] [LIQUIDITY] Free USDT: $2.24
2026-06-19 09:01:18,493 [INFO] [STANDBY] Insufficient USDT (need $10.00).
2026-06-19 09:01:18,493 [INFO] [SLEEP] Sleeping for 120s…
2026-06-19 09:03:18,497 [INFO] ======================================================================
2026-06-19 09:03:18,497 [INFO] [LOOP] Cycle #71 | 2026-06-19 09:03:18
2026-06-19 09:03:18,497 [INFO] [MONITOR] Evaluating 9 open positions…
2026-06-19 09:03:18,617 [INFO] [DATA] TRXUSDT | now=0.3215 | entry=0.3173 | PnL=+1.32%
2026-06-19 09:03:18,730 [INFO] [DATA] RLUSDUSDT | now=1.0008 | entry=1.0008 | PnL=+0.00%
2026-06-19 09:03:18,846 [INFO] [DATA] WLDUSDT | now=0.6418 | entry=0.6348 | PnL=+1.10%
2026-06-19 09:03:18,959 [INFO] [DATA] XLMUSDT | now=0.2284 | entry=0.2262 | PnL=+0.97%
2026-06-19 09:03:19,089 [INFO] [DATA] ENAUSDT | now=0.0908 | entry=0.0897 | PnL=+1.23%
2026-06-19 09:03:19,205 [INFO] [DATA] UNIUSDT | now=3.0710 | entry=3.3250 | PnL=-7.64%
2026-06-19 09:03:19,325 [INFO] [DATA] ONDOUSDT | now=0.3593 | entry=0.3626 | PnL=-0.91%
2026-06-19 09:03:19,441 [INFO] [DATA] UUSDT | now=1.0008 | entry=1.0009 | PnL=-0.01%
2026-06-19 09:03:19,559 [INFO] [DATA] SYNUSDT | now=0.1180 | entry=0.1178 | PnL=+0.17%
2026-06-19 09:03:19,559 [INFO] [INVENTORY] 9/10 slots used — 1 vacant.
2026-06-19 09:03:19,680 [INFO] [LIQUIDITY] Free USDT: $2.24
2026-06-19 09:03:19,680 [INFO] [STANDBY] Insufficient USDT (need $10.00).
2026-06-19 09:03:19,680 [INFO] [SLEEP] Sleeping for 120s…
2026-06-19 09:05:19,688 [INFO] ======================================================================
2026-06-19 09:05:19,688 [INFO] [LOOP] Cycle #72 | 2026-06-19 09:05:19
2026-06-19 09:05:19,688 [INFO] [MONITOR] Evaluating 9 open positions…
2026-06-19 09:05:19,806 [INFO] [DATA] TRXUSDT | now=0.3215 | entry=0.3173 | PnL=+1.32%
2026-06-19 09:05:19,924 [INFO] [DATA] RLUSDUSDT | now=1.0008 | entry=1.0008 | PnL=+0.00%
2026-06-19 09:05:20,041 [INFO] [DATA] WLDUSDT | now=0.6405 | entry=0.6348 | PnL=+0.90%
2026-06-19 09:05:20,158 [INFO] [DATA] XLMUSDT | now=0.2283 | entry=0.2262 | PnL=+0.93%
2026-06-19 09:05:20,285 [INFO] [DATA] ENAUSDT | now=0.0906 | entry=0.0897 | PnL=+1.00%
2026-06-19 09:05:20,400 [INFO] [DATA] UNIUSDT | now=3.0680 | entry=3.3250 | PnL=-7.73%
2026-06-19 09:05:20,528 [INFO] [DATA] ONDOUSDT | now=0.3590 | entry=0.3626 | PnL=-0.99%
2026-06-19 09:05:20,650 [INFO] [DATA] UUSDT | now=1.0008 | entry=1.0009 | PnL=-0.01%
2026-06-19 09:05:20,754 [INFO] [DATA] SYNUSDT | now=0.1193 | entry=0.1178 | PnL=+1.27%
2026-06-19 09:05:20,754 [INFO] [INVENTORY] 9/10 slots used — 1 vacant.
2026-06-19 09:05:20,880 [INFO] [LIQUIDITY] Free USDT: $2.24
2026-06-19 09:05:20,880 [INFO] [STANDBY] Insufficient USDT (need $10.00).
2026-06-19 09:05:20,880 [INFO] [SLEEP] Sleeping for 120s…
2026-06-19 09:07:20,889 [INFO] ======================================================================
2026-06-19 09:07:20,889 [INFO] [LOOP] Cycle #73 | 2026-06-19 09:07:20
2026-06-19 09:07:20,889 [INFO] [MONITOR] Evaluating 9 open positions…
2026-06-19 09:07:21,008 [INFO] [DATA] TRXUSDT | now=0.3215 | entry=0.3173 | PnL=+1.32%
2026-06-19 09:07:21,121 [INFO] [DATA] RLUSDUSDT | now=1.0008 | entry=1.0008 | PnL=+0.00%
2026-06-19 09:07:21,242 [INFO] [DATA] WLDUSDT | now=0.6404 | entry=0.6348 | PnL=+0.88%
2026-06-19 09:07:21,362 [INFO] [DATA] XLMUSDT | now=0.2285 | entry=0.2262 | PnL=+1.02%
2026-06-19 09:07:21,479 [INFO] [DATA] ENAUSDT | now=0.0905 | entry=0.0897 | PnL=+0.89%
2026-06-19 09:07:21,601 [INFO] [DATA] UNIUSDT | now=3.0640 | entry=3.3250 | PnL=-7.85%
2026-06-19 09:07:21,716 [INFO] [DATA] ONDOUSDT | now=0.3580 | entry=0.3626 | PnL=-1.27%
2026-06-19 09:07:21,838 [INFO] [DATA] UUSDT | now=1.0008 | entry=1.0009 | PnL=-0.01%
2026-06-19 09:07:21,954 [INFO] [DATA] SYNUSDT | now=0.1164 | entry=0.1178 | PnL=-1.19%
2026-06-19 09:07:21,954 [INFO] [INVENTORY] 9/10 slots used — 1 vacant.
2026-06-19 09:07:22,072 [INFO] [LIQUIDITY] Free USDT: $2.24
2026-06-19 09:07:22,072 [INFO] [STANDBY] Insufficient USDT (need $10.00).
2026-06-19 09:07:22,072 [INFO] [SLEEP] Sleeping for 120s…
2026-06-19 09:09:22,084 [INFO] ======================================================================
2026-06-19 09:09:22,084 [INFO] [LOOP] Cycle #74 | 2026-06-19 09:09:22
2026-06-19 09:09:22,084 [INFO] [MONITOR] Evaluating 9 open positions…
2026-06-19 09:09:22,204 [INFO] [DATA] TRXUSDT | now=0.3213 | entry=0.3173 | PnL=+1.26%
2026-06-19 09:09:22,320 [INFO] [DATA] RLUSDUSDT | now=1.0008 | entry=1.0008 | PnL=+0.00%
2026-06-19 09:09:22,434 [INFO] [DATA] WLDUSDT | now=0.6386 | entry=0.6348 | PnL=+0.60%
2026-06-19 09:09:22,562 [INFO] [DATA] XLMUSDT | now=0.2279 | entry=0.2262 | PnL=+0.75%
2026-06-19 09:09:22,677 [INFO] [DATA] ENAUSDT | now=0.0903 | entry=0.0897 | PnL=+0.67%
2026-06-19 09:09:22,796 [INFO] [DATA] UNIUSDT | now=3.0620 | entry=3.3250 | PnL=-7.91%
2026-06-19 09:09:22,921 [INFO] [DATA] ONDOUSDT | now=0.3571 | entry=0.3626 | PnL=-1.52%
2026-06-19 09:09:23,043 [INFO] [DATA] UUSDT | now=1.0009 | entry=1.0009 | PnL=+0.00%
2026-06-19 09:09:23,164 [INFO] [DATA] SYNUSDT | now=0.1160 | entry=0.1178 | PnL=-1.53%
2026-06-19 09:09:23,164 [INFO] [INVENTORY] 9/10 slots used — 1 vacant.
2026-06-19 09:09:23,282 [INFO] [LIQUIDITY] Free USDT: $2.24
2026-06-19 09:09:23,282 [INFO] [STANDBY] Insufficient USDT (need $10.00).
2026-06-19 09:09:23,282 [INFO] [SLEEP] Sleeping for 120s…
2026-06-19 09:11:23,288 [INFO] ======================================================================
2026-06-19 09:11:23,288 [INFO] [LOOP] Cycle #75 | 2026-06-19 09:11:23
2026-06-19 09:11:23,288 [INFO] [MONITOR] Evaluating 9 open positions…
2026-06-19 09:11:23,412 [INFO] [DATA] TRXUSDT | now=0.3213 | entry=0.3173 | PnL=+1.26%
2026-06-19 09:11:23,526 [INFO] [DATA] RLUSDUSDT | now=1.0009 | entry=1.0008 | PnL=+0.01%
2026-06-19 09:11:23,649 [INFO] [DATA] WLDUSDT | now=0.6421 | entry=0.6348 | PnL=+1.15%
2026-06-19 09:11:23,753 [INFO] [DATA] XLMUSDT | now=0.2285 | entry=0.2262 | PnL=+1.02%
2026-06-19 09:11:23,877 [INFO] [DATA] ENAUSDT | now=0.0906 | entry=0.0897 | PnL=+1.00%
2026-06-19 09:11:23,995 [INFO] [DATA] UNIUSDT | now=3.0700 | entry=3.3250 | PnL=-7.67%
2026-06-19 09:11:24,121 [INFO] [DATA] ONDOUSDT | now=0.3583 | entry=0.3626 | PnL=-1.19%
2026-06-19 09:11:24,239 [INFO] [DATA] UUSDT | now=1.0009 | entry=1.0009 | PnL=+0.00%
2026-06-19 09:11:24,354 [INFO] [DATA] SYNUSDT | now=0.1171 | entry=0.1178 | PnL=-0.59%
2026-06-19 09:11:24,354 [INFO] [INVENTORY] 9/10 slots used — 1 vacant.
2026-06-19 09:11:24,478 [INFO] [LIQUIDITY] Free USDT: $2.24
2026-06-19 09:11:24,478 [INFO] [STANDBY] Insufficient USDT (need $10.00).
2026-06-19 09:11:24,478 [INFO] [SLEEP] Sleeping for 120s…
2026-06-19 09:13:24,487 [INFO] ======================================================================
2026-06-19 09:13:24,487 [INFO] [LOOP] Cycle #76 | 2026-06-19 09:13:24
2026-06-19 09:13:24,488 [INFO] [MONITOR] Evaluating 9 open positions…
2026-06-19 09:13:24,604 [INFO] [DATA] TRXUSDT | now=0.3213 | entry=0.3173 | PnL=+1.26%
2026-06-19 09:13:24,713 [INFO] [DATA] RLUSDUSDT | now=1.0009 | entry=1.0008 | PnL=+0.01%
2026-06-19 09:13:24,836 [INFO] [DATA] WLDUSDT | now=0.6448 | entry=0.6348 | PnL=+1.58%
2026-06-19 09:13:24,952 [INFO] [DATA] XLMUSDT | now=0.2283 | entry=0.2262 | PnL=+0.93%
2026-06-19 09:13:25,073 [INFO] [DATA] ENAUSDT | now=0.0906 | entry=0.0897 | PnL=+1.00%
2026-06-19 09:13:25,191 [INFO] [DATA] UNIUSDT | now=3.0690 | entry=3.3250 | PnL=-7.70%
2026-06-19 09:13:25,312 [INFO] [DATA] ONDOUSDT | now=0.3587 | entry=0.3626 | PnL=-1.08%
2026-06-19 09:13:25,428 [INFO] [DATA] UUSDT | now=1.0008 | entry=1.0009 | PnL=-0.01%
2026-06-19 09:13:25,546 [INFO] [DATA] SYNUSDT | now=0.1173 | entry=0.1178 | PnL=-0.42%
2026-06-19 09:13:25,546 [INFO] [INVENTORY] 9/10 slots used — 1 vacant.
2026-06-19 09:13:25,668 [INFO] [LIQUIDITY] Free USDT: $2.24
2026-06-19 09:13:25,668 [INFO] [STANDBY] Insufficient USDT (need $10.00).
2026-06-19 09:13:25,668 [INFO] [SLEEP] Sleeping for 120s…
2026-06-19 09:15:25,677 [INFO] ======================================================================
2026-06-19 09:15:25,677 [INFO] [LOOP] Cycle #77 | 2026-06-19 09:15:25
2026-06-19 09:15:25,677 [INFO] [MONITOR] Evaluating 9 open positions…
2026-06-19 09:15:25,787 [INFO] [DATA] TRXUSDT | now=0.3211 | entry=0.3173 | PnL=+1.20%
2026-06-19 09:15:25,913 [INFO] [DATA] RLUSDUSDT | now=1.0008 | entry=1.0008 | PnL=+0.00%
2026-06-19 09:15:26,031 [INFO] [DATA] WLDUSDT | now=0.6423 | entry=0.6348 | PnL=+1.18%
2026-06-19 09:15:26,147 [INFO] [DATA] XLMUSDT | now=0.2281 | entry=0.2262 | PnL=+0.84%
2026-06-19 09:15:26,265 [INFO] [DATA] ENAUSDT | now=0.0903 | entry=0.0897 | PnL=+0.67%
2026-06-19 09:15:26,381 [INFO] [DATA] UNIUSDT | now=3.0640 | entry=3.3250 | PnL=-7.85%
2026-06-19 09:15:26,502 [INFO] [DATA] ONDOUSDT | now=0.3582 | entry=0.3626 | PnL=-1.21%
2026-06-19 09:15:26,615 [INFO] [DATA] UUSDT | now=1.0008 | entry=1.0009 | PnL=-0.01%
2026-06-19 09:15:26,746 [INFO] [DATA] SYNUSDT | now=0.1171 | entry=0.1178 | PnL=-0.59%
2026-06-19 09:15:26,746 [INFO] [INVENTORY] 9/10 slots used — 1 vacant.
2026-06-19 09:15:26,863 [INFO] [LIQUIDITY] Free USDT: $2.24
2026-06-19 09:15:26,863 [INFO] [STANDBY] Insufficient USDT (need $10.00).
2026-06-19 09:15:26,863 [INFO] [SLEEP] Sleeping for 120s…
2026-06-19 09:17:26,871 [INFO] ======================================================================
2026-06-19 09:17:26,871 [INFO] [LOOP] Cycle #78 | 2026-06-19 09:17:26
2026-06-19 09:17:26,871 [INFO] [MONITOR] Evaluating 9 open positions…
2026-06-19 09:17:26,992 [INFO] [DATA] TRXUSDT | now=0.3211 | entry=0.3173 | PnL=+1.20%
2026-06-19 09:17:27,104 [INFO] [DATA] RLUSDUSDT | now=1.0009 | entry=1.0008 | PnL=+0.01%
2026-06-19 09:17:27,224 [INFO] [DATA] WLDUSDT | now=0.6422 | entry=0.6348 | PnL=+1.17%
2026-06-19 09:17:27,350 [INFO] [DATA] XLMUSDT | now=0.2278 | entry=0.2262 | PnL=+0.71%
2026-06-19 09:17:27,466 [INFO] [DATA] ENAUSDT | now=0.0904 | entry=0.0897 | PnL=+0.78%
2026-06-19 09:17:27,583 [INFO] [DATA] UNIUSDT | now=3.0700 | entry=3.3250 | PnL=-7.67%
2026-06-19 09:17:27,709 [INFO] [DATA] ONDOUSDT | now=0.3581 | entry=0.3626 | PnL=-1.24%
2026-06-19 09:17:27,825 [INFO] [DATA] UUSDT | now=1.0007 | entry=1.0009 | PnL=-0.02%
2026-06-19 09:17:27,952 [INFO] [DATA] SYNUSDT | now=0.1184 | entry=0.1178 | PnL=+0.51%
2026-06-19 09:17:27,952 [INFO] [INVENTORY] 9/10 slots used — 1 vacant.
2026-06-19 09:17:28,068 [INFO] [LIQUIDITY] Free USDT: $2.24
2026-06-19 09:17:28,068 [INFO] [STANDBY] Insufficient USDT (need $10.00).
2026-06-19 09:17:28,068 [INFO] [SLEEP] Sleeping for 120s…
2026-06-19 09:19:28,079 [INFO] ======================================================================
2026-06-19 09:19:28,079 [INFO] [LOOP] Cycle #79 | 2026-06-19 09:19:28
2026-06-19 09:19:28,079 [INFO] [MONITOR] Evaluating 9 open positions…
2026-06-19 09:19:28,200 [INFO] [DATA] TRXUSDT | now=0.3213 | entry=0.3173 | PnL=+1.26%
2026-06-19 09:19:28,310 [INFO] [DATA] RLUSDUSDT | now=1.0009 | entry=1.0008 | PnL=+0.01%
2026-06-19 09:19:28,433 [INFO] [DATA] WLDUSDT | now=0.6412 | entry=0.6348 | PnL=+1.01%
2026-06-19 09:19:28,553 [INFO] [DATA] XLMUSDT | now=0.2266 | entry=0.2262 | PnL=+0.18%
2026-06-19 09:19:28,669 [INFO] [DATA] ENAUSDT | now=0.0902 | entry=0.0897 | PnL=+0.56%
2026-06-19 09:19:28,796 [INFO] [DATA] UNIUSDT | now=3.0680 | entry=3.3250 | PnL=-7.73%
2026-06-19 09:19:28,913 [INFO] [DATA] ONDOUSDT | now=0.3577 | entry=0.3626 | PnL=-1.35%
2026-06-19 09:19:29,033 [INFO] [DATA] UUSDT | now=1.0007 | entry=1.0009 | PnL=-0.02%
2026-06-19 09:19:29,151 [INFO] [DATA] SYNUSDT | now=0.1194 | entry=0.1178 | PnL=+1.36%
2026-06-19 09:19:29,151 [INFO] [INVENTORY] 9/10 slots used — 1 vacant.
2026-06-19 09:19:29,268 [INFO] [LIQUIDITY] Free USDT: $2.24
2026-06-19 09:19:29,268 [INFO] [STANDBY] Insufficient USDT (need $10.00).
2026-06-19 09:19:29,268 [INFO] [SLEEP] Sleeping for 120s…
2026-06-19 09:21:29,280 [INFO] ======================================================================
2026-06-19 09:21:29,280 [INFO] [LOOP] Cycle #80 | 2026-06-19 09:21:29
2026-06-19 09:21:29,280 [INFO] [MONITOR] Evaluating 9 open positions…
2026-06-19 09:21:29,398 [INFO] [DATA] TRXUSDT | now=0.3213 | entry=0.3173 | PnL=+1.26%
2026-06-19 09:21:29,503 [INFO] [DATA] RLUSDUSDT | now=1.0009 | entry=1.0008 | PnL=+0.01%
2026-06-19 09:21:29,632 [INFO] [DATA] WLDUSDT | now=0.6424 | entry=0.6348 | PnL=+1.20%
2026-06-19 09:21:29,739 [INFO] [DATA] XLMUSDT | now=0.2269 | entry=0.2262 | PnL=+0.31%
2026-06-19 09:21:29,864 [INFO] [DATA] ENAUSDT | now=0.0905 | entry=0.0897 | PnL=+0.89%
2026-06-19 09:21:29,980 [INFO] [DATA] UNIUSDT | now=3.0750 | entry=3.3250 | PnL=-7.52%
2026-06-19 09:21:30,104 [INFO] [DATA] ONDOUSDT | now=0.3584 | entry=0.3626 | PnL=-1.16%
2026-06-19 09:21:30,220 [INFO] [DATA] UUSDT | now=1.0008 | entry=1.0009 | PnL=-0.01%
2026-06-19 09:21:30,343 [INFO] [DATA] SYNUSDT | now=0.1200 | entry=0.1178 | PnL=+1.87%
2026-06-19 09:21:30,343 [INFO] [INVENTORY] 9/10 slots used — 1 vacant.
2026-06-19 09:21:30,462 [INFO] [LIQUIDITY] Free USDT: $2.24
2026-06-19 09:21:30,462 [INFO] [STANDBY] Insufficient USDT (need $10.00).
2026-06-19 09:21:30,462 [INFO] [SLEEP] Sleeping for 120s…
2026-06-19 09:23:30,473 [INFO] ======================================================================
2026-06-19 09:23:30,473 [INFO] [LOOP] Cycle #81 | 2026-06-19 09:23:30
2026-06-19 09:23:30,473 [INFO] [MONITOR] Evaluating 9 open positions…
2026-06-19 09:23:30,597 [INFO] [DATA] TRXUSDT | now=0.3213 | entry=0.3173 | PnL=+1.26%
2026-06-19 09:23:30,712 [INFO] [DATA] RLUSDUSDT | now=1.0009 | entry=1.0008 | PnL=+0.01%
2026-06-19 09:23:30,828 [INFO] [DATA] WLDUSDT | now=0.6448 | entry=0.6348 | PnL=+1.58%
2026-06-19 09:23:30,951 [INFO] [DATA] XLMUSDT | now=0.2265 | entry=0.2262 | PnL=+0.13%
2026-06-19 09:23:31,067 [INFO] [DATA] ENAUSDT | now=0.0906 | entry=0.0897 | PnL=+1.00%
2026-06-19 09:23:31,191 [INFO] [DATA] UNIUSDT | now=3.0710 | entry=3.3250 | PnL=-7.64%
2026-06-19 09:23:31,308 [INFO] [DATA] ONDOUSDT | now=0.3587 | entry=0.3626 | PnL=-1.08%
2026-06-19 09:23:31,432 [INFO] [DATA] UUSDT | now=1.0007 | entry=1.0009 | PnL=-0.02%
2026-06-19 09:23:31,548 [INFO] [DATA] SYNUSDT | now=0.1201 | entry=0.1178 | PnL=+1.95%
2026-06-19 09:23:31,548 [INFO] [INVENTORY] 9/10 slots used — 1 vacant.
2026-06-19 09:23:31,666 [INFO] [LIQUIDITY] Free USDT: $2.24
2026-06-19 09:23:31,666 [INFO] [STANDBY] Insufficient USDT (need $10.00).
2026-06-19 09:23:31,666 [INFO] [SLEEP] Sleeping for 120s…
2026-06-19 09:25:31,677 [INFO] ======================================================================
2026-06-19 09:25:31,677 [INFO] [LOOP] Cycle #82 | 2026-06-19 09:25:31
2026-06-19 09:25:31,677 [INFO] [MONITOR] Evaluating 9 open positions…
2026-06-19 09:25:31,791 [INFO] [DATA] TRXUSDT | now=0.3213 | entry=0.3173 | PnL=+1.26%
2026-06-19 09:25:31,908 [INFO] [DATA] RLUSDUSDT | now=1.0009 | entry=1.0008 | PnL=+0.01%
2026-06-19 09:25:32,018 [INFO] [DATA] WLDUSDT | now=0.6455 | entry=0.6348 | PnL=+1.69%
2026-06-19 09:25:32,145 [INFO] [DATA] XLMUSDT | now=0.2265 | entry=0.2262 | PnL=+0.13%
2026-06-19 09:25:32,266 [INFO] [DATA] ENAUSDT | now=0.0904 | entry=0.0897 | PnL=+0.78%
2026-06-19 09:25:32,393 [INFO] [DATA] UNIUSDT | now=3.0720 | entry=3.3250 | PnL=-7.61%
2026-06-19 09:25:32,510 [INFO] [DATA] ONDOUSDT | now=0.3587 | entry=0.3626 | PnL=-1.08%
2026-06-19 09:25:32,630 [INFO] [DATA] UUSDT | now=1.0008 | entry=1.0009 | PnL=-0.01%
2026-06-19 09:25:32,751 [INFO] [DATA] SYNUSDT | now=0.1194 | entry=0.1178 | PnL=+1.36%
2026-06-19 09:25:32,751 [INFO] [INVENTORY] 9/10 slots used — 1 vacant.
2026-06-19 09:25:32,869 [INFO] [LIQUIDITY] Free USDT: $2.24
2026-06-19 09:25:32,869 [INFO] [STANDBY] Insufficient USDT (need $10.00).
2026-06-19 09:25:32,869 [INFO] [SLEEP] Sleeping for 120s…
2026-06-19 09:27:32,882 [INFO] ======================================================================
2026-06-19 09:27:32,882 [INFO] [LOOP] Cycle #83 | 2026-06-19 09:27:32
2026-06-19 09:27:32,882 [INFO] [MONITOR] Evaluating 9 open positions…
2026-06-19 09:27:32,998 [INFO] [DATA] TRXUSDT | now=0.3213 | entry=0.3173 | PnL=+1.26%
2026-06-19 09:27:33,115 [INFO] [DATA] RLUSDUSDT | now=1.0008 | entry=1.0008 | PnL=+0.00%
2026-06-19 09:27:33,231 [INFO] [DATA] WLDUSDT | now=0.6427 | entry=0.6348 | PnL=+1.24%
2026-06-19 09:27:33,357 [INFO] [DATA] XLMUSDT | now=0.2261 | entry=0.2262 | PnL=-0.04%
2026-06-19 09:27:33,473 [INFO] [DATA] ENAUSDT | now=0.0905 | entry=0.0897 | PnL=+0.89%
2026-06-19 09:27:33,593 [INFO] [DATA] UNIUSDT | now=3.0730 | entry=3.3250 | PnL=-7.58%
2026-06-19 09:27:33,711 [INFO] [DATA] ONDOUSDT | now=0.3585 | entry=0.3626 | PnL=-1.13%
2026-06-19 09:27:33,828 [INFO] [DATA] UUSDT | now=1.0007 | entry=1.0009 | PnL=-0.02%
2026-06-19 09:27:34,141 [INFO] [DATA] SYNUSDT | now=0.1199 | entry=0.1178 | PnL=+1.78%
2026-06-19 09:27:34,141 [INFO] [INVENTORY] 9/10 slots used — 1 vacant.
2026-06-19 09:27:34,257 [INFO] [LIQUIDITY] Free USDT: $2.24
2026-06-19 09:27:34,257 [INFO] [STANDBY] Insufficient USDT (need $10.00).
2026-06-19 09:27:34,257 [INFO] [SLEEP] Sleeping for 120s…
2026-06-19 09:29:34,271 [INFO] ======================================================================
2026-06-19 09:29:34,271 [INFO] [LOOP] Cycle #84 | 2026-06-19 09:29:34
2026-06-19 09:29:34,271 [INFO] [MONITOR] Evaluating 9 open positions…
2026-06-19 09:29:34,390 [INFO] [DATA] TRXUSDT | now=0.3213 | entry=0.3173 | PnL=+1.26%
2026-06-19 09:29:34,494 [INFO] [DATA] RLUSDUSDT | now=1.0008 | entry=1.0008 | PnL=+0.00%
2026-06-19 09:29:34,613 [INFO] [DATA] WLDUSDT | now=0.6416 | entry=0.6348 | PnL=+1.07%
2026-06-19 09:29:34,739 [INFO] [DATA] XLMUSDT | now=0.2264 | entry=0.2262 | PnL=+0.09%
2026-06-19 09:29:34,857 [INFO] [DATA] ENAUSDT | now=0.0905 | entry=0.0897 | PnL=+0.89%
2026-06-19 09:29:34,973 [INFO] [DATA] UNIUSDT | now=3.0620 | entry=3.3250 | PnL=-7.91%
2026-06-19 09:29:35,095 [INFO] [DATA] ONDOUSDT | now=0.3577 | entry=0.3626 | PnL=-1.35%
2026-06-19 09:29:35,220 [INFO] [DATA] UUSDT | now=1.0008 | entry=1.0009 | PnL=-0.01%
2026-06-19 09:29:35,588 [INFO] [DATA] SYNUSDT | now=0.1214 | entry=0.1178 | PnL=+3.06%
2026-06-19 09:29:35,588 [INFO] [INVENTORY] 9/10 slots used — 1 vacant.
2026-06-19 09:29:35,722 [INFO] [LIQUIDITY] Free USDT: $2.24
2026-06-19 09:29:35,722 [INFO] [STANDBY] Insufficient USDT (need $10.00).
2026-06-19 09:29:35,722 [INFO] [SLEEP] Sleeping for 120s…
2026-06-19 09:31:35,724 [INFO] ======================================================================
2026-06-19 09:31:35,724 [INFO] [LOOP] Cycle #85 | 2026-06-19 09:31:35
2026-06-19 09:31:35,724 [INFO] [MONITOR] Evaluating 9 open positions…
2026-06-19 09:31:35,843 [INFO] [DATA] TRXUSDT | now=0.3212 | entry=0.3173 | PnL=+1.23%
2026-06-19 09:31:35,962 [INFO] [DATA] RLUSDUSDT | now=1.0008 | entry=1.0008 | PnL=+0.00%
2026-06-19 09:31:36,084 [INFO] [DATA] WLDUSDT | now=0.6389 | entry=0.6348 | PnL=+0.65%
2026-06-19 09:31:36,201 [INFO] [DATA] XLMUSDT | now=0.2223 | entry=0.2262 | PnL=-1.72%
2026-06-19 09:31:36,320 [INFO] [DATA] ENAUSDT | now=0.0899 | entry=0.0897 | PnL=+0.22%
2026-06-19 09:31:36,436 [INFO] [DATA] UNIUSDT | now=3.0470 | entry=3.3250 | PnL=-8.36%
2026-06-19 09:31:36,557 [INFO] [DATA] ONDOUSDT | now=0.3557 | entry=0.3626 | PnL=-1.90%
2026-06-19 09:31:36,682 [INFO] [DATA] UUSDT | now=1.0007 | entry=1.0009 | PnL=-0.02%
2026-06-19 09:31:36,799 [INFO] [DATA] SYNUSDT | now=0.1205 | entry=0.1178 | PnL=+2.29%
2026-06-19 09:31:36,799 [INFO] [INVENTORY] 9/10 slots used — 1 vacant.
2026-06-19 09:31:36,919 [INFO] [LIQUIDITY] Free USDT: $2.24
2026-06-19 09:31:36,919 [INFO] [STANDBY] Insufficient USDT (need $10.00).
2026-06-19 09:31:36,919 [INFO] [SLEEP] Sleeping for 120s…
2026-06-19 09:33:36,930 [INFO] ======================================================================
2026-06-19 09:33:36,930 [INFO] [LOOP] Cycle #86 | 2026-06-19 09:33:36
2026-06-19 09:33:36,930 [INFO] [MONITOR] Evaluating 9 open positions…
2026-06-19 09:33:37,058 [INFO] [DATA] TRXUSDT | now=0.3211 | entry=0.3173 | PnL=+1.20%
2026-06-19 09:33:37,171 [INFO] [DATA] RLUSDUSDT | now=1.0008 | entry=1.0008 | PnL=+0.00%
2026-06-19 09:33:37,291 [INFO] [DATA] WLDUSDT | now=0.6384 | entry=0.6348 | PnL=+0.57%
2026-06-19 09:33:37,410 [INFO] [DATA] XLMUSDT | now=0.2222 | entry=0.2262 | PnL=-1.77%
2026-06-19 09:33:37,524 [INFO] [DATA] ENAUSDT | now=0.0898 | entry=0.0897 | PnL=+0.11%
2026-06-19 09:33:37,645 [INFO] [DATA] UNIUSDT | now=3.0390 | entry=3.3250 | PnL=-8.60%
2026-06-19 09:33:37,760 [INFO] [DATA] ONDOUSDT | now=0.3555 | entry=0.3626 | PnL=-1.96%
2026-06-19 09:33:37,886 [INFO] [DATA] UUSDT | now=1.0007 | entry=1.0009 | PnL=-0.02%
2026-06-19 09:33:38,002 [INFO] [DATA] SYNUSDT | now=0.1207 | entry=0.1178 | PnL=+2.46%
2026-06-19 09:33:38,002 [INFO] [INVENTORY] 9/10 slots used — 1 vacant.
2026-06-19 09:33:38,119 [INFO] [LIQUIDITY] Free USDT: $2.24
2026-06-19 09:33:38,119 [INFO] [STANDBY] Insufficient USDT (need $10.00).
2026-06-19 09:33:38,119 [INFO] [SLEEP] Sleeping for 120s…
2026-06-19 09:35:38,121 [INFO] ======================================================================
2026-06-19 09:35:38,121 [INFO] [LOOP] Cycle #87 | 2026-06-19 09:35:38
2026-06-19 09:35:38,121 [INFO] [MONITOR] Evaluating 9 open positions…
2026-06-19 09:35:38,240 [INFO] [DATA] TRXUSDT | now=0.3211 | entry=0.3173 | PnL=+1.20%
2026-06-19 09:35:38,361 [INFO] [DATA] RLUSDUSDT | now=1.0009 | entry=1.0008 | PnL=+0.01%
2026-06-19 09:35:38,478 [INFO] [DATA] WLDUSDT | now=0.6384 | entry=0.6348 | PnL=+0.57%
2026-06-19 09:35:38,600 [INFO] [DATA] XLMUSDT | now=0.2225 | entry=0.2262 | PnL=-1.64%
2026-06-19 09:35:38,716 [INFO] [DATA] ENAUSDT | now=0.0901 | entry=0.0897 | PnL=+0.45%
2026-06-19 09:35:38,843 [INFO] [DATA] UNIUSDT | now=3.0480 | entry=3.3250 | PnL=-8.33%
2026-06-19 09:35:38,958 [INFO] [DATA] ONDOUSDT | now=0.3567 | entry=0.3626 | PnL=-1.63%
2026-06-19 09:35:39,080 [INFO] [DATA] UUSDT | now=1.0007 | entry=1.0009 | PnL=-0.02%
2026-06-19 09:35:39,198 [INFO] [DATA] SYNUSDT | now=0.1200 | entry=0.1178 | PnL=+1.87%
2026-06-19 09:35:39,198 [INFO] [INVENTORY] 9/10 slots used — 1 vacant.
2026-06-19 09:35:39,314 [INFO] [LIQUIDITY] Free USDT: $2.24
2026-06-19 09:35:39,314 [INFO] [STANDBY] Insufficient USDT (need $10.00).
2026-06-19 09:35:39,314 [INFO] [SLEEP] Sleeping for 120s…
2026-06-19 09:37:39,327 [INFO] ======================================================================
2026-06-19 09:37:39,327 [INFO] [LOOP] Cycle #88 | 2026-06-19 09:37:39
2026-06-19 09:37:39,327 [INFO] [MONITOR] Evaluating 9 open positions…
2026-06-19 09:37:39,447 [INFO] [DATA] TRXUSDT | now=0.3212 | entry=0.3173 | PnL=+1.23%
2026-06-19 09:37:39,568 [INFO] [DATA] RLUSDUSDT | now=1.0009 | entry=1.0008 | PnL=+0.01%
2026-06-19 09:37:39,684 [INFO] [DATA] WLDUSDT | now=0.6407 | entry=0.6348 | PnL=+0.93%
2026-06-19 09:37:40,000 [INFO] [DATA] XLMUSDT | now=0.2228 | entry=0.2262 | PnL=-1.50%
2026-06-19 09:37:40,122 [INFO] [DATA] ENAUSDT | now=0.0904 | entry=0.0897 | PnL=+0.78%
2026-06-19 09:37:40,238 [INFO] [DATA] UNIUSDT | now=3.0530 | entry=3.3250 | PnL=-8.18%
2026-06-19 09:37:40,360 [INFO] [DATA] ONDOUSDT | now=0.3579 | entry=0.3626 | PnL=-1.30%
2026-06-19 09:37:40,477 [INFO] [DATA] UUSDT | now=1.0007 | entry=1.0009 | PnL=-0.02%
2026-06-19 09:37:40,584 [INFO] [DATA] SYNUSDT | now=0.1203 | entry=0.1178 | PnL=+2.12%
2026-06-19 09:37:40,584 [INFO] [INVENTORY] 9/10 slots used — 1 vacant.
2026-06-19 09:37:40,713 [INFO] [LIQUIDITY] Free USDT: $2.24
2026-06-19 09:37:40,726 [INFO] [STANDBY] Insufficient USDT (need $10.00).
2026-06-19 09:37:40,726 [INFO] [SLEEP] Sleeping for 120s…
2026-06-19 09:39:40,727 [INFO] ======================================================================
2026-06-19 09:39:40,727 [INFO] [LOOP] Cycle #89 | 2026-06-19 09:39:40
2026-06-19 09:39:40,727 [INFO] [MONITOR] Evaluating 9 open positions…
2026-06-19 09:39:40,849 [INFO] [DATA] TRXUSDT | now=0.3212 | entry=0.3173 | PnL=+1.23%
2026-06-19 09:39:40,966 [INFO] [DATA] RLUSDUSDT | now=1.0009 | entry=1.0008 | PnL=+0.01%
2026-06-19 09:39:41,092 [INFO] [DATA] WLDUSDT | now=0.6435 | entry=0.6348 | PnL=+1.37%
2026-06-19 09:39:41,212 [INFO] [DATA] XLMUSDT | now=0.2235 | entry=0.2262 | PnL=-1.19%
2026-06-19 09:39:41,335 [INFO] [DATA] ENAUSDT | now=0.0905 | entry=0.0897 | PnL=+0.89%
2026-06-19 09:39:41,459 [INFO] [DATA] UNIUSDT | now=3.0540 | entry=3.3250 | PnL=-8.15%
2026-06-19 09:39:41,577 [INFO] [DATA] ONDOUSDT | now=0.3594 | entry=0.3626 | PnL=-0.88%
2026-06-19 09:39:41,700 [INFO] [DATA] UUSDT | now=1.0008 | entry=1.0009 | PnL=-0.01%
2026-06-19 09:39:41,817 [INFO] [DATA] SYNUSDT | now=0.1207 | entry=0.1178 | PnL=+2.46%
2026-06-19 09:39:41,817 [INFO] [INVENTORY] 9/10 slots used — 1 vacant.
2026-06-19 09:39:41,940 [INFO] [LIQUIDITY] Free USDT: $2.24
2026-06-19 09:39:41,940 [INFO] [STANDBY] Insufficient USDT (need $10.00).
2026-06-19 09:39:41,940 [INFO] [SLEEP] Sleeping for 120s…
2026-06-19 09:41:41,954 [INFO] ======================================================================
2026-06-19 09:41:41,954 [INFO] [LOOP] Cycle #90 | 2026-06-19 09:41:41
2026-06-19 09:41:41,954 [INFO] [MONITOR] Evaluating 9 open positions…
2026-06-19 09:41:42,080 [INFO] [DATA] TRXUSDT | now=0.3213 | entry=0.3173 | PnL=+1.26%
2026-06-19 09:41:42,449 [INFO] [DATA] RLUSDUSDT | now=1.0008 | entry=1.0008 | PnL=+0.00%
2026-06-19 09:41:42,563 [INFO] [DATA] WLDUSDT | now=0.6447 | entry=0.6348 | PnL=+1.56%
2026-06-19 09:41:42,697 [INFO] [DATA] XLMUSDT | now=0.2229 | entry=0.2262 | PnL=-1.46%
2026-06-19 09:41:42,815 [INFO] [DATA] ENAUSDT | now=0.0905 | entry=0.0897 | PnL=+0.89%
2026-06-19 09:41:42,934 [INFO] [DATA] UNIUSDT | now=3.0550 | entry=3.3250 | PnL=-8.12%
2026-06-19 09:41:43,049 [INFO] [DATA] ONDOUSDT | now=0.3596 | entry=0.3626 | PnL=-0.83%
2026-06-19 09:41:43,170 [INFO] [DATA] UUSDT | now=1.0008 | entry=1.0009 | PnL=-0.01%
2026-06-19 09:41:43,284 [INFO] [DATA] SYNUSDT | now=0.1217 | entry=0.1178 | PnL=+3.31%
2026-06-19 09:41:43,284 [INFO] [INVENTORY] 9/10 slots used — 1 vacant.
2026-06-19 09:41:43,408 [INFO] [LIQUIDITY] Free USDT: $2.24
2026-06-19 09:41:43,408 [INFO] [STANDBY] Insufficient USDT (need $10.00).
2026-06-19 09:41:43,408 [INFO] [SLEEP] Sleeping for 120s…
2026-06-19 09:43:43,417 [INFO] ======================================================================
2026-06-19 09:43:43,417 [INFO] [LOOP] Cycle #91 | 2026-06-19 09:43:43
2026-06-19 09:43:43,417 [INFO] [MONITOR] Evaluating 9 open positions…
2026-06-19 09:43:43,542 [INFO] [DATA] TRXUSDT | now=0.3213 | entry=0.3173 | PnL=+1.26%
2026-06-19 09:43:43,654 [INFO] [DATA] RLUSDUSDT | now=1.0008 | entry=1.0008 | PnL=+0.00%
2026-06-19 09:43:43,780 [INFO] [DATA] WLDUSDT | now=0.6467 | entry=0.6348 | PnL=+1.87%
2026-06-19 09:43:43,899 [INFO] [DATA] XLMUSDT | now=0.2232 | entry=0.2262 | PnL=-1.33%
2026-06-19 09:43:44,015 [INFO] [DATA] ENAUSDT | now=0.0908 | entry=0.0897 | PnL=+1.23%
2026-06-19 09:43:44,136 [INFO] [DATA] UNIUSDT | now=3.0550 | entry=3.3250 | PnL=-8.12%
2026-06-19 09:43:44,461 [INFO] [DATA] ONDOUSDT | now=0.3600 | entry=0.3626 | PnL=-0.72%
2026-06-19 09:43:44,564 [INFO] [DATA] UUSDT | now=1.0008 | entry=1.0009 | PnL=-0.01%
2026-06-19 09:43:44,688 [INFO] [DATA] SYNUSDT | now=0.1235 | entry=0.1178 | PnL=+4.84%
2026-06-19 09:43:44,688 [INFO] [INVENTORY] 9/10 slots used — 1 vacant.
2026-06-19 09:43:44,810 [INFO] [LIQUIDITY] Free USDT: $2.24
2026-06-19 09:43:44,810 [INFO] [STANDBY] Insufficient USDT (need $10.00).
2026-06-19 09:43:44,810 [INFO] [SLEEP] Sleeping for 120s…
2026-06-19 09:45:44,821 [INFO] ======================================================================
2026-06-19 09:45:44,821 [INFO] [LOOP] Cycle #92 | 2026-06-19 09:45:44
2026-06-19 09:45:44,821 [INFO] [COOLDOWN] Lockout expired for NEARUSDT.
2026-06-19 09:45:44,821 [INFO] [COOLDOWN] Lockout expired for AAVEUSDT.
2026-06-19 09:45:44,821 [INFO] [MONITOR] Evaluating 9 open positions…
2026-06-19 09:45:44,943 [INFO] [DATA] TRXUSDT | now=0.3212 | entry=0.3173 | PnL=+1.23%
2026-06-19 09:45:45,061 [INFO] [DATA] RLUSDUSDT | now=1.0009 | entry=1.0008 | PnL=+0.01%
2026-06-19 09:45:45,178 [INFO] [DATA] WLDUSDT | now=0.6454 | entry=0.6348 | PnL=+1.67%
2026-06-19 09:45:45,284 [INFO] [DATA] XLMUSDT | now=0.2237 | entry=0.2262 | PnL=-1.11%
2026-06-19 09:45:45,412 [INFO] [DATA] ENAUSDT | now=0.0909 | entry=0.0897 | PnL=+1.34%
2026-06-19 09:45:45,531 [INFO] [DATA] UNIUSDT | now=3.0610 | entry=3.3250 | PnL=-7.94%
2026-06-19 09:45:45,657 [INFO] [DATA] ONDOUSDT | now=0.3601 | entry=0.3626 | PnL=-0.69%
2026-06-19 09:45:45,778 [INFO] [DATA] UUSDT | now=1.0007 | entry=1.0009 | PnL=-0.02%
2026-06-19 09:45:45,893 [INFO] [DATA] SYNUSDT | now=0.1405 | entry=0.1178 | PnL=+19.27%
2026-06-19 09:45:45,893 [INFO] [INVENTORY] 9/10 slots used — 1 vacant.
2026-06-19 09:45:46,015 [INFO] [LIQUIDITY] Free USDT: $2.24
2026-06-19 09:45:46,015 [INFO] [STANDBY] Insufficient USDT (need $10.00).
2026-06-19 09:45:46,015 [INFO] [SLEEP] Sleeping for 120s…
2026-06-19 09:47:46,025 [INFO] ======================================================================
2026-06-19 09:47:46,025 [INFO] [LOOP] Cycle #93 | 2026-06-19 09:47:46
2026-06-19 09:47:46,025 [INFO] [MONITOR] Evaluating 9 open positions…
2026-06-19 09:47:46,143 [INFO] [DATA] TRXUSDT | now=0.3213 | entry=0.3173 | PnL=+1.26%
2026-06-19 09:47:46,248 [INFO] [DATA] RLUSDUSDT | now=1.0008 | entry=1.0008 | PnL=+0.00%
2026-06-19 09:47:46,376 [INFO] [DATA] WLDUSDT | now=0.6447 | entry=0.6348 | PnL=+1.56%
2026-06-19 09:47:46,485 [INFO] [DATA] XLMUSDT | now=0.2235 | entry=0.2262 | PnL=-1.19%
2026-06-19 09:47:46,610 [INFO] [DATA] ENAUSDT | now=0.0908 | entry=0.0897 | PnL=+1.23%
2026-06-19 09:47:46,728 [INFO] [DATA] UNIUSDT | now=3.0550 | entry=3.3250 | PnL=-8.12%
2026-06-19 09:47:46,848 [INFO] [DATA] ONDOUSDT | now=0.3596 | entry=0.3626 | PnL=-0.83%
2026-06-19 09:47:46,965 [INFO] [DATA] UUSDT | now=1.0007 | entry=1.0009 | PnL=-0.02%
2026-06-19 09:47:47,087 [INFO] [DATA] SYNUSDT | now=0.1336 | entry=0.1178 | PnL=+13.41%
2026-06-19 09:47:47,087 [INFO] [INVENTORY] 9/10 slots used — 1 vacant.
2026-06-19 09:47:47,210 [INFO] [LIQUIDITY] Free USDT: $2.24
2026-06-19 09:47:47,210 [INFO] [STANDBY] Insufficient USDT (need $10.00).
2026-06-19 09:47:47,210 [INFO] [SLEEP] Sleeping for 120s…
2026-06-19 09:49:47,219 [INFO] ======================================================================
2026-06-19 09:49:47,219 [INFO] [LOOP] Cycle #94 | 2026-06-19 09:49:47
2026-06-19 09:49:47,219 [INFO] [MONITOR] Evaluating 9 open positions…
2026-06-19 09:49:47,339 [INFO] [DATA] TRXUSDT | now=0.3213 | entry=0.3173 | PnL=+1.26%
2026-06-19 09:49:47,443 [INFO] [DATA] RLUSDUSDT | now=1.0008 | entry=1.0008 | PnL=+0.00%
2026-06-19 09:49:47,573 [INFO] [DATA] WLDUSDT | now=0.6387 | entry=0.6348 | PnL=+0.61%
2026-06-19 09:49:47,683 [INFO] [DATA] XLMUSDT | now=0.2227 | entry=0.2262 | PnL=-1.55%
2026-06-19 09:49:47,805 [INFO] [DATA] ENAUSDT | now=0.0904 | entry=0.0897 | PnL=+0.78%
2026-06-19 09:49:47,930 [INFO] [DATA] UNIUSDT | now=3.0450 | entry=3.3250 | PnL=-8.42%
2026-06-19 09:49:48,049 [INFO] [DATA] ONDOUSDT | now=0.3581 | entry=0.3626 | PnL=-1.24%
2026-06-19 09:49:48,164 [INFO] [DATA] UUSDT | now=1.0008 | entry=1.0009 | PnL=-0.01%
2026-06-19 09:49:48,286 [INFO] [DATA] SYNUSDT | now=0.1308 | entry=0.1178 | PnL=+11.04%
2026-06-19 09:49:48,286 [INFO] [INVENTORY] 9/10 slots used — 1 vacant.
2026-06-19 09:49:48,403 [INFO] [LIQUIDITY] Free USDT: $2.24
2026-06-19 09:49:48,403 [INFO] [STANDBY] Insufficient USDT (need $10.00).
2026-06-19 09:49:48,403 [INFO] [SLEEP] Sleeping for 120s…
2026-06-19 09:51:48,413 [INFO] ======================================================================
2026-06-19 09:51:48,413 [INFO] [LOOP] Cycle #95 | 2026-06-19 09:51:48
2026-06-19 09:51:48,413 [INFO] [MONITOR] Evaluating 9 open positions…
2026-06-19 09:51:48,534 [INFO] [DATA] TRXUSDT | now=0.3209 | entry=0.3173 | PnL=+1.13%
2026-06-19 09:51:48,652 [INFO] [DATA] RLUSDUSDT | now=1.0008 | entry=1.0008 | PnL=+0.00%
2026-06-19 09:51:48,774 [INFO] [DATA] WLDUSDT | now=0.6370 | entry=0.6348 | PnL=+0.35%
2026-06-19 09:51:48,895 [INFO] [DATA] XLMUSDT | now=0.2216 | entry=0.2262 | PnL=-2.03%
2026-06-19 09:51:49,011 [INFO] [DATA] ENAUSDT | now=0.0901 | entry=0.0897 | PnL=+0.45%
2026-06-19 09:51:49,134 [INFO] [DATA] UNIUSDT | now=3.0430 | entry=3.3250 | PnL=-8.48%
2026-06-19 09:51:49,254 [INFO] [DATA] ONDOUSDT | now=0.3569 | entry=0.3626 | PnL=-1.57%
2026-06-19 09:51:49,370 [INFO] [DATA] UUSDT | now=1.0009 | entry=1.0009 | PnL=+0.00%
2026-06-19 09:51:49,494 [INFO] [DATA] SYNUSDT | now=0.1327 | entry=0.1178 | PnL=+12.65%
2026-06-19 09:51:49,494 [INFO] [INVENTORY] 9/10 slots used — 1 vacant.
2026-06-19 09:51:49,607 [INFO] [LIQUIDITY] Free USDT: $2.24
2026-06-19 09:51:49,607 [INFO] [STANDBY] Insufficient USDT (need $10.00).
2026-06-19 09:51:49,607 [INFO] [SLEEP] Sleeping for 120s…
2026-06-19 09:53:49,619 [INFO] ======================================================================
2026-06-19 09:53:49,619 [INFO] [LOOP] Cycle #96 | 2026-06-19 09:53:49
2026-06-19 09:53:49,619 [INFO] [MONITOR] Evaluating 9 open positions…
2026-06-19 09:53:49,736 [INFO] [DATA] TRXUSDT | now=0.3210 | entry=0.3173 | PnL=+1.17%
2026-06-19 09:53:49,843 [INFO] [DATA] RLUSDUSDT | now=1.0009 | entry=1.0008 | PnL=+0.01%
2026-06-19 09:53:49,970 [INFO] [DATA] WLDUSDT | now=0.6368 | entry=0.6348 | PnL=+0.32%
2026-06-19 09:53:50,090 [INFO] [DATA] XLMUSDT | now=0.2225 | entry=0.2262 | PnL=-1.64%
2026-06-19 09:53:50,207 [INFO] [DATA] ENAUSDT | now=0.0901 | entry=0.0897 | PnL=+0.45%
2026-06-19 09:53:50,326 [INFO] [DATA] UNIUSDT | now=3.0410 | entry=3.3250 | PnL=-8.54%
2026-06-19 09:53:50,447 [INFO] [DATA] ONDOUSDT | now=0.3569 | entry=0.3626 | PnL=-1.57%
2026-06-19 09:53:50,567 [INFO] [DATA] UUSDT | now=1.0009 | entry=1.0009 | PnL=+0.00%
2026-06-19 09:53:50,682 [INFO] [DATA] SYNUSDT | now=0.1353 | entry=0.1178 | PnL=+14.86%
2026-06-19 09:53:50,682 [INFO] [INVENTORY] 9/10 slots used — 1 vacant.
2026-06-19 09:53:50,798 [INFO] [LIQUIDITY] Free USDT: $2.24
2026-06-19 09:53:50,798 [INFO] [STANDBY] Insufficient USDT (need $10.00).
2026-06-19 09:53:50,798 [INFO] [SLEEP] Sleeping for 120s…
2026-06-19 09:55:50,810 [INFO] ======================================================================
2026-06-19 09:55:50,810 [INFO] [LOOP] Cycle #97 | 2026-06-19 09:55:50
2026-06-19 09:55:50,810 [INFO] [MONITOR] Evaluating 9 open positions…
2026-06-19 09:55:50,937 [INFO] [DATA] TRXUSDT | now=0.3210 | entry=0.3173 | PnL=+1.17%
2026-06-19 09:55:51,047 [INFO] [DATA] RLUSDUSDT | now=1.0009 | entry=1.0008 | PnL=+0.01%
2026-06-19 09:55:51,160 [INFO] [DATA] WLDUSDT | now=0.6359 | entry=0.6348 | PnL=+0.17%
2026-06-19 09:55:51,286 [INFO] [DATA] XLMUSDT | now=0.2221 | entry=0.2262 | PnL=-1.81%
2026-06-19 09:55:51,403 [INFO] [DATA] ENAUSDT | now=0.0901 | entry=0.0897 | PnL=+0.45%
2026-06-19 09:55:51,523 [INFO] [DATA] UNIUSDT | now=3.0400 | entry=3.3250 | PnL=-8.57%
2026-06-19 09:55:51,642 [INFO] [DATA] ONDOUSDT | now=0.3568 | entry=0.3626 | PnL=-1.60%
2026-06-19 09:55:51,759 [INFO] [DATA] UUSDT | now=1.0009 | entry=1.0009 | PnL=+0.00%
2026-06-19 09:55:51,879 [INFO] [DATA] SYNUSDT | now=0.1354 | entry=0.1178 | PnL=+14.94%
2026-06-19 09:55:51,879 [INFO] [INVENTORY] 9/10 slots used — 1 vacant.
2026-06-19 09:55:52,189 [INFO] [LIQUIDITY] Free USDT: $2.24
2026-06-19 09:55:52,189 [INFO] [STANDBY] Insufficient USDT (need $10.00).
2026-06-19 09:55:52,189 [INFO] [SLEEP] Sleeping for 120s…
2026-06-19 09:57:52,205 [INFO] ======================================================================
2026-06-19 09:57:52,205 [INFO] [LOOP] Cycle #98 | 2026-06-19 09:57:52
2026-06-19 09:57:52,205 [INFO] [MONITOR] Evaluating 9 open positions…
2026-06-19 09:57:52,324 [INFO] [DATA] TRXUSDT | now=0.3211 | entry=0.3173 | PnL=+1.20%
2026-06-19 09:57:52,442 [INFO] [DATA] RLUSDUSDT | now=1.0009 | entry=1.0008 | PnL=+0.01%
2026-06-19 09:57:52,557 [INFO] [DATA] WLDUSDT | now=0.6356 | entry=0.6348 | PnL=+0.13%
2026-06-19 09:57:52,679 [INFO] [DATA] XLMUSDT | now=0.2220 | entry=0.2262 | PnL=-1.86%
2026-06-19 09:57:52,795 [INFO] [DATA] ENAUSDT | now=0.0899 | entry=0.0897 | PnL=+0.22%
2026-06-19 09:57:52,917 [INFO] [DATA] UNIUSDT | now=3.0280 | entry=3.3250 | PnL=-8.93%
2026-06-19 09:57:53,033 [INFO] [DATA] ONDOUSDT | now=0.3565 | entry=0.3626 | PnL=-1.68%
2026-06-19 09:57:53,155 [INFO] [DATA] UUSDT | now=1.0008 | entry=1.0009 | PnL=-0.01%
2026-06-19 09:57:53,275 [INFO] [DATA] SYNUSDT | now=0.1318 | entry=0.1178 | PnL=+11.88%
2026-06-19 09:57:53,275 [INFO] [INVENTORY] 9/10 slots used — 1 vacant.
2026-06-19 09:57:53,396 [INFO] [LIQUIDITY] Free USDT: $2.24
2026-06-19 09:57:53,396 [INFO] [STANDBY] Insufficient USDT (need $10.00).
2026-06-19 09:57:53,396 [INFO] [SLEEP] Sleeping for 120s…
2026-06-19 09:59:53,400 [INFO] ======================================================================
2026-06-19 09:59:53,400 [INFO] [LOOP] Cycle #99 | 2026-06-19 09:59:53
2026-06-19 09:59:53,400 [INFO] [MONITOR] Evaluating 9 open positions…
2026-06-19 09:59:53,525 [INFO] [DATA] TRXUSDT | now=0.3211 | entry=0.3173 | PnL=+1.20%
2026-06-19 09:59:53,640 [INFO] [DATA] RLUSDUSDT | now=1.0008 | entry=1.0008 | PnL=+0.00%
2026-06-19 09:59:53,785 [INFO] [DATA] WLDUSDT | now=0.6351 | entry=0.6348 | PnL=+0.05%
2026-06-19 09:59:54,022 [INFO] [DATA] XLMUSDT | now=0.2219 | entry=0.2262 | PnL=-1.90%
2026-06-19 09:59:54,141 [INFO] [DATA] ENAUSDT | now=0.0896 | entry=0.0897 | PnL=-0.11%
2026-06-19 09:59:54,271 [INFO] [DATA] UNIUSDT | now=3.0230 | entry=3.3250 | PnL=-9.08%
2026-06-19 09:59:54,463 [INFO] [DATA] ONDOUSDT | now=0.3558 | entry=0.3626 | PnL=-1.88%
2026-06-19 09:59:54,583 [INFO] [DATA] UUSDT | now=1.0008 | entry=1.0009 | PnL=-0.01%
2026-06-19 09:59:54,705 [INFO] [DATA] SYNUSDT | now=0.1310 | entry=0.1178 | PnL=+11.21%
2026-06-19 09:59:54,705 [INFO] [INVENTORY] 9/10 slots used — 1 vacant.
2026-06-19 09:59:54,839 [INFO] [LIQUIDITY] Free USDT: $2.24
2026-06-19 09:59:54,839 [INFO] [STANDBY] Insufficient USDT (need $10.00).
2026-06-19 09:59:54,839 [INFO] [SLEEP] Sleeping for 120s…
2026-06-19 10:01:54,846 [INFO] ======================================================================
2026-06-19 10:01:54,846 [INFO] [LOOP] Cycle #100 | 2026-06-19 10:01:54
2026-06-19 10:01:54,846 [INFO] [MONITOR] Evaluating 9 open positions…
2026-06-19 10:01:54,966 [INFO] [DATA] TRXUSDT | now=0.3209 | entry=0.3173 | PnL=+1.13%
2026-06-19 10:01:55,083 [INFO] [DATA] RLUSDUSDT | now=1.0008 | entry=1.0008 | PnL=+0.00%
2026-06-19 10:01:55,205 [INFO] [DATA] WLDUSDT | now=0.6293 | entry=0.6348 | PnL=-0.87%
2026-06-19 10:01:55,324 [INFO] [DATA] XLMUSDT | now=0.2207 | entry=0.2262 | PnL=-2.43%
2026-06-19 10:01:55,448 [INFO] [DATA] ENAUSDT | now=0.0892 | entry=0.0897 | PnL=-0.56%
2026-06-19 10:01:55,564 [INFO] [DATA] UNIUSDT | now=3.0150 | entry=3.3250 | PnL=-9.32%
2026-06-19 10:01:55,686 [INFO] [DATA] ONDOUSDT | now=0.3544 | entry=0.3626 | PnL=-2.26%
2026-06-19 10:01:55,809 [INFO] [DATA] UUSDT | now=1.0009 | entry=1.0009 | PnL=+0.00%
2026-06-19 10:01:55,935 [INFO] [DATA] SYNUSDT | now=0.1346 | entry=0.1178 | PnL=+14.26%
2026-06-19 10:01:55,935 [INFO] [INVENTORY] 9/10 slots used — 1 vacant.
2026-06-19 10:01:56,048 [INFO] [LIQUIDITY] Free USDT: $2.24
2026-06-19 10:01:56,048 [INFO] [STANDBY] Insufficient USDT (need $10.00).
2026-06-19 10:01:56,048 [INFO] [SLEEP] Sleeping for 120s…
2026-06-19 10:03:56,063 [INFO] ======================================================================
2026-06-19 10:03:56,063 [INFO] [LOOP] Cycle #101 | 2026-06-19 10:03:56
2026-06-19 10:03:56,063 [INFO] [MONITOR] Evaluating 9 open positions…
2026-06-19 10:03:56,242 [INFO] [DATA] TRXUSDT | now=0.3209 | entry=0.3173 | PnL=+1.13%
2026-06-19 10:03:56,455 [INFO] [DATA] RLUSDUSDT | now=1.0009 | entry=1.0008 | PnL=+0.01%
2026-06-19 10:03:56,630 [INFO] [DATA] WLDUSDT | now=0.6254 | entry=0.6348 | PnL=-1.48%
2026-06-19 10:03:56,813 [INFO] [DATA] XLMUSDT | now=0.2194 | entry=0.2262 | PnL=-3.01%
2026-06-19 10:03:56,969 [INFO] [DATA] ENAUSDT | now=0.0889 | entry=0.0897 | PnL=-0.89%
2026-06-19 10:03:57,150 [INFO] [DATA] UNIUSDT | now=3.0060 | entry=3.3250 | PnL=-9.59%
2026-06-19 10:03:57,150 [INFO] [EXIT] SL hit for UNIUSDT.
2026-06-19 10:03:57,751 [WARNING] [EXIT] UNIUSDT: quantity mismatch (-2010). Fetching actual balance and retrying…
2026-06-19 10:03:58,447 [INFO] [EXIT] UNIUSDT sold (STOP_LOSS) qty=3.000000
2026-06-19 10:03:58,447 [INFO] [COOLDOWN] UNIUSDT locked for 3600s.
2026-06-19 10:03:58,584 [INFO] [DATA] ONDOUSDT | now=0.3531 | entry=0.3626 | PnL=-2.62%
2026-06-19 10:03:58,705 [INFO] [DATA] UUSDT | now=1.0008 | entry=1.0009 | PnL=-0.01%
2026-06-19 10:03:58,823 [INFO] [DATA] SYNUSDT | now=0.1355 | entry=0.1178 | PnL=+15.03%
2026-06-19 10:03:58,823 [INFO] [INVENTORY] 8/10 slots used — 2 vacant.
2026-06-19 10:03:58,969 [INFO] [LIQUIDITY] Free USDT: $11.25
2026-06-19 10:04:05,531 [INFO] HTTP Request: POST http://127.0.0.1:11434/api/generate "HTTP/1.1 200 OK"
2026-06-19 10:04:05,531 [INFO] [FILTER] ZECUSDT below EMA-50 (price=444.6600, ema=471.9481). Skipping.
2026-06-19 10:04:06,071 [INFO] HTTP Request: POST http://127.0.0.1:11434/api/generate "HTTP/1.1 200 OK"
2026-06-19 10:04:06,071 [INFO] [FILTER] NEARUSDT below EMA-50 (price=2.1110, ema=2.2457). Skipping.
2026-06-19 10:04:06,574 [INFO] HTTP Request: POST http://127.0.0.1:11434/api/generate "HTTP/1.1 200 OK"
2026-06-19 10:04:06,574 [INFO] [FILTER] SPCXBUSDT below EMA-50 (price=177.4800, ema=188.0429). Skipping.
2026-06-19 10:04:07,040 [INFO] HTTP Request: POST http://127.0.0.1:11434/api/generate "HTTP/1.1 200 OK"
2026-06-19 10:04:07,040 [INFO] [FILTER] ASTERUSDT below EMA-50 (price=0.6230, ema=0.6616). Skipping.
2026-06-19 10:04:07,482 [INFO] HTTP Request: POST http://127.0.0.1:11434/api/generate "HTTP/1.1 200 OK"
2026-06-19 10:04:07,483 [INFO] [FILTER] TAOUSDT below EMA-50 (price=227.7000, ema=243.4572). Skipping.
2026-06-19 10:04:07,898 [INFO] HTTP Request: POST http://127.0.0.1:11434/api/generate "HTTP/1.1 200 OK"
2026-06-19 10:04:07,898 [INFO] [FILTER] XPLUSDT below EMA-50 (price=0.0946, ema=0.1006). Skipping.
2026-06-19 10:04:08,393 [INFO] HTTP Request: POST http://127.0.0.1:11434/api/generate "HTTP/1.1 200 OK"
2026-06-19 10:04:08,394 [INFO] [FILTER] SUIUSDT below EMA-50 (price=0.7121, ema=0.7518). Skipping.
2026-06-19 10:04:09,062 [INFO] HTTP Request: POST http://127.0.0.1:11434/api/generate "HTTP/1.1 200 OK"
2026-06-19 10:04:09,062 [INFO] [FILTER] MEGAUSDT below EMA-50 (price=0.0586, ema=0.0609). Skipping.
2026-06-19 10:04:10,141 [INFO] HTTP Request: POST http://127.0.0.1:11434/api/generate "HTTP/1.1 200 OK"
2026-06-19 10:04:10,142 [INFO] [FILTER] LINKUSDT below EMA-50 (price=7.8290, ema=8.0519). Skipping.
2026-06-19 10:04:10,753 [INFO] HTTP Request: POST http://127.0.0.1:11434/api/generate "HTTP/1.1 200 OK"
2026-06-19 10:04:10,754 [INFO] [FILTER] HOMEUSDT below EMA-50 (price=0.0263, ema=0.0283). Skipping.
2026-06-19 10:04:11,343 [INFO] HTTP Request: POST http://127.0.0.1:11434/api/generate "HTTP/1.1 200 OK"
2026-06-19 10:04:11,344 [INFO] [FILTER] BCHUSDT below EMA-50 (price=193.7000, ema=206.2496). Skipping.
2026-06-19 10:04:11,851 [INFO] HTTP Request: POST http://127.0.0.1:11434/api/generate "HTTP/1.1 200 OK"
2026-06-19 10:04:11,851 [INFO] [FILTER] 币安人生USDT below EMA-50 (price=0.6887, ema=0.6958). Skipping.
2026-06-19 10:04:12,296 [INFO] HTTP Request: POST http://127.0.0.1:11434/api/generate "HTTP/1.1 200 OK"
2026-06-19 10:04:12,297 [INFO] [DEPLOY] BIOUSDT passed all filters — entering…
2026-06-19 10:04:12,708 [INFO] [TRADE] Placing market buy for BIOUSDT — qty=280.800000
2026-06-19 10:04:14,740 [INFO] [TRADE] BIOUSDT entered | entry=0.0356 | TP=0.0408 | SL=0.0331
2026-06-19 10:04:14,740 [INFO] [SLEEP] Sleeping for 120s…
2026-06-19 10:06:14,751 [INFO] ======================================================================
2026-06-19 10:06:14,751 [INFO] [LOOP] Cycle #102 | 2026-06-19 10:06:14
2026-06-19 10:06:14,751 [INFO] [MONITOR] Evaluating 9 open positions…
2026-06-19 10:06:14,879 [INFO] [DATA] TRXUSDT | now=0.3209 | entry=0.3173 | PnL=+1.13%
2026-06-19 10:06:14,990 [INFO] [DATA] RLUSDUSDT | now=1.0009 | entry=1.0008 | PnL=+0.01%
2026-06-19 10:06:15,105 [INFO] [DATA] WLDUSDT | now=0.6270 | entry=0.6348 | PnL=-1.23%
2026-06-19 10:06:15,226 [INFO] [DATA] XLMUSDT | now=0.2204 | entry=0.2262 | PnL=-2.56%
2026-06-19 10:06:15,354 [INFO] [DATA] ENAUSDT | now=0.0889 | entry=0.0897 | PnL=-0.89%
2026-06-19 10:06:15,471 [INFO] [DATA] ONDOUSDT | now=0.3528 | entry=0.3626 | PnL=-2.70%
2026-06-19 10:06:15,591 [INFO] [DATA] UUSDT | now=1.0008 | entry=1.0009 | PnL=-0.01%
2026-06-19 10:06:15,717 [INFO] [DATA] SYNUSDT | now=0.1356 | entry=0.1178 | PnL=+15.11%
2026-06-19 10:06:15,842 [INFO] [DATA] BIOUSDT | now=0.0357 | entry=0.0356 | PnL=+0.28%
2026-06-19 10:06:15,842 [INFO] [INVENTORY] 9/10 slots used — 1 vacant.
2026-06-19 10:06:15,975 [INFO] [LIQUIDITY] Free USDT: $1.24
2026-06-19 10:06:15,975 [INFO] [STANDBY] Insufficient USDT (need $10.00).
2026-06-19 10:06:15,975 [INFO] [SLEEP] Sleeping for 120s…
2026-06-19 10:08:15,977 [INFO] ======================================================================
2026-06-19 10:08:15,977 [INFO] [LOOP] Cycle #103 | 2026-06-19 10:08:15
2026-06-19 10:08:15,977 [INFO] [MONITOR] Evaluating 9 open positions…
2026-06-19 10:08:16,097 [INFO] [DATA] TRXUSDT | now=0.3208 | entry=0.3173 | PnL=+1.10%
2026-06-19 10:08:16,201 [INFO] [DATA] RLUSDUSDT | now=1.0009 | entry=1.0008 | PnL=+0.01%
2026-06-19 10:08:16,330 [INFO] [DATA] WLDUSDT | now=0.6290 | entry=0.6348 | PnL=-0.91%
2026-06-19 10:08:16,457 [INFO] [DATA] XLMUSDT | now=0.2207 | entry=0.2262 | PnL=-2.43%
2026-06-19 10:08:16,579 [INFO] [DATA] ENAUSDT | now=0.0888 | entry=0.0897 | PnL=-1.00%
2026-06-19 10:08:16,700 [INFO] [DATA] ONDOUSDT | now=0.3527 | entry=0.3626 | PnL=-2.73%
2026-06-19 10:08:16,820 [INFO] [DATA] UUSDT | now=1.0008 | entry=1.0009 | PnL=-0.01%
2026-06-19 10:08:16,939 [INFO] [DATA] SYNUSDT | now=0.1342 | entry=0.1178 | PnL=+13.92%
2026-06-19 10:08:17,066 [INFO] [DATA] BIOUSDT | now=0.0357 | entry=0.0356 | PnL=+0.11%
2026-06-19 10:08:17,066 [INFO] [INVENTORY] 9/10 slots used — 1 vacant.
2026-06-19 10:08:17,182 [INFO] [LIQUIDITY] Free USDT: $1.24
2026-06-19 10:08:17,182 [INFO] [STANDBY] Insufficient USDT (need $10.00).
2026-06-19 10:08:17,182 [INFO] [SLEEP] Sleeping for 120s…
2026-06-19 10:10:17,189 [INFO] ======================================================================
2026-06-19 10:10:17,189 [INFO] [LOOP] Cycle #104 | 2026-06-19 10:10:17
2026-06-19 10:10:17,189 [INFO] [MONITOR] Evaluating 9 open positions…
2026-06-19 10:10:17,311 [INFO] [DATA] TRXUSDT | now=0.3207 | entry=0.3173 | PnL=+1.07%
2026-06-19 10:10:17,428 [INFO] [DATA] RLUSDUSDT | now=1.0009 | entry=1.0008 | PnL=+0.01%
2026-06-19 10:10:17,549 [INFO] [DATA] WLDUSDT | now=0.6278 | entry=0.6348 | PnL=-1.10%
2026-06-19 10:10:17,680 [INFO] [DATA] XLMUSDT | now=0.2198 | entry=0.2262 | PnL=-2.83%
2026-06-19 10:10:17,812 [INFO] [DATA] ENAUSDT | now=0.0888 | entry=0.0897 | PnL=-1.00%
2026-06-19 10:10:17,927 [INFO] [DATA] ONDOUSDT | now=0.3530 | entry=0.3626 | PnL=-2.65%
2026-06-19 10:10:18,048 [INFO] [DATA] UUSDT | now=1.0008 | entry=1.0009 | PnL=-0.01%
2026-06-19 10:10:18,175 [INFO] [DATA] SYNUSDT | now=0.1320 | entry=0.1178 | PnL=+12.05%
2026-06-19 10:10:18,297 [INFO] [DATA] BIOUSDT | now=0.0356 | entry=0.0356 | PnL=-0.20%
2026-06-19 10:10:18,297 [INFO] [INVENTORY] 9/10 slots used — 1 vacant.
2026-06-19 10:10:18,415 [INFO] [LIQUIDITY] Free USDT: $1.24
2026-06-19 10:10:18,415 [INFO] [STANDBY] Insufficient USDT (need $10.00).
2026-06-19 10:10:18,415 [INFO] [SLEEP] Sleeping for 120s…
2026-06-19 10:12:18,428 [INFO] ======================================================================
2026-06-19 10:12:18,428 [INFO] [LOOP] Cycle #105 | 2026-06-19 10:12:18
2026-06-19 10:12:18,428 [INFO] [MONITOR] Evaluating 9 open positions…
2026-06-19 10:12:18,550 [INFO] [DATA] TRXUSDT | now=0.3208 | entry=0.3173 | PnL=+1.10%
2026-06-19 10:12:18,668 [INFO] [DATA] RLUSDUSDT | now=1.0009 | entry=1.0008 | PnL=+0.01%
2026-06-19 10:12:18,788 [INFO] [DATA] WLDUSDT | now=0.6280 | entry=0.6348 | PnL=-1.07%
2026-06-19 10:12:18,905 [INFO] [DATA] XLMUSDT | now=0.2197 | entry=0.2262 | PnL=-2.87%
2026-06-19 10:12:19,021 [INFO] [DATA] ENAUSDT | now=0.0889 | entry=0.0897 | PnL=-0.89%
2026-06-19 10:12:19,143 [INFO] [DATA] ONDOUSDT | now=0.3536 | entry=0.3626 | PnL=-2.48%
2026-06-19 10:12:19,274 [INFO] [DATA] UUSDT | now=1.0007 | entry=1.0009 | PnL=-0.02%
2026-06-19 10:12:19,396 [INFO] [DATA] SYNUSDT | now=0.1339 | entry=0.1178 | PnL=+13.67%
2026-06-19 10:12:19,517 [INFO] [DATA] BIOUSDT | now=0.0356 | entry=0.0356 | PnL=+0.00%
2026-06-19 10:12:19,517 [INFO] [INVENTORY] 9/10 slots used — 1 vacant.
2026-06-19 10:12:19,642 [INFO] [LIQUIDITY] Free USDT: $1.24
2026-06-19 10:12:19,642 [INFO] [STANDBY] Insufficient USDT (need $10.00).
2026-06-19 10:12:19,657 [INFO] [SLEEP] Sleeping for 120s…
2026-06-19 10:14:19,658 [INFO] ======================================================================
2026-06-19 10:14:19,658 [INFO] [LOOP] Cycle #106 | 2026-06-19 10:14:19
2026-06-19 10:14:19,658 [INFO] [MONITOR] Evaluating 9 open positions…
2026-06-19 10:14:19,778 [INFO] [DATA] TRXUSDT | now=0.3206 | entry=0.3173 | PnL=+1.04%
2026-06-19 10:14:19,899 [INFO] [DATA] RLUSDUSDT | now=1.0009 | entry=1.0008 | PnL=+0.01%
2026-06-19 10:14:20,023 [INFO] [DATA] WLDUSDT | now=0.6268 | entry=0.6348 | PnL=-1.26%
2026-06-19 10:14:20,150 [INFO] [DATA] XLMUSDT | now=0.2190 | entry=0.2262 | PnL=-3.18%
2026-06-19 10:14:20,265 [INFO] [DATA] ENAUSDT | now=0.0889 | entry=0.0897 | PnL=-0.89%
2026-06-19 10:14:20,390 [INFO] [DATA] ONDOUSDT | now=0.3536 | entry=0.3626 | PnL=-2.48%
2026-06-19 10:14:20,509 [INFO] [DATA] UUSDT | now=1.0007 | entry=1.0009 | PnL=-0.02%
2026-06-19 10:14:20,628 [INFO] [DATA] SYNUSDT | now=0.1362 | entry=0.1178 | PnL=+15.62%
2026-06-19 10:14:20,750 [INFO] [DATA] BIOUSDT | now=0.0356 | entry=0.0356 | PnL=+0.00%
2026-06-19 10:14:20,750 [INFO] [INVENTORY] 9/10 slots used — 1 vacant.
2026-06-19 10:14:20,986 [INFO] [LIQUIDITY] Free USDT: $1.24
2026-06-19 10:14:20,986 [INFO] [STANDBY] Insufficient USDT (need $10.00).
2026-06-19 10:14:20,986 [INFO] [SLEEP] Sleeping for 120s…
2026-06-19 10:16:20,991 [INFO] ======================================================================
2026-06-19 10:16:20,991 [INFO] [LOOP] Cycle #107 | 2026-06-19 10:16:20
2026-06-19 10:16:20,991 [INFO] [MONITOR] Evaluating 9 open positions…
2026-06-19 10:16:21,109 [INFO] [DATA] TRXUSDT | now=0.3207 | entry=0.3173 | PnL=+1.07%
2026-06-19 10:16:21,229 [INFO] [DATA] RLUSDUSDT | now=1.0009 | entry=1.0008 | PnL=+0.01%
2026-06-19 10:16:21,345 [INFO] [DATA] WLDUSDT | now=0.6251 | entry=0.6348 | PnL=-1.53%
2026-06-19 10:16:21,464 [INFO] [DATA] XLMUSDT | now=0.2187 | entry=0.2262 | PnL=-3.32%
2026-06-19 10:16:21,584 [INFO] [DATA] ENAUSDT | now=0.0890 | entry=0.0897 | PnL=-0.78%
2026-06-19 10:16:21,712 [INFO] [DATA] ONDOUSDT | now=0.3538 | entry=0.3626 | PnL=-2.43%
2026-06-19 10:16:21,833 [INFO] [DATA] UUSDT | now=1.0008 | entry=1.0009 | PnL=-0.01%
2026-06-19 10:16:21,950 [INFO] [DATA] SYNUSDT | now=0.1339 | entry=0.1178 | PnL=+13.67%
2026-06-19 10:16:22,069 [INFO] [DATA] BIOUSDT | now=0.0356 | entry=0.0356 | PnL=-0.17%
2026-06-19 10:16:22,070 [INFO] [INVENTORY] 9/10 slots used — 1 vacant.
2026-06-19 10:16:22,191 [INFO] [LIQUIDITY] Free USDT: $1.24
2026-06-19 10:16:22,191 [INFO] [STANDBY] Insufficient USDT (need $10.00).
2026-06-19 10:16:22,191 [INFO] [SLEEP] Sleeping for 120s…
2026-06-19 10:18:22,194 [INFO] ======================================================================
2026-06-19 10:18:22,194 [INFO] [LOOP] Cycle #108 | 2026-06-19 10:18:22
2026-06-19 10:18:22,194 [INFO] [MONITOR] Evaluating 9 open positions…
2026-06-19 10:18:22,315 [INFO] [DATA] TRXUSDT | now=0.3208 | entry=0.3173 | PnL=+1.10%
2026-06-19 10:18:22,420 [INFO] [DATA] RLUSDUSDT | now=1.0009 | entry=1.0008 | PnL=+0.01%
2026-06-19 10:18:22,549 [INFO] [DATA] WLDUSDT | now=0.6242 | entry=0.6348 | PnL=-1.67%
2026-06-19 10:18:22,673 [INFO] [DATA] XLMUSDT | now=0.2191 | entry=0.2262 | PnL=-3.14%
2026-06-19 10:18:22,797 [INFO] [DATA] ENAUSDT | now=0.0888 | entry=0.0897 | PnL=-1.00%
2026-06-19 10:18:22,912 [INFO] [DATA] ONDOUSDT | now=0.3540 | entry=0.3626 | PnL=-2.37%
2026-06-19 10:18:23,032 [INFO] [DATA] UUSDT | now=1.0008 | entry=1.0009 | PnL=-0.01%
2026-06-19 10:18:23,155 [INFO] [DATA] SYNUSDT | now=0.1363 | entry=0.1178 | PnL=+15.70%
2026-06-19 10:18:23,272 [INFO] [DATA] BIOUSDT | now=0.0356 | entry=0.0356 | PnL=-0.22%
2026-06-19 10:18:23,273 [INFO] [INVENTORY] 9/10 slots used — 1 vacant.
2026-06-19 10:18:23,394 [INFO] [LIQUIDITY] Free USDT: $1.24
2026-06-19 10:18:23,394 [INFO] [STANDBY] Insufficient USDT (need $10.00).
2026-06-19 10:18:23,394 [INFO] [SLEEP] Sleeping for 120s…
2026-06-19 10:20:23,397 [INFO] ======================================================================
2026-06-19 10:20:23,397 [INFO] [LOOP] Cycle #109 | 2026-06-19 10:20:23
2026-06-19 10:20:23,397 [INFO] [MONITOR] Evaluating 9 open positions…
2026-06-19 10:20:23,551 [INFO] [DATA] TRXUSDT | now=0.3207 | entry=0.3173 | PnL=+1.07%
2026-06-19 10:20:23,668 [INFO] [DATA] RLUSDUSDT | now=1.0008 | entry=1.0008 | PnL=+0.00%
2026-06-19 10:20:23,985 [INFO] [DATA] WLDUSDT | now=0.6244 | entry=0.6348 | PnL=-1.64%
2026-06-19 10:20:24,114 [INFO] [DATA] XLMUSDT | now=0.2184 | entry=0.2262 | PnL=-3.45%
2026-06-19 10:20:24,234 [INFO] [DATA] ENAUSDT | now=0.0886 | entry=0.0897 | PnL=-1.23%
2026-06-19 10:20:24,351 [INFO] [DATA] ONDOUSDT | now=0.3526 | entry=0.3626 | PnL=-2.76%
2026-06-19 10:20:24,476 [INFO] [DATA] UUSDT | now=1.0009 | entry=1.0009 | PnL=+0.00%
2026-06-19 10:20:24,598 [INFO] [DATA] SYNUSDT | now=0.1338 | entry=0.1178 | PnL=+13.58%
2026-06-19 10:20:24,721 [INFO] [DATA] BIOUSDT | now=0.0355 | entry=0.0356 | PnL=-0.51%
2026-06-19 10:20:24,721 [INFO] [INVENTORY] 9/10 slots used — 1 vacant.
2026-06-19 10:20:24,839 [INFO] [LIQUIDITY] Free USDT: $1.24
2026-06-19 10:20:24,839 [INFO] [STANDBY] Insufficient USDT (need $10.00).
2026-06-19 10:20:24,839 [INFO] [SLEEP] Sleeping for 120s…
2026-06-19 10:22:24,849 [INFO] ======================================================================
2026-06-19 10:22:24,849 [INFO] [LOOP] Cycle #110 | 2026-06-19 10:22:24
2026-06-19 10:22:24,849 [INFO] [MONITOR] Evaluating 9 open positions…
2026-06-19 10:22:24,969 [INFO] [DATA] TRXUSDT | now=0.3206 | entry=0.3173 | PnL=+1.04%
2026-06-19 10:22:25,084 [INFO] [DATA] RLUSDUSDT | now=1.0009 | entry=1.0008 | PnL=+0.01%
2026-06-19 10:22:25,204 [INFO] [DATA] WLDUSDT | now=0.6247 | entry=0.6348 | PnL=-1.59%
2026-06-19 10:22:25,323 [INFO] [DATA] XLMUSDT | now=0.2189 | entry=0.2262 | PnL=-3.23%
2026-06-19 10:22:25,444 [INFO] [DATA] ENAUSDT | now=0.0882 | entry=0.0897 | PnL=-1.67%
2026-06-19 10:22:25,581 [INFO] [DATA] ONDOUSDT | now=0.3528 | entry=0.3626 | PnL=-2.70%
2026-06-19 10:22:25,700 [INFO] [DATA] UUSDT | now=1.0008 | entry=1.0009 | PnL=-0.01%
2026-06-19 10:22:25,979 [INFO] [DATA] SYNUSDT | now=0.1329 | entry=0.1178 | PnL=+12.82%
2026-06-19 10:22:26,134 [INFO] [DATA] BIOUSDT | now=0.0354 | entry=0.0356 | PnL=-0.59%
2026-06-19 10:22:26,134 [INFO] [INVENTORY] 9/10 slots used — 1 vacant.
2026-06-19 10:22:26,259 [INFO] [LIQUIDITY] Free USDT: $1.24
2026-06-19 10:22:26,259 [INFO] [STANDBY] Insufficient USDT (need $10.00).
2026-06-19 10:22:26,259 [INFO] [SLEEP] Sleeping for 120s…
2026-06-19 10:24:26,266 [INFO] ======================================================================
2026-06-19 10:24:26,266 [INFO] [LOOP] Cycle #111 | 2026-06-19 10:24:26
2026-06-19 10:24:26,266 [INFO] [MONITOR] Evaluating 9 open positions…
2026-06-19 10:24:26,425 [INFO] [DATA] TRXUSDT | now=0.3206 | entry=0.3173 | PnL=+1.04%
2026-06-19 10:24:26,613 [INFO] [DATA] RLUSDUSDT | now=1.0008 | entry=1.0008 | PnL=+0.00%
2026-06-19 10:24:26,756 [INFO] [DATA] WLDUSDT | now=0.6232 | entry=0.6348 | PnL=-1.83%
2026-06-19 10:24:26,871 [INFO] [DATA] XLMUSDT | now=0.2188 | entry=0.2262 | PnL=-3.27%
2026-06-19 10:24:26,992 [INFO] [DATA] ENAUSDT | now=0.0878 | entry=0.0897 | PnL=-2.12%
2026-06-19 10:24:27,109 [INFO] [DATA] ONDOUSDT | now=0.3517 | entry=0.3626 | PnL=-3.01%
2026-06-19 10:24:27,109 [INFO] [EXIT] SL hit for ONDOUSDT.
2026-06-19 10:24:27,733 [INFO] [EXIT] ONDOUSDT sold (STOP_LOSS) qty=26.500000
2026-06-19 10:24:27,734 [INFO] [COOLDOWN] ONDOUSDT locked for 3600s.
2026-06-19 10:24:27,976 [INFO] [DATA] UUSDT | now=1.0008 | entry=1.0009 | PnL=-0.01%
2026-06-19 10:24:28,443 [INFO] [DATA] SYNUSDT | now=0.1322 | entry=0.1178 | PnL=+12.22%
2026-06-19 10:24:28,725 [INFO] [DATA] BIOUSDT | now=0.0352 | entry=0.0356 | PnL=-1.21%
2026-06-19 10:24:28,725 [INFO] [INVENTORY] 8/10 slots used — 2 vacant.
2026-06-19 10:24:28,881 [INFO] [LIQUIDITY] Free USDT: $10.55
2026-06-19 10:24:35,330 [INFO] HTTP Request: POST http://127.0.0.1:11434/api/generate "HTTP/1.1 200 OK"
2026-06-19 10:24:35,331 [INFO] [FILTER] ZECUSDT below EMA-50 (price=441.4200, ema=471.8210). Skipping.
2026-06-19 10:24:35,890 [INFO] HTTP Request: POST http://127.0.0.1:11434/api/generate "HTTP/1.1 200 OK"
2026-06-19 10:24:35,890 [INFO] [FILTER] NEARUSDT below EMA-50 (price=2.0980, ema=2.2452). Skipping.
2026-06-19 10:24:36,321 [INFO] HTTP Request: POST http://127.0.0.1:11434/api/generate "HTTP/1.1 200 OK"
2026-06-19 10:24:36,322 [INFO] [FILTER] SPCXBUSDT below EMA-50 (price=177.6900, ema=188.0511). Skipping.
2026-06-19 10:24:36,750 [INFO] HTTP Request: POST http://127.0.0.1:11434/api/generate "HTTP/1.1 200 OK"
2026-06-19 10:24:36,751 [INFO] [FILTER] ASTERUSDT below EMA-50 (price=0.6200, ema=0.6615). Skipping.
2026-06-19 10:24:37,184 [INFO] HTTP Request: POST http://127.0.0.1:11434/api/generate "HTTP/1.1 200 OK"
2026-06-19 10:24:37,185 [INFO] [FILTER] XPLUSDT below EMA-50 (price=0.0932, ema=0.1006). Skipping.
2026-06-19 10:24:37,666 [INFO] HTTP Request: POST http://127.0.0.1:11434/api/generate "HTTP/1.1 200 OK"
2026-06-19 10:24:37,667 [INFO] [FILTER] TAOUSDT below EMA-50 (price=227.1000, ema=243.4336). Skipping.
2026-06-19 10:24:38,112 [INFO] HTTP Request: POST http://127.0.0.1:11434/api/generate "HTTP/1.1 200 OK"
2026-06-19 10:24:38,113 [INFO] [FILTER] SUIUSDT below EMA-50 (price=0.7079, ema=0.7516). Skipping.
2026-06-19 10:24:38,569 [INFO] HTTP Request: POST http://127.0.0.1:11434/api/generate "HTTP/1.1 200 OK"
2026-06-19 10:24:38,569 [INFO] [FILTER] MEGAUSDT below EMA-50 (price=0.0587, ema=0.0609). Skipping.
2026-06-19 10:24:39,005 [INFO] HTTP Request: POST http://127.0.0.1:11434/api/generate "HTTP/1.1 200 OK"
2026-06-19 10:24:39,005 [INFO] [FILTER] LINKUSDT below EMA-50 (price=7.8200, ema=8.0515). Skipping.
2026-06-19 10:24:39,488 [INFO] HTTP Request: POST http://127.0.0.1:11434/api/generate "HTTP/1.1 200 OK"
2026-06-19 10:24:39,488 [INFO] [FILTER] HOMEUSDT below EMA-50 (price=0.0263, ema=0.0283). Skipping.
2026-06-19 10:24:39,975 [INFO] HTTP Request: POST http://127.0.0.1:11434/api/generate "HTTP/1.1 200 OK"
2026-06-19 10:24:39,976 [INFO] [FILTER] BCHUSDT below EMA-50 (price=193.5000, ema=206.2418). Skipping.
2026-06-19 10:24:40,460 [INFO] HTTP Request: POST http://127.0.0.1:11434/api/generate "HTTP/1.1 200 OK"
2026-06-19 10:24:40,461 [INFO] [FILTER] 币安人生USDT below EMA-50 (price=0.6899, ema=0.6959). Skipping.
2026-06-19 10:24:40,878 [INFO] HTTP Request: POST http://127.0.0.1:11434/api/generate "HTTP/1.1 200 OK"
2026-06-19 10:24:40,878 [INFO] [FILTER] AAVEUSDT below EMA-50 (price=72.0800, ema=74.0486). Skipping.
2026-06-19 10:24:41,309 [INFO] HTTP Request: POST http://127.0.0.1:11434/api/generate "HTTP/1.1 200 OK"
2026-06-19 10:24:41,309 [INFO] [FILTER] JTOUSDT below EMA-50 (price=0.7126, ema=0.7287). Skipping.
2026-06-19 10:24:41,309 [INFO] [SLEEP] Sleeping for 120s…
2026-06-19 10:26:41,311 [INFO] ======================================================================
2026-06-19 10:26:41,311 [INFO] [LOOP] Cycle #112 | 2026-06-19 10:26:41
2026-06-19 10:26:41,311 [INFO] [MONITOR] Evaluating 8 open positions…
2026-06-19 10:26:41,429 [INFO] [DATA] TRXUSDT | now=0.3207 | entry=0.3173 | PnL=+1.07%
2026-06-19 10:26:41,549 [INFO] [DATA] RLUSDUSDT | now=1.0009 | entry=1.0008 | PnL=+0.01%
2026-06-19 10:26:41,664 [INFO] [DATA] WLDUSDT | now=0.6263 | entry=0.6348 | PnL=-1.34%
2026-06-19 10:26:41,779 [INFO] [DATA] XLMUSDT | now=0.2195 | entry=0.2262 | PnL=-2.96%
2026-06-19 10:26:41,917 [INFO] [DATA] ENAUSDT | now=0.0877 | entry=0.0897 | PnL=-2.23%
2026-06-19 10:26:42,033 [INFO] [DATA] UUSDT | now=1.0008 | entry=1.0009 | PnL=-0.01%
2026-06-19 10:26:42,155 [INFO] [DATA] SYNUSDT | now=0.1324 | entry=0.1178 | PnL=+12.39%
2026-06-19 10:26:42,272 [INFO] [DATA] BIOUSDT | now=0.0351 | entry=0.0356 | PnL=-1.49%
2026-06-19 10:26:42,272 [INFO] [INVENTORY] 8/10 slots used — 2 vacant.
2026-06-19 10:26:42,390 [INFO] [LIQUIDITY] Free USDT: $10.55
2026-06-19 10:26:43,559 [INFO] HTTP Request: POST http://127.0.0.1:11434/api/generate "HTTP/1.1 200 OK"
2026-06-19 10:26:43,560 [INFO] [FILTER] ZECUSDT below EMA-50 (price=442.1800, ema=471.8508). Skipping.
2026-06-19 10:26:44,147 [INFO] HTTP Request: POST http://127.0.0.1:11434/api/generate "HTTP/1.1 200 OK"
2026-06-19 10:26:44,147 [INFO] [FILTER] NEARUSDT below EMA-50 (price=2.1030, ema=2.2454). Skipping.
2026-06-19 10:26:44,582 [INFO] HTTP Request: POST http://127.0.0.1:11434/api/generate "HTTP/1.1 200 OK"
2026-06-19 10:26:44,582 [INFO] [FILTER] SPCXBUSDT below EMA-50 (price=177.7000, ema=188.0515). Skipping.
2026-06-19 10:26:45,001 [INFO] HTTP Request: POST http://127.0.0.1:11434/api/generate "HTTP/1.1 200 OK"
2026-06-19 10:26:45,001 [INFO] [FILTER] ASTERUSDT below EMA-50 (price=0.6200, ema=0.6615). Skipping.
2026-06-19 10:26:45,473 [INFO] HTTP Request: POST http://127.0.0.1:11434/api/generate "HTTP/1.1 200 OK"
2026-06-19 10:26:45,473 [INFO] [FILTER] XPLUSDT below EMA-50 (price=0.0931, ema=0.1006). Skipping.
2026-06-19 10:26:45,952 [INFO] HTTP Request: POST http://127.0.0.1:11434/api/generate "HTTP/1.1 200 OK"
2026-06-19 10:26:45,953 [INFO] [FILTER] TAOUSDT below EMA-50 (price=226.8000, ema=243.4219). Skipping.
2026-06-19 10:26:46,355 [INFO] HTTP Request: POST http://127.0.0.1:11434/api/generate "HTTP/1.1 200 OK"
2026-06-19 10:26:46,355 [INFO] [FILTER] SUIUSDT below EMA-50 (price=0.7079, ema=0.7516). Skipping.
2026-06-19 10:26:46,864 [INFO] HTTP Request: POST http://127.0.0.1:11434/api/generate "HTTP/1.1 200 OK"
2026-06-19 10:26:46,864 [INFO] [FILTER] MEGAUSDT below EMA-50 (price=0.0585, ema=0.0609). Skipping.
2026-06-19 10:26:47,522 [INFO] HTTP Request: POST http://127.0.0.1:11434/api/generate "HTTP/1.1 200 OK"
2026-06-19 10:26:47,523 [INFO] [FILTER] LINKUSDT below EMA-50 (price=7.8180, ema=8.0515). Skipping.
2026-06-19 10:26:47,947 [INFO] HTTP Request: POST http://127.0.0.1:11434/api/generate "HTTP/1.1 200 OK"
2026-06-19 10:26:47,947 [INFO] [FILTER] HOMEUSDT below EMA-50 (price=0.0263, ema=0.0283). Skipping.
2026-06-19 10:26:48,422 [INFO] HTTP Request: POST http://127.0.0.1:11434/api/generate "HTTP/1.1 200 OK"
2026-06-19 10:26:48,422 [INFO] [FILTER] BCHUSDT below EMA-50 (price=193.4000, ema=206.2379). Skipping.
2026-06-19 10:26:48,872 [INFO] HTTP Request: POST http://127.0.0.1:11434/api/generate "HTTP/1.1 200 OK"
2026-06-19 10:26:48,872 [INFO] [FILTER] 币安人生USDT below EMA-50 (price=0.6913, ema=0.6959). Skipping.
2026-06-19 10:26:49,385 [INFO] HTTP Request: POST http://127.0.0.1:11434/api/generate "HTTP/1.1 200 OK"
2026-06-19 10:26:49,385 [INFO] [FILTER] AAVEUSDT below EMA-50 (price=72.0700, ema=74.0482). Skipping.
2026-06-19 10:26:49,816 [INFO] HTTP Request: POST http://127.0.0.1:11434/api/generate "HTTP/1.1 200 OK"
2026-06-19 10:26:49,817 [INFO] [FILTER] JTOUSDT below EMA-50 (price=0.7123, ema=0.7287). Skipping.
2026-06-19 10:26:49,817 [INFO] [SLEEP] Sleeping for 120s…
2026-06-19 10:28:49,818 [INFO] ======================================================================
2026-06-19 10:28:49,818 [INFO] [LOOP] Cycle #113 | 2026-06-19 10:28:49
2026-06-19 10:28:49,818 [INFO] [MONITOR] Evaluating 8 open positions…
2026-06-19 10:28:49,938 [INFO] [DATA] TRXUSDT | now=0.3207 | entry=0.3173 | PnL=+1.07%
2026-06-19 10:28:50,072 [INFO] [DATA] RLUSDUSDT | now=1.0009 | entry=1.0008 | PnL=+0.01%
2026-06-19 10:28:50,201 [INFO] [DATA] WLDUSDT | now=0.6269 | entry=0.6348 | PnL=-1.24%
2026-06-19 10:28:50,322 [INFO] [DATA] XLMUSDT | now=0.2200 | entry=0.2262 | PnL=-2.74%
2026-06-19 10:28:50,442 [INFO] [DATA] ENAUSDT | now=0.0880 | entry=0.0897 | PnL=-1.90%
2026-06-19 10:28:50,566 [INFO] [DATA] UUSDT | now=1.0007 | entry=1.0009 | PnL=-0.02%
2026-06-19 10:28:50,685 [INFO] [DATA] SYNUSDT | now=0.1337 | entry=0.1178 | PnL=+13.50%
2026-06-19 10:28:50,800 [INFO] [DATA] BIOUSDT | now=0.0351 | entry=0.0356 | PnL=-1.60%
2026-06-19 10:28:50,800 [INFO] [INVENTORY] 8/10 slots used — 2 vacant.
2026-06-19 10:28:50,922 [INFO] [LIQUIDITY] Free USDT: $10.55
2026-06-19 10:28:51,915 [INFO] HTTP Request: POST http://127.0.0.1:11434/api/generate "HTTP/1.1 200 OK"
2026-06-19 10:28:51,916 [INFO] [FILTER] ZECUSDT below EMA-50 (price=442.2100, ema=471.8520). Skipping.
2026-06-19 10:28:52,432 [INFO] HTTP Request: POST http://127.0.0.1:11434/api/generate "HTTP/1.1 200 OK"
2026-06-19 10:28:52,433 [INFO] [FILTER] NEARUSDT below EMA-50 (price=2.1040, ema=2.2455). Skipping.
2026-06-19 10:28:52,832 [INFO] HTTP Request: POST http://127.0.0.1:11434/api/generate "HTTP/1.1 200 OK"
2026-06-19 10:28:52,832 [INFO] [FILTER] SPCXBUSDT below EMA-50 (price=177.4700, ema=188.0425). Skipping.
2026-06-19 10:28:53,227 [INFO] HTTP Request: POST http://127.0.0.1:11434/api/generate "HTTP/1.1 200 OK"
2026-06-19 10:28:53,227 [INFO] [FILTER] ASTERUSDT below EMA-50 (price=0.6200, ema=0.6615). Skipping.
2026-06-19 10:28:53,635 [INFO] HTTP Request: POST http://127.0.0.1:11434/api/generate "HTTP/1.1 200 OK"
2026-06-19 10:28:53,636 [INFO] [FILTER] XPLUSDT below EMA-50 (price=0.0936, ema=0.1006). Skipping.
2026-06-19 10:28:54,036 [INFO] HTTP Request: POST http://127.0.0.1:11434/api/generate "HTTP/1.1 200 OK"
2026-06-19 10:28:54,036 [INFO] [FILTER] TAOUSDT below EMA-50 (price=226.8000, ema=243.4219). Skipping.
2026-06-19 10:28:54,469 [INFO] HTTP Request: POST http://127.0.0.1:11434/api/generate "HTTP/1.1 200 OK"
2026-06-19 10:28:54,470 [INFO] [FILTER] SUIUSDT below EMA-50 (price=0.7089, ema=0.7517). Skipping.
2026-06-19 10:28:54,903 [INFO] HTTP Request: POST http://127.0.0.1:11434/api/generate "HTTP/1.1 200 OK"
2026-06-19 10:28:54,903 [INFO] [FILTER] MEGAUSDT below EMA-50 (price=0.0587, ema=0.0609). Skipping.
2026-06-19 10:28:55,358 [INFO] HTTP Request: POST http://127.0.0.1:11434/api/generate "HTTP/1.1 200 OK"
2026-06-19 10:28:55,359 [INFO] [FILTER] LINKUSDT below EMA-50 (price=7.8270, ema=8.0518). Skipping.
2026-06-19 10:28:56,047 [INFO] HTTP Request: POST http://127.0.0.1:11434/api/generate "HTTP/1.1 200 OK"
2026-06-19 10:28:56,048 [INFO] [FILTER] HOMEUSDT below EMA-50 (price=0.0263, ema=0.0283). Skipping.
2026-06-19 10:28:56,482 [INFO] HTTP Request: POST http://127.0.0.1:11434/api/generate "HTTP/1.1 200 OK"
2026-06-19 10:28:56,482 [INFO] [FILTER] BCHUSDT below EMA-50 (price=193.7000, ema=206.2496). Skipping.
2026-06-19 10:28:56,912 [INFO] HTTP Request: POST http://127.0.0.1:11434/api/generate "HTTP/1.1 200 OK"
2026-06-19 10:28:56,912 [INFO] [FILTER] 币安人生USDT below EMA-50 (price=0.6908, ema=0.6959). Skipping.
2026-06-19 10:28:57,364 [INFO] HTTP Request: POST http://127.0.0.1:11434/api/generate "HTTP/1.1 200 OK"
2026-06-19 10:28:57,365 [INFO] [FILTER] AAVEUSDT below EMA-50 (price=72.1300, ema=74.0505). Skipping.
2026-06-19 10:28:57,848 [INFO] HTTP Request: POST http://127.0.0.1:11434/api/generate "HTTP/1.1 200 OK"
2026-06-19 10:28:57,848 [INFO] [DEPLOY] ALLOUSDT passed all filters — entering…
2026-06-19 10:28:58,700 [INFO] [TRADE] Placing market buy for ALLOUSDT — qty=26.000000
2026-06-19 10:28:59,836 [INFO] [TRADE] ALLOUSDT entered | entry=0.3833 | TP=0.4095 | SL=0.3701
2026-06-19 10:28:59,838 [INFO] [SLEEP] Sleeping for 120s…
2026-06-19 10:30:59,839 [INFO] ======================================================================
2026-06-19 10:30:59,839 [INFO] [LOOP] Cycle #114 | 2026-06-19 10:30:59
2026-06-19 10:30:59,839 [INFO] [MONITOR] Evaluating 9 open positions…
2026-06-19 10:30:59,958 [INFO] [DATA] TRXUSDT | now=0.3206 | entry=0.3173 | PnL=+1.04%
2026-06-19 10:31:00,077 [INFO] [DATA] RLUSDUSDT | now=1.0009 | entry=1.0008 | PnL=+0.01%
2026-06-19 10:31:00,201 [INFO] [DATA] WLDUSDT | now=0.6256 | entry=0.6348 | PnL=-1.45%
2026-06-19 10:31:00,352 [INFO] [DATA] XLMUSDT | now=0.2205 | entry=0.2262 | PnL=-2.52%
2026-06-19 10:31:00,488 [INFO] [DATA] ENAUSDT | now=0.0881 | entry=0.0897 | PnL=-1.78%
2026-06-19 10:31:00,608 [INFO] [DATA] UUSDT | now=1.0007 | entry=1.0009 | PnL=-0.02%
2026-06-19 10:31:00,714 [INFO] [DATA] SYNUSDT | now=0.1331 | entry=0.1178 | PnL=+12.99%
2026-06-19 10:31:00,840 [INFO] [DATA] BIOUSDT | now=0.0352 | entry=0.0356 | PnL=-1.26%
2026-06-19 10:31:00,946 [INFO] [DATA] ALLOUSDT | now=0.3818 | entry=0.3833 | PnL=-0.39%
2026-06-19 10:31:00,946 [INFO] [INVENTORY] 9/10 slots used — 1 vacant.
2026-06-19 10:31:01,075 [INFO] [LIQUIDITY] Free USDT: $0.58
2026-06-19 10:31:01,075 [INFO] [STANDBY] Insufficient USDT (need $10.00).
2026-06-19 10:31:01,075 [INFO] [SLEEP] Sleeping for 120s…
2026-06-19 10:33:01,083 [INFO] ======================================================================
2026-06-19 10:33:01,083 [INFO] [LOOP] Cycle #115 | 2026-06-19 10:33:01
2026-06-19 10:33:01,083 [INFO] [MONITOR] Evaluating 9 open positions…
2026-06-19 10:33:01,205 [INFO] [DATA] TRXUSDT | now=0.3206 | entry=0.3173 | PnL=+1.04%
2026-06-19 10:33:01,317 [INFO] [DATA] RLUSDUSDT | now=1.0009 | entry=1.0008 | PnL=+0.01%
2026-06-19 10:33:01,427 [INFO] [DATA] WLDUSDT | now=0.6274 | entry=0.6348 | PnL=-1.17%
2026-06-19 10:33:01,555 [INFO] [DATA] XLMUSDT | now=0.2199 | entry=0.2262 | PnL=-2.79%
2026-06-19 10:33:01,664 [INFO] [DATA] ENAUSDT | now=0.0882 | entry=0.0897 | PnL=-1.67%
2026-06-19 10:33:01,780 [INFO] [DATA] UUSDT | now=1.0008 | entry=1.0009 | PnL=-0.01%
2026-06-19 10:33:01,910 [INFO] [DATA] SYNUSDT | now=0.1347 | entry=0.1178 | PnL=+14.35%
2026-06-19 10:33:02,016 [INFO] [DATA] BIOUSDT | now=0.0352 | entry=0.0356 | PnL=-1.32%
2026-06-19 10:33:02,333 [INFO] [DATA] ALLOUSDT | now=0.3846 | entry=0.3833 | PnL=+0.34%
2026-06-19 10:33:02,333 [INFO] [INVENTORY] 9/10 slots used — 1 vacant.
2026-06-19 10:33:02,465 [INFO] [LIQUIDITY] Free USDT: $0.58
2026-06-19 10:33:02,465 [INFO] [STANDBY] Insufficient USDT (need $10.00).
2026-06-19 10:33:02,465 [INFO] [SLEEP] Sleeping for 120s…
2026-06-19 10:35:02,468 [INFO] ======================================================================
2026-06-19 10:35:02,468 [INFO] [LOOP] Cycle #116 | 2026-06-19 10:35:02
2026-06-19 10:35:02,468 [INFO] [MONITOR] Evaluating 9 open positions…
2026-06-19 10:35:02,590 [INFO] [DATA] TRXUSDT | now=0.3209 | entry=0.3173 | PnL=+1.13%
2026-06-19 10:35:02,771 [INFO] [DATA] RLUSDUSDT | now=1.0009 | entry=1.0008 | PnL=+0.01%
2026-06-19 10:35:02,891 [INFO] [DATA] WLDUSDT | now=0.6294 | entry=0.6348 | PnL=-0.85%
2026-06-19 10:35:03,009 [INFO] [DATA] XLMUSDT | now=0.2206 | entry=0.2262 | PnL=-2.48%
2026-06-19 10:35:03,126 [INFO] [DATA] ENAUSDT | now=0.0882 | entry=0.0897 | PnL=-1.67%
2026-06-19 10:35:03,287 [INFO] [DATA] UUSDT | now=1.0007 | entry=1.0009 | PnL=-0.02%
2026-06-19 10:35:03,491 [INFO] [DATA] SYNUSDT | now=0.1364 | entry=0.1178 | PnL=+15.79%
2026-06-19 10:35:03,625 [INFO] [DATA] BIOUSDT | now=0.0353 | entry=0.0356 | PnL=-0.87%
2026-06-19 10:35:03,748 [INFO] [DATA] ALLOUSDT | now=0.3832 | entry=0.3833 | PnL=-0.03%
2026-06-19 10:35:03,748 [INFO] [INVENTORY] 9/10 slots used — 1 vacant.
2026-06-19 10:35:03,852 [INFO] [LIQUIDITY] Free USDT: $0.58
2026-06-19 10:35:03,852 [INFO] [STANDBY] Insufficient USDT (need $10.00).
2026-06-19 10:35:03,852 [INFO] [SLEEP] Sleeping for 120s…
2026-06-19 10:37:03,867 [INFO] ======================================================================
2026-06-19 10:37:03,867 [INFO] [LOOP] Cycle #117 | 2026-06-19 10:37:03
2026-06-19 10:37:03,867 [INFO] [MONITOR] Evaluating 9 open positions…
2026-06-19 10:37:03,981 [INFO] [DATA] TRXUSDT | now=0.3207 | entry=0.3173 | PnL=+1.07%
2026-06-19 10:37:04,098 [INFO] [DATA] RLUSDUSDT | now=1.0009 | entry=1.0008 | PnL=+0.01%
2026-06-19 10:37:04,204 [INFO] [DATA] WLDUSDT | now=0.6302 | entry=0.6348 | PnL=-0.72%
2026-06-19 10:37:04,321 [INFO] [DATA] XLMUSDT | now=0.2211 | entry=0.2262 | PnL=-2.25%
2026-06-19 10:37:04,439 [INFO] [DATA] ENAUSDT | now=0.0882 | entry=0.0897 | PnL=-1.67%
2026-06-19 10:37:04,570 [INFO] [DATA] UUSDT | now=1.0007 | entry=1.0009 | PnL=-0.02%
2026-06-19 10:37:04,679 [INFO] [DATA] SYNUSDT | now=0.1346 | entry=0.1178 | PnL=+14.26%
2026-06-19 10:37:04,795 [INFO] [DATA] BIOUSDT | now=0.0353 | entry=0.0356 | PnL=-1.04%
2026-06-19 10:37:04,917 [INFO] [DATA] ALLOUSDT | now=0.3844 | entry=0.3833 | PnL=+0.29%
2026-06-19 10:37:04,917 [INFO] [INVENTORY] 9/10 slots used — 1 vacant.
2026-06-19 10:37:05,057 [INFO] [LIQUIDITY] Free USDT: $0.58
2026-06-19 10:37:05,057 [INFO] [STANDBY] Insufficient USDT (need $10.00).
2026-06-19 10:37:05,057 [INFO] [SLEEP] Sleeping for 120s…
2026-06-19 10:39:05,058 [INFO] ======================================================================
2026-06-19 10:39:05,058 [INFO] [LOOP] Cycle #118 | 2026-06-19 10:39:05
2026-06-19 10:39:05,058 [INFO] [MONITOR] Evaluating 9 open positions…
2026-06-19 10:39:05,173 [INFO] [DATA] TRXUSDT | now=0.3208 | entry=0.3173 | PnL=+1.10%
2026-06-19 10:39:05,281 [INFO] [DATA] RLUSDUSDT | now=1.0009 | entry=1.0008 | PnL=+0.01%
2026-06-19 10:39:05,443 [INFO] [DATA] WLDUSDT | now=0.6327 | entry=0.6348 | PnL=-0.33%
2026-06-19 10:39:05,561 [INFO] [DATA] XLMUSDT | now=0.2224 | entry=0.2262 | PnL=-1.68%
2026-06-19 10:39:05,677 [INFO] [DATA] ENAUSDT | now=0.0883 | entry=0.0897 | PnL=-1.56%
2026-06-19 10:39:05,791 [INFO] [DATA] UUSDT | now=1.0007 | entry=1.0009 | PnL=-0.02%
2026-06-19 10:39:05,953 [INFO] [DATA] SYNUSDT | now=0.1361 | entry=0.1178 | PnL=+15.53%
2026-06-19 10:39:06,148 [INFO] [DATA] BIOUSDT | now=0.0354 | entry=0.0356 | PnL=-0.79%
2026-06-19 10:39:06,277 [INFO] [DATA] ALLOUSDT | now=0.3835 | entry=0.3833 | PnL=+0.05%
2026-06-19 10:39:06,277 [INFO] [INVENTORY] 9/10 slots used — 1 vacant.
2026-06-19 10:39:06,381 [INFO] [LIQUIDITY] Free USDT: $0.58
2026-06-19 10:39:06,381 [INFO] [STANDBY] Insufficient USDT (need $10.00).
2026-06-19 10:39:06,381 [INFO] [SLEEP] Sleeping for 120s…
2026-06-19 10:41:06,394 [INFO] ======================================================================
2026-06-19 10:41:06,394 [INFO] [LOOP] Cycle #119 | 2026-06-19 10:41:06
2026-06-19 10:41:06,394 [INFO] [MONITOR] Evaluating 9 open positions…
2026-06-19 10:41:06,508 [INFO] [DATA] TRXUSDT | now=0.3209 | entry=0.3173 | PnL=+1.13%
2026-06-19 10:41:06,620 [INFO] [DATA] RLUSDUSDT | now=1.0009 | entry=1.0008 | PnL=+0.01%
2026-06-19 10:41:06,744 [INFO] [DATA] WLDUSDT | now=0.6323 | entry=0.6348 | PnL=-0.39%
2026-06-19 10:41:06,860 [INFO] [DATA] XLMUSDT | now=0.2220 | entry=0.2262 | PnL=-1.86%
2026-06-19 10:41:06,979 [INFO] [DATA] ENAUSDT | now=0.0884 | entry=0.0897 | PnL=-1.45%
2026-06-19 10:41:07,107 [INFO] [DATA] UUSDT | now=1.0007 | entry=1.0009 | PnL=-0.02%
2026-06-19 10:41:07,230 [INFO] [DATA] SYNUSDT | now=0.1349 | entry=0.1178 | PnL=+14.52%
2026-06-19 10:41:07,350 [INFO] [DATA] BIOUSDT | now=0.0354 | entry=0.0356 | PnL=-0.73%
2026-06-19 10:41:07,470 [INFO] [DATA] ALLOUSDT | now=0.3830 | entry=0.3833 | PnL=-0.08%
2026-06-19 10:41:07,470 [INFO] [INVENTORY] 9/10 slots used — 1 vacant.
2026-06-19 10:41:07,595 [INFO] [LIQUIDITY] Free USDT: $0.58
2026-06-19 10:41:07,595 [INFO] [STANDBY] Insufficient USDT (need $10.00).
2026-06-19 10:41:07,595 [INFO] [SLEEP] Sleeping for 120s…
2026-06-19 10:43:07,606 [INFO] ======================================================================
2026-06-19 10:43:07,606 [INFO] [LOOP] Cycle #120 | 2026-06-19 10:43:07
2026-06-19 10:43:07,606 [INFO] [MONITOR] Evaluating 9 open positions…
2026-06-19 10:43:07,729 [INFO] [DATA] TRXUSDT | now=0.3209 | entry=0.3173 | PnL=+1.13%
2026-06-19 10:43:07,839 [INFO] [DATA] RLUSDUSDT | now=1.0009 | entry=1.0008 | PnL=+0.01%
2026-06-19 10:43:07,965 [INFO] [DATA] WLDUSDT | now=0.6345 | entry=0.6348 | PnL=-0.05%
2026-06-19 10:43:08,085 [INFO] [DATA] XLMUSDT | now=0.2220 | entry=0.2262 | PnL=-1.86%
2026-06-19 10:43:08,195 [INFO] [DATA] ENAUSDT | now=0.0884 | entry=0.0897 | PnL=-1.45%
2026-06-19 10:43:08,310 [INFO] [DATA] UUSDT | now=1.0007 | entry=1.0009 | PnL=-0.02%
2026-06-19 10:43:08,424 [INFO] [DATA] SYNUSDT | now=0.1352 | entry=0.1178 | PnL=+14.77%
2026-06-19 10:43:08,554 [INFO] [DATA] BIOUSDT | now=0.0352 | entry=0.0356 | PnL=-1.12%
2026-06-19 10:43:08,679 [INFO] [DATA] ALLOUSDT | now=0.3831 | entry=0.3833 | PnL=-0.05%
2026-06-19 10:43:08,679 [INFO] [INVENTORY] 9/10 slots used — 1 vacant.
2026-06-19 10:43:08,789 [INFO] [LIQUIDITY] Free USDT: $0.58
2026-06-19 10:43:08,789 [INFO] [STANDBY] Insufficient USDT (need $10.00).
2026-06-19 10:43:08,789 [INFO] [SLEEP] Sleeping for 120s…
2026-06-19 10:45:08,802 [INFO] ======================================================================
2026-06-19 10:45:08,802 [INFO] [LOOP] Cycle #121 | 2026-06-19 10:45:08
2026-06-19 10:45:08,802 [INFO] [MONITOR] Evaluating 9 open positions…
2026-06-19 10:45:08,918 [INFO] [DATA] TRXUSDT | now=0.3207 | entry=0.3173 | PnL=+1.07%
2026-06-19 10:45:09,029 [INFO] [DATA] RLUSDUSDT | now=1.0008 | entry=1.0008 | PnL=+0.00%
2026-06-19 10:45:09,136 [INFO] [DATA] WLDUSDT | now=0.6330 | entry=0.6348 | PnL=-0.28%
2026-06-19 10:45:09,251 [INFO] [DATA] XLMUSDT | now=0.2213 | entry=0.2262 | PnL=-2.17%
2026-06-19 10:45:09,367 [INFO] [DATA] ENAUSDT | now=0.0881 | entry=0.0897 | PnL=-1.78%
2026-06-19 10:45:09,497 [INFO] [DATA] UUSDT | now=1.0007 | entry=1.0009 | PnL=-0.02%
2026-06-19 10:45:09,603 [INFO] [DATA] SYNUSDT | now=0.1349 | entry=0.1178 | PnL=+14.52%
2026-06-19 10:45:09,720 [INFO] [DATA] BIOUSDT | now=0.0352 | entry=0.0356 | PnL=-1.09%
2026-06-19 10:45:09,849 [INFO] [DATA] ALLOUSDT | now=0.3826 | entry=0.3833 | PnL=-0.18%
2026-06-19 10:45:09,850 [INFO] [INVENTORY] 9/10 slots used — 1 vacant.
2026-06-19 10:45:09,957 [INFO] [LIQUIDITY] Free USDT: $0.58
2026-06-19 10:45:09,957 [INFO] [STANDBY] Insufficient USDT (need $10.00).
2026-06-19 10:45:09,957 [INFO] [SLEEP] Sleeping for 120s…
2026-06-19 10:47:09,969 [INFO] ======================================================================
2026-06-19 10:47:09,969 [INFO] [LOOP] Cycle #122 | 2026-06-19 10:47:09
2026-06-19 10:47:09,969 [INFO] [MONITOR] Evaluating 9 open positions…
2026-06-19 10:47:10,085 [INFO] [DATA] TRXUSDT | now=0.3208 | entry=0.3173 | PnL=+1.10%
2026-06-19 10:47:10,195 [INFO] [DATA] RLUSDUSDT | now=1.0008 | entry=1.0008 | PnL=+0.00%
2026-06-19 10:47:10,351 [INFO] [DATA] WLDUSDT | now=0.6332 | entry=0.6348 | PnL=-0.25%
2026-06-19 10:47:10,795 [INFO] [DATA] XLMUSDT | now=0.2212 | entry=0.2262 | PnL=-2.21%
2026-06-19 10:47:11,252 [INFO] [DATA] ENAUSDT | now=0.0880 | entry=0.0897 | PnL=-1.90%
2026-06-19 10:47:11,404 [INFO] [DATA] UUSDT | now=1.0007 | entry=1.0009 | PnL=-0.02%
2026-06-19 10:47:11,548 [INFO] [DATA] SYNUSDT | now=0.1359 | entry=0.1178 | PnL=+15.37%
2026-06-19 10:47:11,751 [INFO] [DATA] BIOUSDT | now=0.0352 | entry=0.0356 | PnL=-1.12%
2026-06-19 10:47:11,940 [INFO] [DATA] ALLOUSDT | now=0.3820 | entry=0.3833 | PnL=-0.34%
2026-06-19 10:47:11,940 [INFO] [INVENTORY] 9/10 slots used — 1 vacant.
2026-06-19 10:47:12,078 [INFO] [LIQUIDITY] Free USDT: $0.58
2026-06-19 10:47:12,078 [INFO] [STANDBY] Insufficient USDT (need $10.00).
2026-06-19 10:47:12,078 [INFO] [SLEEP] Sleeping for 120s…
2026-06-19 10:49:12,084 [INFO] ======================================================================
2026-06-19 10:49:12,084 [INFO] [LOOP] Cycle #123 | 2026-06-19 10:49:12
2026-06-19 10:49:12,084 [INFO] [MONITOR] Evaluating 9 open positions…
2026-06-19 10:49:12,206 [INFO] [DATA] TRXUSDT | now=0.3207 | entry=0.3173 | PnL=+1.07%
2026-06-19 10:49:12,324 [INFO] [DATA] RLUSDUSDT | now=1.0009 | entry=1.0008 | PnL=+0.01%
2026-06-19 10:49:12,474 [INFO] [DATA] WLDUSDT | now=0.6342 | entry=0.6348 | PnL=-0.09%
2026-06-19 10:49:12,613 [INFO] [DATA] XLMUSDT | now=0.2217 | entry=0.2262 | PnL=-1.99%
2026-06-19 10:49:12,735 [INFO] [DATA] ENAUSDT | now=0.0880 | entry=0.0897 | PnL=-1.90%
2026-06-19 10:49:12,857 [INFO] [DATA] UUSDT | now=1.0008 | entry=1.0009 | PnL=-0.01%
2026-06-19 10:49:12,962 [INFO] [DATA] SYNUSDT | now=0.1345 | entry=0.1178 | PnL=+14.18%
2026-06-19 10:49:13,077 [INFO] [DATA] BIOUSDT | now=0.0352 | entry=0.0356 | PnL=-1.32%
2026-06-19 10:49:13,208 [INFO] [DATA] ALLOUSDT | now=0.3821 | entry=0.3833 | PnL=-0.31%
2026-06-19 10:49:13,208 [INFO] [INVENTORY] 9/10 slots used — 1 vacant.
2026-06-19 10:49:13,321 [INFO] [LIQUIDITY] Free USDT: $0.58
2026-06-19 10:49:13,321 [INFO] [STANDBY] Insufficient USDT (need $10.00).
2026-06-19 10:49:13,321 [INFO] [SLEEP] Sleeping for 120s…
2026-06-19 10:51:13,333 [INFO] ======================================================================
2026-06-19 10:51:13,333 [INFO] [LOOP] Cycle #124 | 2026-06-19 10:51:13
2026-06-19 10:51:13,333 [INFO] [MONITOR] Evaluating 9 open positions…
2026-06-19 10:51:13,463 [INFO] [DATA] TRXUSDT | now=0.3206 | entry=0.3173 | PnL=+1.04%
2026-06-19 10:51:13,573 [INFO] [DATA] RLUSDUSDT | now=1.0009 | entry=1.0008 | PnL=+0.01%
2026-06-19 10:51:13,711 [INFO] [DATA] WLDUSDT | now=0.6329 | entry=0.6348 | PnL=-0.30%
2026-06-19 10:51:13,838 [INFO] [DATA] XLMUSDT | now=0.2219 | entry=0.2262 | PnL=-1.90%
2026-06-19 10:51:13,963 [INFO] [DATA] ENAUSDT | now=0.0880 | entry=0.0897 | PnL=-1.90%
2026-06-19 10:51:14,085 [INFO] [DATA] UUSDT | now=1.0008 | entry=1.0009 | PnL=-0.01%
2026-06-19 10:51:14,228 [INFO] [DATA] SYNUSDT | now=0.1344 | entry=0.1178 | PnL=+14.09%
2026-06-19 10:51:14,359 [INFO] [DATA] BIOUSDT | now=0.0351 | entry=0.0356 | PnL=-1.40%
2026-06-19 10:51:14,486 [INFO] [DATA] ALLOUSDT | now=0.3818 | entry=0.3833 | PnL=-0.39%
2026-06-19 10:51:14,486 [INFO] [INVENTORY] 9/10 slots used — 1 vacant.
2026-06-19 10:51:14,606 [INFO] [LIQUIDITY] Free USDT: $0.58
2026-06-19 10:51:14,606 [INFO] [STANDBY] Insufficient USDT (need $10.00).
2026-06-19 10:51:14,606 [INFO] [SLEEP] Sleeping for 120s…
2026-06-19 10:53:14,617 [INFO] ======================================================================
2026-06-19 10:53:14,617 [INFO] [LOOP] Cycle #125 | 2026-06-19 10:53:14
2026-06-19 10:53:14,617 [INFO] [MONITOR] Evaluating 9 open positions…
2026-06-19 10:53:14,738 [INFO] [DATA] TRXUSDT | now=0.3205 | entry=0.3173 | PnL=+1.01%
2026-06-19 10:53:14,854 [INFO] [DATA] RLUSDUSDT | now=1.0008 | entry=1.0008 | PnL=+0.00%
2026-06-19 10:53:14,991 [INFO] [DATA] WLDUSDT | now=0.6317 | entry=0.6348 | PnL=-0.49%
2026-06-19 10:53:15,152 [INFO] [DATA] XLMUSDT | now=0.2217 | entry=0.2262 | PnL=-1.99%
2026-06-19 10:53:15,302 [INFO] [DATA] ENAUSDT | now=0.0878 | entry=0.0897 | PnL=-2.12%
2026-06-19 10:53:15,430 [INFO] [DATA] UUSDT | now=1.0007 | entry=1.0009 | PnL=-0.02%
2026-06-19 10:53:15,586 [INFO] [DATA] SYNUSDT | now=0.1342 | entry=0.1178 | PnL=+13.92%
2026-06-19 10:53:15,717 [INFO] [DATA] BIOUSDT | now=0.0350 | entry=0.0356 | PnL=-1.77%
2026-06-19 10:53:15,832 [INFO] [DATA] ALLOUSDT | now=0.3821 | entry=0.3833 | PnL=-0.31%
2026-06-19 10:53:15,847 [INFO] [INVENTORY] 9/10 slots used — 1 vacant.
2026-06-19 10:53:15,961 [INFO] [LIQUIDITY] Free USDT: $0.58
2026-06-19 10:53:15,961 [INFO] [STANDBY] Insufficient USDT (need $10.00).
2026-06-19 10:53:15,961 [INFO] [SLEEP] Sleeping for 120s…
2026-06-19 10:55:15,973 [INFO] ======================================================================
2026-06-19 10:55:15,973 [INFO] [LOOP] Cycle #126 | 2026-06-19 10:55:15
2026-06-19 10:55:15,973 [INFO] [MONITOR] Evaluating 9 open positions…
2026-06-19 10:55:16,101 [INFO] [DATA] TRXUSDT | now=0.3206 | entry=0.3173 | PnL=+1.04%
2026-06-19 10:55:16,211 [INFO] [DATA] RLUSDUSDT | now=1.0009 | entry=1.0008 | PnL=+0.01%
2026-06-19 10:55:16,339 [INFO] [DATA] WLDUSDT | now=0.6316 | entry=0.6348 | PnL=-0.50%
2026-06-19 10:55:16,447 [INFO] [DATA] XLMUSDT | now=0.2220 | entry=0.2262 | PnL=-1.86%
2026-06-19 10:55:16,589 [INFO] [DATA] ENAUSDT | now=0.0879 | entry=0.0897 | PnL=-2.01%
2026-06-19 10:55:16,721 [INFO] [DATA] UUSDT | now=1.0007 | entry=1.0009 | PnL=-0.02%
2026-06-19 10:55:16,844 [INFO] [DATA] SYNUSDT | now=0.1335 | entry=0.1178 | PnL=+13.33%
2026-06-19 10:55:16,990 [INFO] [DATA] BIOUSDT | now=0.0350 | entry=0.0356 | PnL=-1.80%
2026-06-19 10:55:17,104 [INFO] [DATA] ALLOUSDT | now=0.3820 | entry=0.3833 | PnL=-0.34%
2026-06-19 10:55:17,104 [INFO] [INVENTORY] 9/10 slots used — 1 vacant.
2026-06-19 10:55:17,230 [INFO] [LIQUIDITY] Free USDT: $0.58
2026-06-19 10:55:17,230 [INFO] [STANDBY] Insufficient USDT (need $10.00).
2026-06-19 10:55:17,230 [INFO] [SLEEP] Sleeping for 120s…
2026-06-19 10:57:17,243 [INFO] ======================================================================
2026-06-19 10:57:17,243 [INFO] [LOOP] Cycle #127 | 2026-06-19 10:57:17
2026-06-19 10:57:17,243 [INFO] [MONITOR] Evaluating 9 open positions…
2026-06-19 10:57:17,373 [INFO] [DATA] TRXUSDT | now=0.3205 | entry=0.3173 | PnL=+1.01%
2026-06-19 10:57:17,489 [INFO] [DATA] RLUSDUSDT | now=1.0009 | entry=1.0008 | PnL=+0.01%
2026-06-19 10:57:17,611 [INFO] [DATA] WLDUSDT | now=0.6311 | entry=0.6348 | PnL=-0.58%
2026-06-19 10:57:17,730 [INFO] [DATA] XLMUSDT | now=0.2216 | entry=0.2262 | PnL=-2.03%
2026-06-19 10:57:17,848 [INFO] [DATA] ENAUSDT | now=0.0879 | entry=0.0897 | PnL=-2.01%
2026-06-19 10:57:17,983 [INFO] [DATA] UUSDT | now=1.0008 | entry=1.0009 | PnL=-0.01%
2026-06-19 10:57:18,106 [INFO] [DATA] SYNUSDT | now=0.1326 | entry=0.1178 | PnL=+12.56%
2026-06-19 10:57:18,222 [INFO] [DATA] BIOUSDT | now=0.0349 | entry=0.0356 | PnL=-1.96%
2026-06-19 10:57:18,344 [INFO] [DATA] ALLOUSDT | now=0.3821 | entry=0.3833 | PnL=-0.31%
2026-06-19 10:57:18,344 [INFO] [INVENTORY] 9/10 slots used — 1 vacant.
2026-06-19 10:57:18,475 [INFO] [LIQUIDITY] Free USDT: $0.58
2026-06-19 10:57:18,475 [INFO] [STANDBY] Insufficient USDT (need $10.00).
2026-06-19 10:57:18,475 [INFO] [SLEEP] Sleeping for 120s…
2026-06-19 10:59:18,478 [INFO] ======================================================================
2026-06-19 10:59:18,478 [INFO] [LOOP] Cycle #128 | 2026-06-19 10:59:18
2026-06-19 10:59:18,478 [INFO] [MONITOR] Evaluating 9 open positions…
2026-06-19 10:59:18,621 [INFO] [DATA] TRXUSDT | now=0.3206 | entry=0.3173 | PnL=+1.04%
2026-06-19 10:59:18,737 [INFO] [DATA] RLUSDUSDT | now=1.0009 | entry=1.0008 | PnL=+0.01%
2026-06-19 10:59:18,861 [INFO] [DATA] WLDUSDT | now=0.6332 | entry=0.6348 | PnL=-0.25%
2026-06-19 10:59:18,983 [INFO] [DATA] XLMUSDT | now=0.2216 | entry=0.2262 | PnL=-2.03%
2026-06-19 10:59:19,106 [INFO] [DATA] ENAUSDT | now=0.0879 | entry=0.0897 | PnL=-2.01%
2026-06-19 10:59:19,237 [INFO] [DATA] UUSDT | now=1.0007 | entry=1.0009 | PnL=-0.02%
2026-06-19 10:59:19,349 [INFO] [DATA] SYNUSDT | now=0.1334 | entry=0.1178 | PnL=+13.24%
2026-06-19 10:59:19,481 [INFO] [DATA] BIOUSDT | now=0.0349 | entry=0.0356 | PnL=-2.08%
2026-06-19 10:59:19,597 [INFO] [DATA] ALLOUSDT | now=0.3799 | entry=0.3833 | PnL=-0.89%
2026-06-19 10:59:19,597 [INFO] [INVENTORY] 9/10 slots used — 1 vacant.
2026-06-19 10:59:19,721 [INFO] [LIQUIDITY] Free USDT: $0.58
2026-06-19 10:59:19,721 [INFO] [STANDBY] Insufficient USDT (need $10.00).
2026-06-19 10:59:19,721 [INFO] [SLEEP] Sleeping for 120s…
2026-06-19 11:01:19,731 [INFO] ======================================================================
2026-06-19 11:01:19,731 [INFO] [LOOP] Cycle #129 | 2026-06-19 11:01:19
2026-06-19 11:01:19,731 [INFO] [MONITOR] Evaluating 9 open positions…
2026-06-19 11:01:20,179 [INFO] [DATA] TRXUSDT | now=0.3206 | entry=0.3173 | PnL=+1.04%
2026-06-19 11:01:20,502 [INFO] [DATA] RLUSDUSDT | now=1.0009 | entry=1.0008 | PnL=+0.01%
2026-06-19 11:01:20,857 [INFO] [DATA] WLDUSDT | now=0.6344 | entry=0.6348 | PnL=-0.06%
2026-06-19 11:01:21,069 [INFO] [DATA] XLMUSDT | now=0.2214 | entry=0.2262 | PnL=-2.12%
2026-06-19 11:01:21,297 [INFO] [DATA] ENAUSDT | now=0.0880 | entry=0.0897 | PnL=-1.90%
2026-06-19 11:01:21,414 [INFO] [DATA] UUSDT | now=1.0007 | entry=1.0009 | PnL=-0.02%
2026-06-19 11:01:21,540 [INFO] [DATA] SYNUSDT | now=0.1337 | entry=0.1178 | PnL=+13.50%
2026-06-19 11:01:21,668 [INFO] [DATA] BIOUSDT | now=0.0350 | entry=0.0356 | PnL=-1.88%
2026-06-19 11:01:21,796 [INFO] [DATA] ALLOUSDT | now=0.3808 | entry=0.3833 | PnL=-0.65%
2026-06-19 11:01:21,796 [INFO] [INVENTORY] 9/10 slots used — 1 vacant.
2026-06-19 11:01:21,950 [INFO] [LIQUIDITY] Free USDT: $0.58
2026-06-19 11:01:21,950 [INFO] [STANDBY] Insufficient USDT (need $10.00).
2026-06-19 11:01:21,951 [INFO] [SLEEP] Sleeping for 120s…
2026-06-19 11:03:21,951 [INFO] ======================================================================
2026-06-19 11:03:21,951 [INFO] [LOOP] Cycle #130 | 2026-06-19 11:03:21
2026-06-19 11:03:21,951 [INFO] [MONITOR] Evaluating 9 open positions…
2026-06-19 11:03:22,074 [INFO] [DATA] TRXUSDT | now=0.3205 | entry=0.3173 | PnL=+1.01%
2026-06-19 11:03:22,192 [INFO] [DATA] RLUSDUSDT | now=1.0008 | entry=1.0008 | PnL=+0.00%
2026-06-19 11:03:22,318 [INFO] [DATA] WLDUSDT | now=0.6287 | entry=0.6348 | PnL=-0.96%
2026-06-19 11:03:22,437 [INFO] [DATA] XLMUSDT | now=0.2204 | entry=0.2262 | PnL=-2.56%
2026-06-19 11:03:22,556 [INFO] [DATA] ENAUSDT | now=0.0876 | entry=0.0897 | PnL=-2.34%
2026-06-19 11:03:22,675 [INFO] [DATA] UUSDT | now=1.0007 | entry=1.0009 | PnL=-0.02%
2026-06-19 11:03:22,794 [INFO] [DATA] SYNUSDT | now=0.1341 | entry=0.1178 | PnL=+13.84%
2026-06-19 11:03:22,913 [INFO] [DATA] BIOUSDT | now=0.0350 | entry=0.0356 | PnL=-1.74%
2026-06-19 11:03:23,041 [INFO] [DATA] ALLOUSDT | now=0.3801 | entry=0.3833 | PnL=-0.83%
2026-06-19 11:03:23,041 [INFO] [INVENTORY] 9/10 slots used — 1 vacant.
2026-06-19 11:03:23,171 [INFO] [LIQUIDITY] Free USDT: $0.58
2026-06-19 11:03:23,171 [INFO] [STANDBY] Insufficient USDT (need $10.00).
2026-06-19 11:03:23,171 [INFO] [SLEEP] Sleeping for 120s…
2026-06-19 11:05:23,182 [INFO] ======================================================================
2026-06-19 11:05:23,182 [INFO] [LOOP] Cycle #131 | 2026-06-19 11:05:23
2026-06-19 11:05:23,182 [INFO] [COOLDOWN] Lockout expired for UNIUSDT.
2026-06-19 11:05:23,182 [INFO] [MONITOR] Evaluating 9 open positions…
2026-06-19 11:05:23,379 [INFO] [DATA] TRXUSDT | now=0.3205 | entry=0.3173 | PnL=+1.01%
2026-06-19 11:05:23,499 [INFO] [DATA] RLUSDUSDT | now=1.0008 | entry=1.0008 | PnL=+0.00%
2026-06-19 11:05:23,623 [INFO] [DATA] WLDUSDT | now=0.6282 | entry=0.6348 | PnL=-1.04%
2026-06-19 11:05:23,739 [INFO] [DATA] XLMUSDT | now=0.2206 | entry=0.2262 | PnL=-2.48%
2026-06-19 11:05:23,858 [INFO] [DATA] ENAUSDT | now=0.0877 | entry=0.0897 | PnL=-2.23%
2026-06-19 11:05:23,979 [INFO] [DATA] UUSDT | now=1.0007 | entry=1.0009 | PnL=-0.02%
2026-06-19 11:05:24,100 [INFO] [DATA] SYNUSDT | now=0.1340 | entry=0.1178 | PnL=+13.75%
2026-06-19 11:05:24,229 [INFO] [DATA] BIOUSDT | now=0.0350 | entry=0.0356 | PnL=-1.94%
2026-06-19 11:05:24,356 [INFO] [DATA] ALLOUSDT | now=0.3799 | entry=0.3833 | PnL=-0.89%
2026-06-19 11:05:24,356 [INFO] [INVENTORY] 9/10 slots used — 1 vacant.
2026-06-19 11:05:24,775 [INFO] [LIQUIDITY] Free USDT: $0.58
2026-06-19 11:05:24,775 [INFO] [STANDBY] Insufficient USDT (need $10.00).
2026-06-19 11:05:24,775 [INFO] [SLEEP] Sleeping for 120s…
