2026-06-16 17:10:36,802 [INFO] [SYSTEM] Synchronising clock with Binance server…
2026-06-16 17:10:36,920 [INFO] [SYSTEM] Clock synchronised. Offset: 50808ms.
2026-06-16 17:10:36,920 [INFO] [SYSTEM] Bot started. Tracking 0 positions.
2026-06-16 17:10:36,920 [INFO] [SYSTEM] Running one-time wallet ingestion…
2026-06-16 17:10:37,279 [INFO] [INGESTION] Adopting untracked holding: TRX 31.200000 (~$9.90)
2026-06-16 17:10:39,167 [INFO] [INGESTION] TRXUSDT registered | entry=0.3173 | TP=0.3236 | SL=0.3141
2026-06-16 17:10:39,285 [INFO] [INGESTION] Adopting untracked holding: ZEC 0.019000 (~$9.78)
2026-06-16 17:10:41,094 [INFO] [INGESTION] ZECUSDT registered | entry=514.5700 | TP=543.9900 | SL=499.8500
2026-06-16 17:10:41,219 [INFO] [INGESTION] Adopting untracked holding: XRP 9.872600 (~$12.20)
2026-06-16 17:10:42,923 [INFO] [INGESTION] XRPUSDT registered | entry=1.2357 | TP=1.2690 | SL=1.2190
2026-06-16 17:10:43,048 [INFO] [INGESTION] Adopting untracked holding: ADA 43.107100 (~$7.69)
2026-06-16 17:10:44,949 [INFO] [INGESTION] ADAUSDT registered | entry=0.1785 | TP=0.1842 | SL=0.1756
2026-06-16 17:10:45,078 [INFO] [INGESTION] Adopting untracked holding: XLM 45.000000 (~$10.02)
2026-06-16 17:10:46,696 [INFO] [INGESTION] XLMUSDT registered | entry=0.2226 | TP=0.2359 | SL=0.2159
2026-06-16 17:10:46,937 [INFO] [INGESTION] Adopting untracked holding: SOL 0.142367 (~$10.60)
2026-06-16 17:10:48,667 [INFO] [INGESTION] SOLUSDT registered | entry=74.4400 | TP=76.5300 | SL=73.3900
2026-06-16 17:10:48,900 [INFO] [INGESTION] Adopting untracked holding: SUI 12.700000 (~$10.07)
2026-06-16 17:10:50,681 [INFO] [INGESTION] SUIUSDT registered | entry=0.7931 | TP=0.8204 | SL=0.7794
2026-06-16 17:10:50,795 [INFO] [INGESTION] Adopting untracked holding: WLD 15.200000 (~$9.92)
2026-06-16 17:10:52,636 [INFO] [INGESTION] WLDUSDT registered | entry=0.6527 | TP=0.6918 | SL=0.6331
2026-06-16 17:10:52,991 [INFO] [INGESTION] Adopting untracked holding: BABY 567.000000 (~$9.89)
2026-06-16 17:10:54,911 [INFO] [INGESTION] BABYUSDT registered | entry=0.0174 | TP=0.0185 | SL=0.0169
2026-06-16 17:10:54,911 [INFO] [SYSTEM] Ingestion complete. Tracking 9 positions.
2026-06-16 17:10:54,911 [INFO] ======================================================================
2026-06-16 17:10:54,911 [INFO] [LOOP] Cycle #1 | 2026-06-16 17:10:54
2026-06-16 17:10:54,911 [INFO] [MONITOR] Evaluating 9 open positions…
2026-06-16 17:10:55,026 [INFO] [DATA] TRXUSDT | now=0.3173 | entry=0.3173 | PnL=+0.00%
2026-06-16 17:10:55,149 [INFO] [DATA] ZECUSDT | now=514.8900 | entry=514.5700 | PnL=+0.06%
2026-06-16 17:10:55,266 [INFO] [DATA] XRPUSDT | now=1.2358 | entry=1.2357 | PnL=+0.01%
2026-06-16 17:10:55,376 [INFO] [DATA] ADAUSDT | now=0.1786 | entry=0.1785 | PnL=+0.06%
2026-06-16 17:10:55,493 [INFO] [DATA] XLMUSDT | now=0.2226 | entry=0.2226 | PnL=+0.00%
2026-06-16 17:10:55,610 [INFO] [DATA] SOLUSDT | now=74.4500 | entry=74.4400 | PnL=+0.01%
2026-06-16 17:10:55,726 [INFO] [DATA] SUIUSDT | now=0.7932 | entry=0.7931 | PnL=+0.01%
2026-06-16 17:10:55,845 [INFO] [DATA] WLDUSDT | now=0.6526 | entry=0.6527 | PnL=-0.02%
2026-06-16 17:10:55,959 [INFO] [DATA] BABYUSDT | now=0.0174 | entry=0.0174 | PnL=-0.06%
2026-06-16 17:10:55,959 [INFO] [INVENTORY] 9/10 slots used — 1 vacant.
2026-06-16 17:10:56,078 [INFO] [LIQUIDITY] Free USDT: $5.86
2026-06-16 17:10:56,078 [INFO] [STANDBY] Insufficient USDT (need $10.00).
2026-06-16 17:10:56,078 [INFO] [SLEEP] Sleeping for 120s…
2026-06-16 17:12:56,085 [INFO] ======================================================================
2026-06-16 17:12:56,085 [INFO] [LOOP] Cycle #2 | 2026-06-16 17:12:56
2026-06-16 17:12:56,085 [INFO] [MONITOR] Evaluating 9 open positions…
2026-06-16 17:12:56,208 [INFO] [DATA] TRXUSDT | now=0.3173 | entry=0.3173 | PnL=+0.00%
2026-06-16 17:12:56,321 [INFO] [DATA] ZECUSDT | now=515.5700 | entry=514.5700 | PnL=+0.19%
2026-06-16 17:12:56,442 [INFO] [DATA] XRPUSDT | now=1.2372 | entry=1.2357 | PnL=+0.12%
2026-06-16 17:12:56,579 [INFO] [DATA] ADAUSDT | now=0.1785 | entry=0.1785 | PnL=+0.00%
2026-06-16 17:12:56,686 [INFO] [DATA] XLMUSDT | now=0.2225 | entry=0.2226 | PnL=-0.04%
2026-06-16 17:12:56,813 [INFO] [DATA] SOLUSDT | now=74.5100 | entry=74.4400 | PnL=+0.09%
2026-06-16 17:12:56,933 [INFO] [DATA] SUIUSDT | now=0.7936 | entry=0.7931 | PnL=+0.06%
2026-06-16 17:12:57,052 [INFO] [DATA] WLDUSDT | now=0.6526 | entry=0.6527 | PnL=-0.02%
2026-06-16 17:12:57,177 [INFO] [DATA] BABYUSDT | now=0.0175 | entry=0.0174 | PnL=+0.06%
2026-06-16 17:12:57,178 [INFO] [INVENTORY] 9/10 slots used — 1 vacant.
2026-06-16 17:12:57,300 [INFO] [LIQUIDITY] Free USDT: $5.86
2026-06-16 17:12:57,300 [INFO] [STANDBY] Insufficient USDT (need $10.00).
2026-06-16 17:12:57,301 [INFO] [SLEEP] Sleeping for 120s…
2026-06-16 17:14:57,302 [INFO] ======================================================================
2026-06-16 17:14:57,302 [INFO] [LOOP] Cycle #3 | 2026-06-16 17:14:57
2026-06-16 17:14:57,302 [INFO] [MONITOR] Evaluating 9 open positions…
2026-06-16 17:14:57,421 [INFO] [DATA] TRXUSDT | now=0.3174 | entry=0.3173 | PnL=+0.03%
2026-06-16 17:14:57,527 [INFO] [DATA] ZECUSDT | now=516.1700 | entry=514.5700 | PnL=+0.31%
2026-06-16 17:14:57,657 [INFO] [DATA] XRPUSDT | now=1.2378 | entry=1.2357 | PnL=+0.17%
2026-06-16 17:14:57,773 [INFO] [DATA] ADAUSDT | now=0.1785 | entry=0.1785 | PnL=+0.00%
2026-06-16 17:14:57,891 [INFO] [DATA] XLMUSDT | now=0.2228 | entry=0.2226 | PnL=+0.09%
2026-06-16 17:14:58,016 [INFO] [DATA] SOLUSDT | now=74.5400 | entry=74.4400 | PnL=+0.13%
2026-06-16 17:14:58,145 [INFO] [DATA] SUIUSDT | now=0.7941 | entry=0.7931 | PnL=+0.13%
2026-06-16 17:14:58,254 [INFO] [DATA] WLDUSDT | now=0.6525 | entry=0.6527 | PnL=-0.03%
2026-06-16 17:14:58,375 [INFO] [DATA] BABYUSDT | now=0.0175 | entry=0.0174 | PnL=+0.17%
2026-06-16 17:14:58,375 [INFO] [INVENTORY] 9/10 slots used — 1 vacant.
2026-06-16 17:14:58,505 [INFO] [LIQUIDITY] Free USDT: $5.86
2026-06-16 17:14:58,506 [INFO] [STANDBY] Insufficient USDT (need $10.00).
2026-06-16 17:14:58,506 [INFO] [SLEEP] Sleeping for 120s…
2026-06-16 17:16:58,507 [INFO] ======================================================================
2026-06-16 17:16:58,507 [INFO] [LOOP] Cycle #4 | 2026-06-16 17:16:58
2026-06-16 17:16:58,507 [INFO] [MONITOR] Evaluating 9 open positions…
2026-06-16 17:16:58,622 [INFO] [DATA] TRXUSDT | now=0.3172 | entry=0.3173 | PnL=-0.03%
2026-06-16 17:16:58,740 [INFO] [DATA] ZECUSDT | now=514.8900 | entry=514.5700 | PnL=+0.06%
2026-06-16 17:16:58,850 [INFO] [DATA] XRPUSDT | now=1.2368 | entry=1.2357 | PnL=+0.09%
2026-06-16 17:16:58,961 [INFO] [DATA] ADAUSDT | now=0.1784 | entry=0.1785 | PnL=-0.06%
2026-06-16 17:16:59,088 [INFO] [DATA] XLMUSDT | now=0.2222 | entry=0.2226 | PnL=-0.18%
2026-06-16 17:16:59,218 [INFO] [DATA] SOLUSDT | now=74.4300 | entry=74.4400 | PnL=-0.01%
2026-06-16 17:16:59,372 [INFO] [DATA] SUIUSDT | now=0.7925 | entry=0.7931 | PnL=-0.08%
2026-06-16 17:16:59,498 [INFO] [DATA] WLDUSDT | now=0.6460 | entry=0.6527 | PnL=-1.03%
2026-06-16 17:16:59,604 [INFO] [DATA] BABYUSDT | now=0.0174 | entry=0.0174 | PnL=-0.06%
2026-06-16 17:16:59,604 [INFO] [INVENTORY] 9/10 slots used — 1 vacant.
2026-06-16 17:16:59,732 [INFO] [LIQUIDITY] Free USDT: $5.86
2026-06-16 17:16:59,732 [INFO] [STANDBY] Insufficient USDT (need $10.00).
2026-06-16 17:16:59,732 [INFO] [SLEEP] Sleeping for 120s…
2026-06-16 17:18:59,746 [INFO] ======================================================================
2026-06-16 17:18:59,746 [INFO] [LOOP] Cycle #5 | 2026-06-16 17:18:59
2026-06-16 17:18:59,746 [INFO] [MONITOR] Evaluating 9 open positions…
2026-06-16 17:18:59,867 [INFO] [DATA] TRXUSDT | now=0.3172 | entry=0.3173 | PnL=-0.03%
2026-06-16 17:18:59,984 [INFO] [DATA] ZECUSDT | now=514.0200 | entry=514.5700 | PnL=-0.11%
2026-06-16 17:19:00,102 [INFO] [DATA] XRPUSDT | now=1.2369 | entry=1.2357 | PnL=+0.10%
2026-06-16 17:19:00,240 [INFO] [DATA] ADAUSDT | now=0.1786 | entry=0.1785 | PnL=+0.06%
2026-06-16 17:19:00,356 [INFO] [DATA] XLMUSDT | now=0.2219 | entry=0.2226 | PnL=-0.31%
2026-06-16 17:19:00,467 [INFO] [DATA] SOLUSDT | now=74.4800 | entry=74.4400 | PnL=+0.05%
2026-06-16 17:19:00,596 [INFO] [DATA] SUIUSDT | now=0.7932 | entry=0.7931 | PnL=+0.01%
2026-06-16 17:19:00,730 [INFO] [DATA] WLDUSDT | now=0.6516 | entry=0.6527 | PnL=-0.17%
2026-06-16 17:19:00,841 [INFO] [DATA] BABYUSDT | now=0.0174 | entry=0.0174 | PnL=-0.06%
2026-06-16 17:19:00,841 [INFO] [INVENTORY] 9/10 slots used — 1 vacant.
2026-06-16 17:19:00,966 [INFO] [LIQUIDITY] Free USDT: $5.86
2026-06-16 17:19:00,966 [INFO] [STANDBY] Insufficient USDT (need $10.00).
2026-06-16 17:19:00,966 [INFO] [SLEEP] Sleeping for 120s…
2026-06-16 17:21:00,973 [INFO] ======================================================================
2026-06-16 17:21:00,973 [INFO] [LOOP] Cycle #6 | 2026-06-16 17:21:00
2026-06-16 17:21:00,973 [INFO] [MONITOR] Evaluating 9 open positions…
2026-06-16 17:21:01,093 [INFO] [DATA] TRXUSDT | now=0.3173 | entry=0.3173 | PnL=+0.00%
2026-06-16 17:21:01,199 [INFO] [DATA] ZECUSDT | now=514.3500 | entry=514.5700 | PnL=-0.04%
2026-06-16 17:21:01,324 [INFO] [DATA] XRPUSDT | now=1.2371 | entry=1.2357 | PnL=+0.11%
2026-06-16 17:21:01,448 [INFO] [DATA] ADAUSDT | now=0.1785 | entry=0.1785 | PnL=+0.00%
2026-06-16 17:21:01,578 [INFO] [DATA] XLMUSDT | now=0.2218 | entry=0.2226 | PnL=-0.36%
2026-06-16 17:21:01,684 [INFO] [DATA] SOLUSDT | now=74.4800 | entry=74.4400 | PnL=+0.05%
2026-06-16 17:21:01,804 [INFO] [DATA] SUIUSDT | now=0.7935 | entry=0.7931 | PnL=+0.05%
2026-06-16 17:21:01,921 [INFO] [DATA] WLDUSDT | now=0.6548 | entry=0.6527 | PnL=+0.32%
2026-06-16 17:21:02,046 [INFO] [DATA] BABYUSDT | now=0.0175 | entry=0.0174 | PnL=+0.23%
2026-06-16 17:21:02,046 [INFO] [INVENTORY] 9/10 slots used — 1 vacant.
2026-06-16 17:21:02,179 [INFO] [LIQUIDITY] Free USDT: $5.86
2026-06-16 17:21:02,180 [INFO] [STANDBY] Insufficient USDT (need $10.00).
2026-06-16 17:21:02,180 [INFO] [SLEEP] Sleeping for 120s…
2026-06-16 17:23:02,181 [INFO] ======================================================================
2026-06-16 17:23:02,181 [INFO] [LOOP] Cycle #7 | 2026-06-16 17:23:02
2026-06-16 17:23:02,181 [INFO] [MONITOR] Evaluating 9 open positions…
2026-06-16 17:23:02,299 [INFO] [DATA] TRXUSDT | now=0.3174 | entry=0.3173 | PnL=+0.03%
2026-06-16 17:23:02,418 [INFO] [DATA] ZECUSDT | now=513.8400 | entry=514.5700 | PnL=-0.14%
2026-06-16 17:23:02,535 [INFO] [DATA] XRPUSDT | now=1.2363 | entry=1.2357 | PnL=+0.05%
2026-06-16 17:23:02,662 [INFO] [DATA] ADAUSDT | now=0.1784 | entry=0.1785 | PnL=-0.06%
2026-06-16 17:23:02,776 [INFO] [DATA] XLMUSDT | now=0.2228 | entry=0.2226 | PnL=+0.09%
2026-06-16 17:23:02,897 [INFO] [DATA] SOLUSDT | now=74.4400 | entry=74.4400 | PnL=+0.00%
2026-06-16 17:23:03,016 [INFO] [DATA] SUIUSDT | now=0.7930 | entry=0.7931 | PnL=-0.01%
2026-06-16 17:23:03,142 [INFO] [DATA] WLDUSDT | now=0.6538 | entry=0.6527 | PnL=+0.17%
2026-06-16 17:23:03,258 [INFO] [DATA] BABYUSDT | now=0.0175 | entry=0.0174 | PnL=+0.29%
2026-06-16 17:23:03,258 [INFO] [INVENTORY] 9/10 slots used — 1 vacant.
2026-06-16 17:23:03,375 [INFO] [LIQUIDITY] Free USDT: $5.86
2026-06-16 17:23:03,375 [INFO] [STANDBY] Insufficient USDT (need $10.00).
2026-06-16 17:23:03,375 [INFO] [SLEEP] Sleeping for 120s…
2026-06-16 17:25:03,387 [INFO] ======================================================================
2026-06-16 17:25:03,387 [INFO] [LOOP] Cycle #8 | 2026-06-16 17:25:03
2026-06-16 17:25:03,387 [INFO] [MONITOR] Evaluating 9 open positions…
2026-06-16 17:25:03,505 [INFO] [DATA] TRXUSDT | now=0.3173 | entry=0.3173 | PnL=+0.00%
2026-06-16 17:25:03,622 [INFO] [DATA] ZECUSDT | now=514.0000 | entry=514.5700 | PnL=-0.11%
2026-06-16 17:25:03,740 [INFO] [DATA] XRPUSDT | now=1.2372 | entry=1.2357 | PnL=+0.12%
2026-06-16 17:25:03,851 [INFO] [DATA] ADAUSDT | now=0.1786 | entry=0.1785 | PnL=+0.06%
2026-06-16 17:25:03,977 [INFO] [DATA] XLMUSDT | now=0.2235 | entry=0.2226 | PnL=+0.40%
2026-06-16 17:25:04,099 [INFO] [DATA] SOLUSDT | now=74.5000 | entry=74.4400 | PnL=+0.08%
2026-06-16 17:25:04,224 [INFO] [DATA] SUIUSDT | now=0.7941 | entry=0.7931 | PnL=+0.13%
2026-06-16 17:25:04,346 [INFO] [DATA] WLDUSDT | now=0.6543 | entry=0.6527 | PnL=+0.25%
2026-06-16 17:25:04,464 [INFO] [DATA] BABYUSDT | now=0.0175 | entry=0.0174 | PnL=+0.40%
2026-06-16 17:25:04,464 [INFO] [INVENTORY] 9/10 slots used — 1 vacant.
2026-06-16 17:25:04,573 [INFO] [LIQUIDITY] Free USDT: $5.86
2026-06-16 17:25:04,588 [INFO] [STANDBY] Insufficient USDT (need $10.00).
2026-06-16 17:25:04,588 [INFO] [SLEEP] Sleeping for 120s…
2026-06-16 17:27:04,589 [INFO] ======================================================================
2026-06-16 17:27:04,589 [INFO] [LOOP] Cycle #9 | 2026-06-16 17:27:04
2026-06-16 17:27:04,589 [INFO] [MONITOR] Evaluating 9 open positions…
2026-06-16 17:27:04,710 [INFO] [DATA] TRXUSDT | now=0.3175 | entry=0.3173 | PnL=+0.06%
2026-06-16 17:27:04,812 [INFO] [DATA] ZECUSDT | now=514.9500 | entry=514.5700 | PnL=+0.07%
2026-06-16 17:27:04,948 [INFO] [DATA] XRPUSDT | now=1.2376 | entry=1.2357 | PnL=+0.15%
2026-06-16 17:27:05,062 [INFO] [DATA] ADAUSDT | now=0.1786 | entry=0.1785 | PnL=+0.06%
2026-06-16 17:27:05,188 [INFO] [DATA] XLMUSDT | now=0.2224 | entry=0.2226 | PnL=-0.09%
2026-06-16 17:27:05,302 [INFO] [DATA] SOLUSDT | now=74.6200 | entry=74.4400 | PnL=+0.24%
2026-06-16 17:27:05,427 [INFO] [DATA] SUIUSDT | now=0.7949 | entry=0.7931 | PnL=+0.23%
2026-06-16 17:27:05,546 [INFO] [DATA] WLDUSDT | now=0.6535 | entry=0.6527 | PnL=+0.12%
2026-06-16 17:27:05,671 [INFO] [DATA] BABYUSDT | now=0.0175 | entry=0.0174 | PnL=+0.63%
2026-06-16 17:27:05,671 [INFO] [INVENTORY] 9/10 slots used — 1 vacant.
2026-06-16 17:27:05,799 [INFO] [LIQUIDITY] Free USDT: $5.86
2026-06-16 17:27:05,799 [INFO] [STANDBY] Insufficient USDT (need $10.00).
2026-06-16 17:27:05,799 [INFO] [SLEEP] Sleeping for 120s…
2026-06-16 17:29:05,802 [INFO] ======================================================================
2026-06-16 17:29:05,802 [INFO] [LOOP] Cycle #10 | 2026-06-16 17:29:05
2026-06-16 17:29:05,802 [INFO] [MONITOR] Evaluating 9 open positions…
2026-06-16 17:29:05,922 [INFO] [DATA] TRXUSDT | now=0.3175 | entry=0.3173 | PnL=+0.06%
2026-06-16 17:29:06,042 [INFO] [DATA] ZECUSDT | now=514.6200 | entry=514.5700 | PnL=+0.01%
2026-06-16 17:29:06,167 [INFO] [DATA] XRPUSDT | now=1.2379 | entry=1.2357 | PnL=+0.18%
2026-06-16 17:29:06,290 [INFO] [DATA] ADAUSDT | now=0.1788 | entry=0.1785 | PnL=+0.17%
2026-06-16 17:29:06,404 [INFO] [DATA] XLMUSDT | now=0.2224 | entry=0.2226 | PnL=-0.09%
2026-06-16 17:29:06,531 [INFO] [DATA] SOLUSDT | now=74.6600 | entry=74.4400 | PnL=+0.30%
2026-06-16 17:29:06,651 [INFO] [DATA] SUIUSDT | now=0.7953 | entry=0.7931 | PnL=+0.28%
2026-06-16 17:29:06,772 [INFO] [DATA] WLDUSDT | now=0.6545 | entry=0.6527 | PnL=+0.28%
2026-06-16 17:29:06,891 [INFO] [DATA] BABYUSDT | now=0.0175 | entry=0.0174 | PnL=+0.57%
2026-06-16 17:29:06,891 [INFO] [INVENTORY] 9/10 slots used — 1 vacant.
2026-06-16 17:29:07,019 [INFO] [LIQUIDITY] Free USDT: $5.86
2026-06-16 17:29:07,019 [INFO] [STANDBY] Insufficient USDT (need $10.00).
2026-06-16 17:29:07,019 [INFO] [SLEEP] Sleeping for 120s…
2026-06-16 17:31:07,021 [INFO] ======================================================================
2026-06-16 17:31:07,021 [INFO] [LOOP] Cycle #11 | 2026-06-16 17:31:07
2026-06-16 17:31:07,021 [INFO] [MONITOR] Evaluating 9 open positions…
2026-06-16 17:31:07,141 [INFO] [DATA] TRXUSDT | now=0.3174 | entry=0.3173 | PnL=+0.03%
2026-06-16 17:31:07,260 [INFO] [DATA] ZECUSDT | now=514.4500 | entry=514.5700 | PnL=-0.02%
2026-06-16 17:31:07,379 [INFO] [DATA] XRPUSDT | now=1.2371 | entry=1.2357 | PnL=+0.11%
2026-06-16 17:31:07,495 [INFO] [DATA] ADAUSDT | now=0.1786 | entry=0.1785 | PnL=+0.06%
2026-06-16 17:31:07,620 [INFO] [DATA] XLMUSDT | now=0.2220 | entry=0.2226 | PnL=-0.27%
2026-06-16 17:31:07,752 [INFO] [DATA] SOLUSDT | now=74.6400 | entry=74.4400 | PnL=+0.27%
2026-06-16 17:31:07,872 [INFO] [DATA] SUIUSDT | now=0.7945 | entry=0.7931 | PnL=+0.18%
2026-06-16 17:31:07,977 [INFO] [DATA] WLDUSDT | now=0.6559 | entry=0.6527 | PnL=+0.49%
2026-06-16 17:31:08,107 [INFO] [DATA] BABYUSDT | now=0.0175 | entry=0.0174 | PnL=+0.34%
2026-06-16 17:31:08,107 [INFO] [INVENTORY] 9/10 slots used — 1 vacant.
2026-06-16 17:31:08,222 [INFO] [LIQUIDITY] Free USDT: $5.86
2026-06-16 17:31:08,222 [INFO] [STANDBY] Insufficient USDT (need $10.00).
2026-06-16 17:31:08,222 [INFO] [SLEEP] Sleeping for 120s…
2026-06-16 17:33:08,235 [INFO] ======================================================================
2026-06-16 17:33:08,235 [INFO] [LOOP] Cycle #12 | 2026-06-16 17:33:08
2026-06-16 17:33:08,235 [INFO] [MONITOR] Evaluating 9 open positions…
2026-06-16 17:33:08,357 [INFO] [DATA] TRXUSDT | now=0.3173 | entry=0.3173 | PnL=+0.00%
2026-06-16 17:33:08,474 [INFO] [DATA] ZECUSDT | now=512.0300 | entry=514.5700 | PnL=-0.49%
2026-06-16 17:33:08,590 [INFO] [DATA] XRPUSDT | now=1.2377 | entry=1.2357 | PnL=+0.16%
2026-06-16 17:33:08,716 [INFO] [DATA] ADAUSDT | now=0.1788 | entry=0.1785 | PnL=+0.17%
2026-06-16 17:33:08,834 [INFO] [DATA] XLMUSDT | now=0.2224 | entry=0.2226 | PnL=-0.09%
2026-06-16 17:33:08,944 [INFO] [DATA] SOLUSDT | now=74.5600 | entry=74.4400 | PnL=+0.16%
2026-06-16 17:33:09,065 [INFO] [DATA] SUIUSDT | now=0.7940 | entry=0.7931 | PnL=+0.11%
2026-06-16 17:33:09,186 [INFO] [DATA] WLDUSDT | now=0.6565 | entry=0.6527 | PnL=+0.58%
2026-06-16 17:33:09,306 [INFO] [DATA] BABYUSDT | now=0.0175 | entry=0.0174 | PnL=+0.57%
2026-06-16 17:33:09,306 [INFO] [INVENTORY] 9/10 slots used — 1 vacant.
2026-06-16 17:33:09,423 [INFO] [LIQUIDITY] Free USDT: $5.86
2026-06-16 17:33:09,423 [INFO] [STANDBY] Insufficient USDT (need $10.00).
2026-06-16 17:33:09,423 [INFO] [SLEEP] Sleeping for 120s…
2026-06-16 17:35:09,437 [INFO] ======================================================================
2026-06-16 17:35:09,437 [INFO] [LOOP] Cycle #13 | 2026-06-16 17:35:09
2026-06-16 17:35:09,437 [INFO] [MONITOR] Evaluating 9 open positions…
2026-06-16 17:35:09,560 [INFO] [DATA] TRXUSDT | now=0.3174 | entry=0.3173 | PnL=+0.03%
2026-06-16 17:35:09,681 [INFO] [DATA] ZECUSDT | now=512.0600 | entry=514.5700 | PnL=-0.49%
2026-06-16 17:35:09,799 [INFO] [DATA] XRPUSDT | now=1.2370 | entry=1.2357 | PnL=+0.11%
2026-06-16 17:35:09,918 [INFO] [DATA] ADAUSDT | now=0.1785 | entry=0.1785 | PnL=+0.00%
2026-06-16 17:35:10,035 [INFO] [DATA] XLMUSDT | now=0.2222 | entry=0.2226 | PnL=-0.18%
2026-06-16 17:35:10,161 [INFO] [DATA] SOLUSDT | now=74.4900 | entry=74.4400 | PnL=+0.07%
2026-06-16 17:35:10,277 [INFO] [DATA] SUIUSDT | now=0.7936 | entry=0.7931 | PnL=+0.06%
2026-06-16 17:35:10,394 [INFO] [DATA] WLDUSDT | now=0.6523 | entry=0.6527 | PnL=-0.06%
2026-06-16 17:35:10,510 [INFO] [DATA] BABYUSDT | now=0.0175 | entry=0.0174 | PnL=+0.34%
2026-06-16 17:35:10,510 [INFO] [INVENTORY] 9/10 slots used — 1 vacant.
2026-06-16 17:35:10,639 [INFO] [LIQUIDITY] Free USDT: $5.86
2026-06-16 17:35:10,640 [INFO] [STANDBY] Insufficient USDT (need $10.00).
2026-06-16 17:35:10,640 [INFO] [SLEEP] Sleeping for 120s…
2026-06-16 17:37:10,641 [INFO] ======================================================================
2026-06-16 17:37:10,641 [INFO] [LOOP] Cycle #14 | 2026-06-16 17:37:10
2026-06-16 17:37:10,641 [INFO] [MONITOR] Evaluating 9 open positions…
2026-06-16 17:37:10,785 [INFO] [DATA] TRXUSDT | now=0.3176 | entry=0.3173 | PnL=+0.09%
2026-06-16 17:37:10,917 [INFO] [DATA] ZECUSDT | now=513.6400 | entry=514.5700 | PnL=-0.18%
2026-06-16 17:37:11,036 [INFO] [DATA] XRPUSDT | now=1.2402 | entry=1.2357 | PnL=+0.36%
2026-06-16 17:37:11,197 [INFO] [DATA] ADAUSDT | now=0.1793 | entry=0.1785 | PnL=+0.45%
2026-06-16 17:37:11,320 [INFO] [DATA] XLMUSDT | now=0.2248 | entry=0.2226 | PnL=+0.99%
2026-06-16 17:37:11,445 [INFO] [DATA] SOLUSDT | now=74.6800 | entry=74.4400 | PnL=+0.32%
2026-06-16 17:37:11,575 [INFO] [DATA] SUIUSDT | now=0.7959 | entry=0.7931 | PnL=+0.35%
2026-06-16 17:37:11,712 [INFO] [DATA] WLDUSDT | now=0.6533 | entry=0.6527 | PnL=+0.09%
2026-06-16 17:37:11,849 [INFO] [DATA] BABYUSDT | now=0.0176 | entry=0.0174 | PnL=+0.75%
2026-06-16 17:37:11,849 [INFO] [INVENTORY] 9/10 slots used — 1 vacant.
2026-06-16 17:37:11,986 [INFO] [LIQUIDITY] Free USDT: $5.86
2026-06-16 17:37:11,987 [INFO] [STANDBY] Insufficient USDT (need $10.00).
2026-06-16 17:37:11,987 [INFO] [SLEEP] Sleeping for 120s…
2026-06-16 17:39:11,988 [INFO] ======================================================================
2026-06-16 17:39:11,988 [INFO] [LOOP] Cycle #15 | 2026-06-16 17:39:11
2026-06-16 17:39:11,988 [INFO] [MONITOR] Evaluating 9 open positions…
2026-06-16 17:39:12,838 [INFO] [DATA] TRXUSDT | now=0.3178 | entry=0.3173 | PnL=+0.16%
2026-06-16 17:39:13,251 [INFO] [DATA] ZECUSDT | now=513.2500 | entry=514.5700 | PnL=-0.26%
2026-06-16 17:39:13,783 [INFO] [DATA] XRPUSDT | now=1.2409 | entry=1.2357 | PnL=+0.42%
2026-06-16 17:39:14,078 [INFO] [DATA] ADAUSDT | now=0.1794 | entry=0.1785 | PnL=+0.50%
2026-06-16 17:39:14,265 [INFO] [DATA] XLMUSDT | now=0.2254 | entry=0.2226 | PnL=+1.26%
2026-06-16 17:39:14,400 [INFO] [DATA] SOLUSDT | now=74.7600 | entry=74.4400 | PnL=+0.43%
2026-06-16 17:39:14,532 [INFO] [DATA] SUIUSDT | now=0.7965 | entry=0.7931 | PnL=+0.43%
2026-06-16 17:39:14,670 [INFO] [DATA] WLDUSDT | now=0.6527 | entry=0.6527 | PnL=+0.00%
2026-06-16 17:39:14,806 [INFO] [DATA] BABYUSDT | now=0.0176 | entry=0.0174 | PnL=+0.86%
2026-06-16 17:39:14,806 [INFO] [INVENTORY] 9/10 slots used — 1 vacant.
2026-06-16 17:39:14,968 [INFO] [LIQUIDITY] Free USDT: $5.86
2026-06-16 17:39:14,969 [INFO] [STANDBY] Insufficient USDT (need $10.00).
2026-06-16 17:39:14,969 [INFO] [SLEEP] Sleeping for 120s…
2026-06-16 17:41:14,970 [INFO] ======================================================================
2026-06-16 17:41:14,970 [INFO] [LOOP] Cycle #16 | 2026-06-16 17:41:14
2026-06-16 17:41:14,970 [INFO] [MONITOR] Evaluating 9 open positions…
2026-06-16 17:41:15,089 [INFO] [DATA] TRXUSDT | now=0.3178 | entry=0.3173 | PnL=+0.16%
2026-06-16 17:41:15,197 [INFO] [DATA] ZECUSDT | now=513.0600 | entry=514.5700 | PnL=-0.29%
2026-06-16 17:41:15,326 [INFO] [DATA] XRPUSDT | now=1.2404 | entry=1.2357 | PnL=+0.38%
2026-06-16 17:41:15,442 [INFO] [DATA] ADAUSDT | now=0.1794 | entry=0.1785 | PnL=+0.50%
2026-06-16 17:41:15,561 [INFO] [DATA] XLMUSDT | now=0.2261 | entry=0.2226 | PnL=+1.57%
2026-06-16 17:41:15,682 [INFO] [DATA] SOLUSDT | now=74.6900 | entry=74.4400 | PnL=+0.34%
2026-06-16 17:41:15,801 [INFO] [DATA] SUIUSDT | now=0.7966 | entry=0.7931 | PnL=+0.44%
2026-06-16 17:41:15,916 [INFO] [DATA] WLDUSDT | now=0.6507 | entry=0.6527 | PnL=-0.31%
2026-06-16 17:41:16,035 [INFO] [DATA] BABYUSDT | now=0.0176 | entry=0.0174 | PnL=+0.80%
2026-06-16 17:41:16,035 [INFO] [INVENTORY] 9/10 slots used — 1 vacant.
2026-06-16 17:41:16,163 [INFO] [LIQUIDITY] Free USDT: $5.86
2026-06-16 17:41:16,163 [INFO] [STANDBY] Insufficient USDT (need $10.00).
2026-06-16 17:41:16,163 [INFO] [SLEEP] Sleeping for 120s…
2026-06-16 17:43:16,165 [INFO] ======================================================================
2026-06-16 17:43:16,165 [INFO] [LOOP] Cycle #17 | 2026-06-16 17:43:16
2026-06-16 17:43:16,165 [INFO] [MONITOR] Evaluating 9 open positions…
2026-06-16 17:43:16,293 [INFO] [DATA] TRXUSDT | now=0.3178 | entry=0.3173 | PnL=+0.16%
2026-06-16 17:43:16,406 [INFO] [DATA] ZECUSDT | now=513.5400 | entry=514.5700 | PnL=-0.20%
2026-06-16 17:43:16,513 [INFO] [DATA] XRPUSDT | now=1.2417 | entry=1.2357 | PnL=+0.49%
2026-06-16 17:43:16,643 [INFO] [DATA] ADAUSDT | now=0.1794 | entry=0.1785 | PnL=+0.50%
2026-06-16 17:43:16,748 [INFO] [DATA] XLMUSDT | now=0.2283 | entry=0.2226 | PnL=+2.56%
2026-06-16 17:43:16,864 [INFO] [DATA] SOLUSDT | now=74.6800 | entry=74.4400 | PnL=+0.32%
2026-06-16 17:43:16,990 [INFO] [DATA] SUIUSDT | now=0.7971 | entry=0.7931 | PnL=+0.50%
2026-06-16 17:43:17,108 [INFO] [DATA] WLDUSDT | now=0.6515 | entry=0.6527 | PnL=-0.18%
2026-06-16 17:43:17,230 [INFO] [DATA] BABYUSDT | now=0.0175 | entry=0.0174 | PnL=+0.63%
2026-06-16 17:43:17,230 [INFO] [INVENTORY] 9/10 slots used — 1 vacant.
2026-06-16 17:43:17,349 [INFO] [LIQUIDITY] Free USDT: $6.10
2026-06-16 17:43:17,349 [INFO] [STANDBY] Insufficient USDT (need $10.00).
2026-06-16 17:43:17,349 [INFO] [SLEEP] Sleeping for 120s…
2026-06-16 17:45:17,358 [INFO] ======================================================================
2026-06-16 17:45:17,358 [INFO] [LOOP] Cycle #18 | 2026-06-16 17:45:17
2026-06-16 17:45:17,358 [INFO] [MONITOR] Evaluating 9 open positions…
2026-06-16 17:45:17,483 [INFO] [DATA] TRXUSDT | now=0.3175 | entry=0.3173 | PnL=+0.06%
2026-06-16 17:45:17,609 [INFO] [DATA] ZECUSDT | now=514.5600 | entry=514.5700 | PnL=-0.00%
2026-06-16 17:45:17,721 [INFO] [DATA] XRPUSDT | now=1.2456 | entry=1.2357 | PnL=+0.80%
2026-06-16 17:45:17,850 [INFO] [DATA] ADAUSDT | now=0.1801 | entry=0.1785 | PnL=+0.90%
2026-06-16 17:45:17,969 [INFO] [DATA] XLMUSDT | now=0.2300 | entry=0.2226 | PnL=+3.32%
2026-06-16 17:45:18,080 [INFO] [DATA] SOLUSDT | now=74.9500 | entry=74.4400 | PnL=+0.69%
2026-06-16 17:45:18,211 [INFO] [DATA] SUIUSDT | now=0.7998 | entry=0.7931 | PnL=+0.84%
2026-06-16 17:45:18,329 [INFO] [DATA] WLDUSDT | now=0.6518 | entry=0.6527 | PnL=-0.14%
2026-06-16 17:45:18,454 [INFO] [DATA] BABYUSDT | now=0.0176 | entry=0.0174 | PnL=+1.09%
2026-06-16 17:45:18,454 [INFO] [INVENTORY] 9/10 slots used — 1 vacant.
2026-06-16 17:45:18,576 [INFO] [LIQUIDITY] Free USDT: $6.10
2026-06-16 17:45:18,576 [INFO] [STANDBY] Insufficient USDT (need $10.00).
2026-06-16 17:45:18,576 [INFO] [SLEEP] Sleeping for 120s…
2026-06-16 17:47:18,584 [INFO] ======================================================================
2026-06-16 17:47:18,584 [INFO] [LOOP] Cycle #19 | 2026-06-16 17:47:18
2026-06-16 17:47:18,584 [INFO] [MONITOR] Evaluating 9 open positions…
2026-06-16 17:47:18,706 [INFO] [DATA] TRXUSDT | now=0.3174 | entry=0.3173 | PnL=+0.03%
2026-06-16 17:47:18,830 [INFO] [DATA] ZECUSDT | now=514.8100 | entry=514.5700 | PnL=+0.05%
2026-06-16 17:47:18,949 [INFO] [DATA] XRPUSDT | now=1.2471 | entry=1.2357 | PnL=+0.92%
2026-06-16 17:47:19,065 [INFO] [DATA] ADAUSDT | now=0.1800 | entry=0.1785 | PnL=+0.84%
2026-06-16 17:47:19,189 [INFO] [DATA] XLMUSDT | now=0.2303 | entry=0.2226 | PnL=+3.46%
2026-06-16 17:47:19,304 [INFO] [DATA] SOLUSDT | now=74.9300 | entry=74.4400 | PnL=+0.66%
2026-06-16 17:47:19,418 [INFO] [DATA] SUIUSDT | now=0.7993 | entry=0.7931 | PnL=+0.78%
2026-06-16 17:47:19,570 [INFO] [DATA] WLDUSDT | now=0.6512 | entry=0.6527 | PnL=-0.23%
2026-06-16 17:47:19,690 [INFO] [DATA] BABYUSDT | now=0.0176 | entry=0.0174 | PnL=+0.80%
2026-06-16 17:47:19,691 [INFO] [INVENTORY] 9/10 slots used — 1 vacant.
2026-06-16 17:47:19,808 [INFO] [LIQUIDITY] Free USDT: $6.10
2026-06-16 17:47:19,808 [INFO] [STANDBY] Insufficient USDT (need $10.00).
2026-06-16 17:47:19,808 [INFO] [SLEEP] Sleeping for 120s…
2026-06-16 17:49:19,809 [INFO] ======================================================================
2026-06-16 17:49:19,809 [INFO] [LOOP] Cycle #20 | 2026-06-16 17:49:19
2026-06-16 17:49:19,809 [INFO] [MONITOR] Evaluating 9 open positions…
2026-06-16 17:49:19,934 [INFO] [DATA] TRXUSDT | now=0.3175 | entry=0.3173 | PnL=+0.06%
2026-06-16 17:49:20,049 [INFO] [DATA] ZECUSDT | now=515.6500 | entry=514.5700 | PnL=+0.21%
2026-06-16 17:49:20,172 [INFO] [DATA] XRPUSDT | now=1.2487 | entry=1.2357 | PnL=+1.05%
2026-06-16 17:49:20,288 [INFO] [DATA] ADAUSDT | now=0.1802 | entry=0.1785 | PnL=+0.95%
2026-06-16 17:49:20,412 [INFO] [DATA] XLMUSDT | now=0.2327 | entry=0.2226 | PnL=+4.54%
2026-06-16 17:49:20,625 [INFO] [DATA] SOLUSDT | now=75.1100 | entry=74.4400 | PnL=+0.90%
2026-06-16 17:49:20,947 [INFO] [DATA] SUIUSDT | now=0.8005 | entry=0.7931 | PnL=+0.93%
2026-06-16 17:49:21,178 [INFO] [DATA] WLDUSDT | now=0.6484 | entry=0.6527 | PnL=-0.66%
2026-06-16 17:49:21,430 [INFO] [DATA] BABYUSDT | now=0.0176 | entry=0.0174 | PnL=+0.75%
2026-06-16 17:49:21,430 [INFO] [INVENTORY] 9/10 slots used — 1 vacant.
2026-06-16 17:49:21,550 [INFO] [LIQUIDITY] Free USDT: $6.10
2026-06-16 17:49:21,550 [INFO] [STANDBY] Insufficient USDT (need $10.00).
2026-06-16 17:49:21,550 [INFO] [SLEEP] Sleeping for 120s…
2026-06-16 17:51:21,561 [INFO] ======================================================================
2026-06-16 17:51:21,561 [INFO] [LOOP] Cycle #21 | 2026-06-16 17:51:21
2026-06-16 17:51:21,561 [INFO] [MONITOR] Evaluating 9 open positions…
2026-06-16 17:51:21,681 [INFO] [DATA] TRXUSDT | now=0.3175 | entry=0.3173 | PnL=+0.06%
2026-06-16 17:51:21,804 [INFO] [DATA] ZECUSDT | now=514.9500 | entry=514.5700 | PnL=+0.07%
2026-06-16 17:51:21,921 [INFO] [DATA] XRPUSDT | now=1.2487 | entry=1.2357 | PnL=+1.05%
2026-06-16 17:51:22,054 [INFO] [DATA] ADAUSDT | now=0.1802 | entry=0.1785 | PnL=+0.95%
2026-06-16 17:51:22,170 [INFO] [DATA] XLMUSDT | now=0.2326 | entry=0.2226 | PnL=+4.49%
2026-06-16 17:51:22,283 [INFO] [DATA] SOLUSDT | now=75.0400 | entry=74.4400 | PnL=+0.81%
2026-06-16 17:51:22,407 [INFO] [DATA] SUIUSDT | now=0.8005 | entry=0.7931 | PnL=+0.93%
2026-06-16 17:51:22,525 [INFO] [DATA] WLDUSDT | now=0.6501 | entry=0.6527 | PnL=-0.40%
2026-06-16 17:51:22,648 [INFO] [DATA] BABYUSDT | now=0.0175 | entry=0.0174 | PnL=+0.57%
2026-06-16 17:51:22,648 [INFO] [INVENTORY] 9/10 slots used — 1 vacant.
2026-06-16 17:51:22,765 [INFO] [LIQUIDITY] Free USDT: $6.10
2026-06-16 17:51:22,765 [INFO] [STANDBY] Insufficient USDT (need $10.00).
2026-06-16 17:51:22,765 [INFO] [SLEEP] Sleeping for 120s…
2026-06-16 17:53:22,767 [INFO] ======================================================================
2026-06-16 17:53:22,767 [INFO] [LOOP] Cycle #22 | 2026-06-16 17:53:22
2026-06-16 17:53:22,767 [INFO] [MONITOR] Evaluating 9 open positions…
2026-06-16 17:53:22,904 [INFO] [DATA] TRXUSDT | now=0.3174 | entry=0.3173 | PnL=+0.03%
2026-06-16 17:53:23,021 [INFO] [DATA] ZECUSDT | now=513.1200 | entry=514.5700 | PnL=-0.28%
2026-06-16 17:53:23,140 [INFO] [DATA] XRPUSDT | now=1.2465 | entry=1.2357 | PnL=+0.87%
2026-06-16 17:53:23,255 [INFO] [DATA] ADAUSDT | now=0.1797 | entry=0.1785 | PnL=+0.67%
2026-06-16 17:53:23,373 [INFO] [DATA] XLMUSDT | now=0.2328 | entry=0.2226 | PnL=+4.58%
2026-06-16 17:53:23,499 [INFO] [DATA] SOLUSDT | now=74.9600 | entry=74.4400 | PnL=+0.70%
2026-06-16 17:53:23,617 [INFO] [DATA] SUIUSDT | now=0.8000 | entry=0.7931 | PnL=+0.87%
2026-06-16 17:53:23,733 [INFO] [DATA] WLDUSDT | now=0.6495 | entry=0.6527 | PnL=-0.49%
2026-06-16 17:53:23,855 [INFO] [DATA] BABYUSDT | now=0.0176 | entry=0.0174 | PnL=+0.75%
2026-06-16 17:53:23,855 [INFO] [INVENTORY] 9/10 slots used — 1 vacant.
2026-06-16 17:53:23,976 [INFO] [LIQUIDITY] Free USDT: $6.10
2026-06-16 17:53:23,976 [INFO] [STANDBY] Insufficient USDT (need $10.00).
2026-06-16 17:53:23,976 [INFO] [SLEEP] Sleeping for 120s…
2026-06-16 17:55:23,990 [INFO] ======================================================================
2026-06-16 17:55:23,990 [INFO] [LOOP] Cycle #23 | 2026-06-16 17:55:23
2026-06-16 17:55:23,990 [INFO] [MONITOR] Evaluating 9 open positions…
2026-06-16 17:55:24,138 [INFO] [DATA] TRXUSDT | now=0.3173 | entry=0.3173 | PnL=+0.00%
2026-06-16 17:55:24,258 [INFO] [DATA] ZECUSDT | now=514.1900 | entry=514.5700 | PnL=-0.07%
2026-06-16 17:55:24,378 [INFO] [DATA] XRPUSDT | now=1.2471 | entry=1.2357 | PnL=+0.92%
2026-06-16 17:55:24,499 [INFO] [DATA] ADAUSDT | now=0.1801 | entry=0.1785 | PnL=+0.90%
2026-06-16 17:55:24,621 [INFO] [DATA] XLMUSDT | now=0.2301 | entry=0.2226 | PnL=+3.37%
2026-06-16 17:55:24,750 [INFO] [DATA] SOLUSDT | now=75.0100 | entry=74.4400 | PnL=+0.77%
2026-06-16 17:55:25,054 [INFO] [DATA] SUIUSDT | now=0.7999 | entry=0.7931 | PnL=+0.86%
2026-06-16 17:55:25,186 [INFO] [DATA] WLDUSDT | now=0.6530 | entry=0.6527 | PnL=+0.05%
2026-06-16 17:55:25,300 [INFO] [DATA] BABYUSDT | now=0.0176 | entry=0.0174 | PnL=+0.80%
2026-06-16 17:55:25,300 [INFO] [INVENTORY] 9/10 slots used — 1 vacant.
2026-06-16 17:55:25,417 [INFO] [LIQUIDITY] Free USDT: $6.10
2026-06-16 17:55:25,417 [INFO] [STANDBY] Insufficient USDT (need $10.00).
2026-06-16 17:55:25,417 [INFO] [SLEEP] Sleeping for 120s…
2026-06-16 17:57:25,427 [INFO] ======================================================================
2026-06-16 17:57:25,427 [INFO] [LOOP] Cycle #24 | 2026-06-16 17:57:25
2026-06-16 17:57:25,427 [INFO] [MONITOR] Evaluating 9 open positions…
2026-06-16 17:57:25,548 [INFO] [DATA] TRXUSDT | now=0.3174 | entry=0.3173 | PnL=+0.03%
2026-06-16 17:57:25,667 [INFO] [DATA] ZECUSDT | now=514.5600 | entry=514.5700 | PnL=-0.00%
2026-06-16 17:57:25,771 [INFO] [DATA] XRPUSDT | now=1.2473 | entry=1.2357 | PnL=+0.94%
2026-06-16 17:57:25,888 [INFO] [DATA] ADAUSDT | now=0.1802 | entry=0.1785 | PnL=+0.95%
2026-06-16 17:57:26,004 [INFO] [DATA] XLMUSDT | now=0.2296 | entry=0.2226 | PnL=+3.14%
2026-06-16 17:57:26,130 [INFO] [DATA] SOLUSDT | now=74.9800 | entry=74.4400 | PnL=+0.73%
2026-06-16 17:57:26,242 [INFO] [DATA] SUIUSDT | now=0.8004 | entry=0.7931 | PnL=+0.92%
2026-06-16 17:57:26,369 [INFO] [DATA] WLDUSDT | now=0.6514 | entry=0.6527 | PnL=-0.20%
2026-06-16 17:57:26,501 [INFO] [DATA] BABYUSDT | now=0.0176 | entry=0.0174 | PnL=+0.69%
2026-06-16 17:57:26,501 [INFO] [INVENTORY] 9/10 slots used — 1 vacant.
2026-06-16 17:57:26,644 [INFO] [LIQUIDITY] Free USDT: $6.10
2026-06-16 17:57:26,644 [INFO] [STANDBY] Insufficient USDT (need $10.00).
2026-06-16 17:57:26,644 [INFO] [SLEEP] Sleeping for 120s…
2026-06-16 17:59:26,646 [INFO] ======================================================================
2026-06-16 17:59:26,646 [INFO] [LOOP] Cycle #25 | 2026-06-16 17:59:26
2026-06-16 17:59:26,646 [INFO] [MONITOR] Evaluating 9 open positions…
2026-06-16 17:59:26,765 [INFO] [DATA] TRXUSDT | now=0.3174 | entry=0.3173 | PnL=+0.03%
2026-06-16 17:59:26,881 [INFO] [DATA] ZECUSDT | now=514.0200 | entry=514.5700 | PnL=-0.11%
2026-06-16 17:59:26,995 [INFO] [DATA] XRPUSDT | now=1.2469 | entry=1.2357 | PnL=+0.91%
2026-06-16 17:59:27,126 [INFO] [DATA] ADAUSDT | now=0.1801 | entry=0.1785 | PnL=+0.90%
2026-06-16 17:59:27,247 [INFO] [DATA] XLMUSDT | now=0.2287 | entry=0.2226 | PnL=+2.74%
2026-06-16 17:59:27,378 [INFO] [DATA] SOLUSDT | now=74.9800 | entry=74.4400 | PnL=+0.73%
2026-06-16 17:59:27,506 [INFO] [DATA] SUIUSDT | now=0.7997 | entry=0.7931 | PnL=+0.83%
2026-06-16 17:59:27,616 [INFO] [DATA] WLDUSDT | now=0.6496 | entry=0.6527 | PnL=-0.47%
2026-06-16 17:59:27,734 [INFO] [DATA] BABYUSDT | now=0.0176 | entry=0.0174 | PnL=+1.03%
2026-06-16 17:59:27,734 [INFO] [INVENTORY] 9/10 slots used — 1 vacant.
2026-06-16 17:59:27,861 [INFO] [LIQUIDITY] Free USDT: $6.10
2026-06-16 17:59:27,861 [INFO] [STANDBY] Insufficient USDT (need $10.00).
2026-06-16 17:59:27,861 [INFO] [SLEEP] Sleeping for 120s…
2026-06-16 18:01:27,875 [INFO] ======================================================================
2026-06-16 18:01:27,875 [INFO] [LOOP] Cycle #26 | 2026-06-16 18:01:27
2026-06-16 18:01:27,875 [INFO] [MONITOR] Evaluating 9 open positions…
2026-06-16 18:01:28,070 [INFO] [DATA] TRXUSDT | now=0.3176 | entry=0.3173 | PnL=+0.09%
2026-06-16 18:01:28,303 [INFO] [DATA] ZECUSDT | now=513.6200 | entry=514.5700 | PnL=-0.18%
2026-06-16 18:01:28,452 [INFO] [DATA] XRPUSDT | now=1.2501 | entry=1.2357 | PnL=+1.17%
2026-06-16 18:01:28,581 [INFO] [DATA] ADAUSDT | now=0.1803 | entry=0.1785 | PnL=+1.01%
2026-06-16 18:01:28,696 [INFO] [DATA] XLMUSDT | now=0.2282 | entry=0.2226 | PnL=+2.52%
2026-06-16 18:01:28,830 [INFO] [DATA] SOLUSDT | now=75.2300 | entry=74.4400 | PnL=+1.06%
2026-06-16 18:01:28,951 [INFO] [DATA] SUIUSDT | now=0.8016 | entry=0.7931 | PnL=+1.07%
2026-06-16 18:01:29,077 [INFO] [DATA] WLDUSDT | now=0.6514 | entry=0.6527 | PnL=-0.20%
2026-06-16 18:01:29,206 [INFO] [DATA] BABYUSDT | now=0.0176 | entry=0.0174 | PnL=+0.69%
2026-06-16 18:01:29,206 [INFO] [INVENTORY] 9/10 slots used — 1 vacant.
2026-06-16 18:01:29,332 [INFO] [LIQUIDITY] Free USDT: $6.10
2026-06-16 18:01:29,332 [INFO] [STANDBY] Insufficient USDT (need $10.00).
2026-06-16 18:01:29,347 [INFO] [SLEEP] Sleeping for 120s…
2026-06-16 18:03:29,347 [INFO] ======================================================================
2026-06-16 18:03:29,347 [INFO] [LOOP] Cycle #27 | 2026-06-16 18:03:29
2026-06-16 18:03:29,347 [INFO] [MONITOR] Evaluating 9 open positions…
2026-06-16 18:03:29,464 [INFO] [DATA] TRXUSDT | now=0.3177 | entry=0.3173 | PnL=+0.13%
2026-06-16 18:03:29,575 [INFO] [DATA] ZECUSDT | now=514.8700 | entry=514.5700 | PnL=+0.06%
2026-06-16 18:03:29,702 [INFO] [DATA] XRPUSDT | now=1.2549 | entry=1.2357 | PnL=+1.55%
2026-06-16 18:03:29,833 [INFO] [DATA] ADAUSDT | now=0.1809 | entry=0.1785 | PnL=+1.34%
2026-06-16 18:03:29,952 [INFO] [DATA] XLMUSDT | now=0.2281 | entry=0.2226 | PnL=+2.47%
2026-06-16 18:03:30,072 [INFO] [DATA] SOLUSDT | now=75.5100 | entry=74.4400 | PnL=+1.44%
2026-06-16 18:03:30,195 [INFO] [DATA] SUIUSDT | now=0.8044 | entry=0.7931 | PnL=+1.42%
2026-06-16 18:03:30,323 [INFO] [DATA] WLDUSDT | now=0.6536 | entry=0.6527 | PnL=+0.14%
2026-06-16 18:03:30,446 [INFO] [DATA] BABYUSDT | now=0.0176 | entry=0.0174 | PnL=+0.92%
2026-06-16 18:03:30,446 [INFO] [INVENTORY] 9/10 slots used — 1 vacant.
2026-06-16 18:03:30,579 [INFO] [LIQUIDITY] Free USDT: $6.10
2026-06-16 18:03:30,579 [INFO] [STANDBY] Insufficient USDT (need $10.00).
2026-06-16 18:03:30,579 [INFO] [SLEEP] Sleeping for 120s…
2026-06-16 18:05:30,580 [INFO] ======================================================================
2026-06-16 18:05:30,580 [INFO] [LOOP] Cycle #28 | 2026-06-16 18:05:30
2026-06-16 18:05:30,580 [INFO] [MONITOR] Evaluating 9 open positions…
2026-06-16 18:05:30,701 [INFO] [DATA] TRXUSDT | now=0.3177 | entry=0.3173 | PnL=+0.13%
2026-06-16 18:05:30,822 [INFO] [DATA] ZECUSDT | now=515.5400 | entry=514.5700 | PnL=+0.19%
2026-06-16 18:05:30,938 [INFO] [DATA] XRPUSDT | now=1.2536 | entry=1.2357 | PnL=+1.45%
2026-06-16 18:05:31,058 [INFO] [DATA] ADAUSDT | now=0.1810 | entry=0.1785 | PnL=+1.40%
2026-06-16 18:05:31,177 [INFO] [DATA] XLMUSDT | now=0.2291 | entry=0.2226 | PnL=+2.92%
2026-06-16 18:05:31,285 [INFO] [DATA] SOLUSDT | now=75.4200 | entry=74.4400 | PnL=+1.32%
2026-06-16 18:05:31,412 [INFO] [DATA] SUIUSDT | now=0.8039 | entry=0.7931 | PnL=+1.36%
2026-06-16 18:05:31,528 [INFO] [DATA] WLDUSDT | now=0.6524 | entry=0.6527 | PnL=-0.05%
2026-06-16 18:05:31,669 [INFO] [DATA] BABYUSDT | now=0.0176 | entry=0.0174 | PnL=+1.03%
2026-06-16 18:05:31,670 [INFO] [INVENTORY] 9/10 slots used — 1 vacant.
2026-06-16 18:05:31,780 [INFO] [LIQUIDITY] Free USDT: $6.10
2026-06-16 18:05:31,780 [INFO] [STANDBY] Insufficient USDT (need $10.00).
2026-06-16 18:05:31,795 [INFO] [SLEEP] Sleeping for 120s…
2026-06-16 18:07:31,795 [INFO] ======================================================================
2026-06-16 18:07:31,795 [INFO] [LOOP] Cycle #29 | 2026-06-16 18:07:31
2026-06-16 18:07:31,795 [INFO] [MONITOR] Evaluating 9 open positions…
2026-06-16 18:07:32,192 [INFO] [DATA] TRXUSDT | now=0.3177 | entry=0.3173 | PnL=+0.13%
2026-06-16 18:07:32,326 [INFO] [DATA] ZECUSDT | now=516.4900 | entry=514.5700 | PnL=+0.37%
2026-06-16 18:07:32,463 [INFO] [DATA] XRPUSDT | now=1.2527 | entry=1.2357 | PnL=+1.38%
2026-06-16 18:07:32,580 [INFO] [DATA] ADAUSDT | now=0.1808 | entry=0.1785 | PnL=+1.29%
2026-06-16 18:07:32,701 [INFO] [DATA] XLMUSDT | now=0.2287 | entry=0.2226 | PnL=+2.74%
2026-06-16 18:07:32,833 [INFO] [DATA] SOLUSDT | now=75.2800 | entry=74.4400 | PnL=+1.13%
2026-06-16 18:07:32,949 [INFO] [DATA] SUIUSDT | now=0.8025 | entry=0.7931 | PnL=+1.19%
2026-06-16 18:07:33,078 [INFO] [DATA] WLDUSDT | now=0.6531 | entry=0.6527 | PnL=+0.06%
2026-06-16 18:07:33,194 [INFO] [DATA] BABYUSDT | now=0.0176 | entry=0.0174 | PnL=+0.86%
2026-06-16 18:07:33,194 [INFO] [INVENTORY] 9/10 slots used — 1 vacant.
2026-06-16 18:07:33,310 [INFO] [LIQUIDITY] Free USDT: $6.10
2026-06-16 18:07:33,310 [INFO] [STANDBY] Insufficient USDT (need $10.00).
2026-06-16 18:07:33,310 [INFO] [SLEEP] Sleeping for 120s…
2026-06-16 18:09:33,321 [INFO] ======================================================================
2026-06-16 18:09:33,321 [INFO] [LOOP] Cycle #30 | 2026-06-16 18:09:33
2026-06-16 18:09:33,321 [INFO] [MONITOR] Evaluating 9 open positions…
2026-06-16 18:09:33,443 [INFO] [DATA] TRXUSDT | now=0.3178 | entry=0.3173 | PnL=+0.16%
2026-06-16 18:09:33,550 [INFO] [DATA] ZECUSDT | now=515.4900 | entry=514.5700 | PnL=+0.18%
2026-06-16 18:09:33,685 [INFO] [DATA] XRPUSDT | now=1.2511 | entry=1.2357 | PnL=+1.25%
2026-06-16 18:09:33,800 [INFO] [DATA] ADAUSDT | now=0.1806 | entry=0.1785 | PnL=+1.18%
2026-06-16 18:09:34,126 [INFO] [DATA] XLMUSDT | now=0.2281 | entry=0.2226 | PnL=+2.47%
2026-06-16 18:09:34,257 [INFO] [DATA] SOLUSDT | now=75.1600 | entry=74.4400 | PnL=+0.97%
2026-06-16 18:09:34,373 [INFO] [DATA] SUIUSDT | now=0.8016 | entry=0.7931 | PnL=+1.07%
2026-06-16 18:09:34,493 [INFO] [DATA] WLDUSDT | now=0.6529 | entry=0.6527 | PnL=+0.03%
2026-06-16 18:09:34,613 [INFO] [DATA] BABYUSDT | now=0.0176 | entry=0.0174 | PnL=+0.86%
2026-06-16 18:09:34,613 [INFO] [INVENTORY] 9/10 slots used — 1 vacant.
2026-06-16 18:09:34,733 [INFO] [LIQUIDITY] Free USDT: $6.10
2026-06-16 18:09:34,733 [INFO] [STANDBY] Insufficient USDT (need $10.00).
2026-06-16 18:09:34,733 [INFO] [SLEEP] Sleeping for 120s…
2026-06-16 18:11:34,741 [INFO] ======================================================================
2026-06-16 18:11:34,741 [INFO] [LOOP] Cycle #31 | 2026-06-16 18:11:34
2026-06-16 18:11:34,741 [INFO] [MONITOR] Evaluating 9 open positions…
2026-06-16 18:11:34,866 [INFO] [DATA] TRXUSDT | now=0.3180 | entry=0.3173 | PnL=+0.22%
2026-06-16 18:11:34,982 [INFO] [DATA] ZECUSDT | now=513.1300 | entry=514.5700 | PnL=-0.28%
2026-06-16 18:11:35,103 [INFO] [DATA] XRPUSDT | now=1.2477 | entry=1.2357 | PnL=+0.97%
2026-06-16 18:11:35,222 [INFO] [DATA] ADAUSDT | now=0.1802 | entry=0.1785 | PnL=+0.95%
2026-06-16 18:11:35,343 [INFO] [DATA] XLMUSDT | now=0.2281 | entry=0.2226 | PnL=+2.47%
2026-06-16 18:11:35,477 [INFO] [DATA] SOLUSDT | now=74.9300 | entry=74.4400 | PnL=+0.66%
2026-06-16 18:11:35,593 [INFO] [DATA] SUIUSDT | now=0.7993 | entry=0.7931 | PnL=+0.78%
2026-06-16 18:11:35,714 [INFO] [DATA] WLDUSDT | now=0.6536 | entry=0.6527 | PnL=+0.14%
2026-06-16 18:11:35,837 [INFO] [DATA] BABYUSDT | now=0.0176 | entry=0.0174 | PnL=+0.75%
2026-06-16 18:11:35,837 [INFO] [INVENTORY] 9/10 slots used — 1 vacant.
2026-06-16 18:11:35,956 [INFO] [LIQUIDITY] Free USDT: $6.10
2026-06-16 18:11:35,956 [INFO] [STANDBY] Insufficient USDT (need $10.00).
2026-06-16 18:11:35,956 [INFO] [SLEEP] Sleeping for 120s…
2026-06-16 18:13:35,961 [INFO] ======================================================================
2026-06-16 18:13:35,961 [INFO] [LOOP] Cycle #32 | 2026-06-16 18:13:35
2026-06-16 18:13:35,961 [INFO] [MONITOR] Evaluating 9 open positions…
2026-06-16 18:13:36,081 [INFO] [DATA] TRXUSDT | now=0.3179 | entry=0.3173 | PnL=+0.19%
2026-06-16 18:13:36,200 [INFO] [DATA] ZECUSDT | now=512.0800 | entry=514.5700 | PnL=-0.48%
2026-06-16 18:13:36,313 [INFO] [DATA] XRPUSDT | now=1.2478 | entry=1.2357 | PnL=+0.98%
2026-06-16 18:13:36,446 [INFO] [DATA] ADAUSDT | now=0.1802 | entry=0.1785 | PnL=+0.95%
2026-06-16 18:13:36,590 [INFO] [DATA] XLMUSDT | now=0.2266 | entry=0.2226 | PnL=+1.80%
2026-06-16 18:13:36,737 [INFO] [DATA] SOLUSDT | now=74.9300 | entry=74.4400 | PnL=+0.66%
2026-06-16 18:13:36,853 [INFO] [DATA] SUIUSDT | now=0.7987 | entry=0.7931 | PnL=+0.71%
2026-06-16 18:13:37,019 [INFO] [DATA] WLDUSDT | now=0.6526 | entry=0.6527 | PnL=-0.02%
2026-06-16 18:13:37,145 [INFO] [DATA] BABYUSDT | now=0.0175 | entry=0.0174 | PnL=+0.40%
2026-06-16 18:13:37,146 [INFO] [INVENTORY] 9/10 slots used — 1 vacant.
2026-06-16 18:13:37,263 [INFO] [LIQUIDITY] Free USDT: $6.10
2026-06-16 18:13:37,263 [INFO] [STANDBY] Insufficient USDT (need $10.00).
2026-06-16 18:13:37,263 [INFO] [SLEEP] Sleeping for 120s…
2026-06-16 18:15:37,271 [INFO] ======================================================================
2026-06-16 18:15:37,271 [INFO] [LOOP] Cycle #33 | 2026-06-16 18:15:37
2026-06-16 18:15:37,271 [INFO] [MONITOR] Evaluating 9 open positions…
2026-06-16 18:15:37,413 [INFO] [DATA] TRXUSDT | now=0.3179 | entry=0.3173 | PnL=+0.19%
2026-06-16 18:15:37,533 [INFO] [DATA] ZECUSDT | now=512.3000 | entry=514.5700 | PnL=-0.44%
2026-06-16 18:15:37,657 [INFO] [DATA] XRPUSDT | now=1.2467 | entry=1.2357 | PnL=+0.89%
2026-06-16 18:15:37,769 [INFO] [DATA] ADAUSDT | now=0.1802 | entry=0.1785 | PnL=+0.95%
2026-06-16 18:15:37,879 [INFO] [DATA] XLMUSDT | now=0.2270 | entry=0.2226 | PnL=+1.98%
2026-06-16 18:15:38,005 [INFO] [DATA] SOLUSDT | now=74.9200 | entry=74.4400 | PnL=+0.64%
2026-06-16 18:15:38,139 [INFO] [DATA] SUIUSDT | now=0.7988 | entry=0.7931 | PnL=+0.72%
2026-06-16 18:15:38,262 [INFO] [DATA] WLDUSDT | now=0.6502 | entry=0.6527 | PnL=-0.38%
2026-06-16 18:15:38,381 [INFO] [DATA] BABYUSDT | now=0.0174 | entry=0.0174 | PnL=-0.46%
2026-06-16 18:15:38,381 [INFO] [INVENTORY] 9/10 slots used — 1 vacant.
2026-06-16 18:15:38,496 [INFO] [LIQUIDITY] Free USDT: $6.10
2026-06-16 18:15:38,496 [INFO] [STANDBY] Insufficient USDT (need $10.00).
2026-06-16 18:15:38,496 [INFO] [SLEEP] Sleeping for 120s…
2026-06-16 18:17:38,508 [INFO] ======================================================================
2026-06-16 18:17:38,508 [INFO] [LOOP] Cycle #34 | 2026-06-16 18:17:38
2026-06-16 18:17:38,508 [INFO] [MONITOR] Evaluating 9 open positions…
2026-06-16 18:17:38,629 [INFO] [DATA] TRXUSDT | now=0.3177 | entry=0.3173 | PnL=+0.13%
2026-06-16 18:17:38,736 [INFO] [DATA] ZECUSDT | now=513.2200 | entry=514.5700 | PnL=-0.26%
2026-06-16 18:17:38,871 [INFO] [DATA] XRPUSDT | now=1.2467 | entry=1.2357 | PnL=+0.89%
2026-06-16 18:17:38,985 [INFO] [DATA] ADAUSDT | now=0.1802 | entry=0.1785 | PnL=+0.95%
2026-06-16 18:17:39,107 [INFO] [DATA] XLMUSDT | now=0.2268 | entry=0.2226 | PnL=+1.89%
2026-06-16 18:17:39,258 [INFO] [DATA] SOLUSDT | now=75.0300 | entry=74.4400 | PnL=+0.79%
2026-06-16 18:17:39,557 [INFO] [DATA] SUIUSDT | now=0.7995 | entry=0.7931 | PnL=+0.81%
2026-06-16 18:17:39,686 [INFO] [DATA] WLDUSDT | now=0.6484 | entry=0.6527 | PnL=-0.66%
2026-06-16 18:17:39,813 [INFO] [DATA] BABYUSDT | now=0.0173 | entry=0.0174 | PnL=-0.69%
2026-06-16 18:17:39,813 [INFO] [INVENTORY] 9/10 slots used — 1 vacant.
2026-06-16 18:17:39,945 [INFO] [LIQUIDITY] Free USDT: $5.95
2026-06-16 18:17:39,945 [INFO] [STANDBY] Insufficient USDT (need $10.00).
2026-06-16 18:17:39,946 [INFO] [SLEEP] Sleeping for 120s…
2026-06-16 18:19:39,947 [INFO] ======================================================================
2026-06-16 18:19:39,947 [INFO] [LOOP] Cycle #35 | 2026-06-16 18:19:39
2026-06-16 18:19:39,947 [INFO] [MONITOR] Evaluating 9 open positions…
2026-06-16 18:19:40,062 [INFO] [DATA] TRXUSDT | now=0.3179 | entry=0.3173 | PnL=+0.19%
2026-06-16 18:19:40,189 [INFO] [DATA] ZECUSDT | now=511.9400 | entry=514.5700 | PnL=-0.51%
2026-06-16 18:19:40,357 [INFO] [DATA] XRPUSDT | now=1.2441 | entry=1.2357 | PnL=+0.68%
2026-06-16 18:19:40,513 [INFO] [DATA] ADAUSDT | now=0.1797 | entry=0.1785 | PnL=+0.67%
2026-06-16 18:19:40,624 [INFO] [DATA] XLMUSDT | now=0.2268 | entry=0.2226 | PnL=+1.89%
2026-06-16 18:19:40,755 [INFO] [DATA] SOLUSDT | now=74.8800 | entry=74.4400 | PnL=+0.59%
2026-06-16 18:19:40,856 [INFO] [DATA] SUIUSDT | now=0.7978 | entry=0.7931 | PnL=+0.59%
2026-06-16 18:19:40,991 [INFO] [DATA] WLDUSDT | now=0.6477 | entry=0.6527 | PnL=-0.77%
2026-06-16 18:19:41,113 [INFO] [DATA] BABYUSDT | now=0.0174 | entry=0.0174 | PnL=-0.52%
2026-06-16 18:19:41,114 [INFO] [INVENTORY] 9/10 slots used — 1 vacant.
2026-06-16 18:19:41,218 [INFO] [LIQUIDITY] Free USDT: $5.85
2026-06-16 18:19:41,233 [INFO] [STANDBY] Insufficient USDT (need $10.00).
2026-06-16 18:19:41,233 [INFO] [SLEEP] Sleeping for 120s…
2026-06-16 18:21:41,233 [INFO] ======================================================================
2026-06-16 18:21:41,233 [INFO] [LOOP] Cycle #36 | 2026-06-16 18:21:41
2026-06-16 18:21:41,233 [INFO] [MONITOR] Evaluating 9 open positions…
2026-06-16 18:21:41,352 [INFO] [DATA] TRXUSDT | now=0.3178 | entry=0.3173 | PnL=+0.16%
2026-06-16 18:21:41,475 [INFO] [DATA] ZECUSDT | now=511.1400 | entry=514.5700 | PnL=-0.67%
2026-06-16 18:21:41,591 [INFO] [DATA] XRPUSDT | now=1.2429 | entry=1.2357 | PnL=+0.58%
2026-06-16 18:21:41,698 [INFO] [DATA] ADAUSDT | now=0.1795 | entry=0.1785 | PnL=+0.56%
2026-06-16 18:21:41,816 [INFO] [DATA] XLMUSDT | now=0.2269 | entry=0.2226 | PnL=+1.93%
2026-06-16 18:21:41,932 [INFO] [DATA] SOLUSDT | now=74.7800 | entry=74.4400 | PnL=+0.46%
2026-06-16 18:21:42,047 [INFO] [DATA] SUIUSDT | now=0.7971 | entry=0.7931 | PnL=+0.50%
2026-06-16 18:21:42,167 [INFO] [DATA] WLDUSDT | now=0.6477 | entry=0.6527 | PnL=-0.77%
2026-06-16 18:21:42,287 [INFO] [DATA] BABYUSDT | now=0.0174 | entry=0.0174 | PnL=-0.46%
2026-06-16 18:21:42,287 [INFO] [INVENTORY] 9/10 slots used — 1 vacant.
2026-06-16 18:21:42,392 [INFO] [LIQUIDITY] Free USDT: $5.85
2026-06-16 18:21:42,392 [INFO] [STANDBY] Insufficient USDT (need $10.00).
2026-06-16 18:21:42,392 [INFO] [SLEEP] Sleeping for 120s…
2026-06-16 18:23:42,405 [INFO] ======================================================================
2026-06-16 18:23:42,405 [INFO] [LOOP] Cycle #37 | 2026-06-16 18:23:42
2026-06-16 18:23:42,405 [INFO] [MONITOR] Evaluating 9 open positions…
2026-06-16 18:23:42,527 [INFO] [DATA] TRXUSDT | now=0.3179 | entry=0.3173 | PnL=+0.19%
2026-06-16 18:23:42,642 [INFO] [DATA] ZECUSDT | now=511.9200 | entry=514.5700 | PnL=-0.51%
2026-06-16 18:23:42,751 [INFO] [DATA] XRPUSDT | now=1.2441 | entry=1.2357 | PnL=+0.68%
2026-06-16 18:23:42,876 [INFO] [DATA] ADAUSDT | now=0.1797 | entry=0.1785 | PnL=+0.67%
2026-06-16 18:23:42,999 [INFO] [DATA] XLMUSDT | now=0.2272 | entry=0.2226 | PnL=+2.07%
2026-06-16 18:23:43,117 [INFO] [DATA] SOLUSDT | now=74.8900 | entry=74.4400 | PnL=+0.60%
2026-06-16 18:23:43,234 [INFO] [DATA] SUIUSDT | now=0.7988 | entry=0.7931 | PnL=+0.72%
2026-06-16 18:23:43,362 [INFO] [DATA] WLDUSDT | now=0.6470 | entry=0.6527 | PnL=-0.87%
2026-06-16 18:23:43,551 [INFO] [DATA] BABYUSDT | now=0.0174 | entry=0.0174 | PnL=-0.34%
2026-06-16 18:23:43,551 [INFO] [INVENTORY] 9/10 slots used — 1 vacant.
2026-06-16 18:23:44,046 [INFO] [LIQUIDITY] Free USDT: $5.85
2026-06-16 18:23:44,046 [INFO] [STANDBY] Insufficient USDT (need $10.00).
2026-06-16 18:23:44,046 [INFO] [SLEEP] Sleeping for 120s…
2026-06-16 18:25:44,048 [INFO] ======================================================================
2026-06-16 18:25:44,048 [INFO] [LOOP] Cycle #38 | 2026-06-16 18:25:44
2026-06-16 18:25:44,048 [INFO] [MONITOR] Evaluating 9 open positions…
2026-06-16 18:25:44,168 [INFO] [DATA] TRXUSDT | now=0.3178 | entry=0.3173 | PnL=+0.16%
2026-06-16 18:25:44,290 [INFO] [DATA] ZECUSDT | now=511.8000 | entry=514.5700 | PnL=-0.54%
2026-06-16 18:25:44,407 [INFO] [DATA] XRPUSDT | now=1.2436 | entry=1.2357 | PnL=+0.64%
2026-06-16 18:25:44,525 [INFO] [DATA] ADAUSDT | now=0.1798 | entry=0.1785 | PnL=+0.73%
2026-06-16 18:25:44,653 [INFO] [DATA] XLMUSDT | now=0.2267 | entry=0.2226 | PnL=+1.84%
2026-06-16 18:25:44,771 [INFO] [DATA] SOLUSDT | now=74.9000 | entry=74.4400 | PnL=+0.62%
2026-06-16 18:25:44,889 [INFO] [DATA] SUIUSDT | now=0.7987 | entry=0.7931 | PnL=+0.71%
2026-06-16 18:25:44,995 [INFO] [DATA] WLDUSDT | now=0.6484 | entry=0.6527 | PnL=-0.66%
2026-06-16 18:25:45,123 [INFO] [DATA] BABYUSDT | now=0.0174 | entry=0.0174 | PnL=-0.23%
2026-06-16 18:25:45,123 [INFO] [INVENTORY] 9/10 slots used — 1 vacant.
2026-06-16 18:25:45,232 [INFO] [LIQUIDITY] Free USDT: $5.85
2026-06-16 18:25:45,247 [INFO] [STANDBY] Insufficient USDT (need $10.00).
2026-06-16 18:25:45,247 [INFO] [SLEEP] Sleeping for 120s…
2026-06-16 18:27:45,248 [INFO] ======================================================================
2026-06-16 18:27:45,248 [INFO] [LOOP] Cycle #39 | 2026-06-16 18:27:45
2026-06-16 18:27:45,248 [INFO] [MONITOR] Evaluating 9 open positions…
2026-06-16 18:27:45,370 [INFO] [DATA] TRXUSDT | now=0.3178 | entry=0.3173 | PnL=+0.16%
2026-06-16 18:27:45,488 [INFO] [DATA] ZECUSDT | now=512.4500 | entry=514.5700 | PnL=-0.41%
2026-06-16 18:27:45,609 [INFO] [DATA] XRPUSDT | now=1.2449 | entry=1.2357 | PnL=+0.74%
2026-06-16 18:27:45,733 [INFO] [DATA] ADAUSDT | now=0.1802 | entry=0.1785 | PnL=+0.95%
2026-06-16 18:27:45,847 [INFO] [DATA] XLMUSDT | now=0.2268 | entry=0.2226 | PnL=+1.89%
2026-06-16 18:27:45,973 [INFO] [DATA] SOLUSDT | now=74.9700 | entry=74.4400 | PnL=+0.71%
2026-06-16 18:27:46,096 [INFO] [DATA] SUIUSDT | now=0.8000 | entry=0.7931 | PnL=+0.87%
2026-06-16 18:27:46,220 [INFO] [DATA] WLDUSDT | now=0.6514 | entry=0.6527 | PnL=-0.20%
2026-06-16 18:27:46,331 [INFO] [DATA] BABYUSDT | now=0.0174 | entry=0.0174 | PnL=-0.11%
2026-06-16 18:27:46,331 [INFO] [INVENTORY] 9/10 slots used — 1 vacant.
2026-06-16 18:27:46,453 [INFO] [LIQUIDITY] Free USDT: $5.85
2026-06-16 18:27:46,453 [INFO] [STANDBY] Insufficient USDT (need $10.00).
2026-06-16 18:27:46,453 [INFO] [SLEEP] Sleeping for 120s…
2026-06-16 18:29:46,463 [INFO] ======================================================================
2026-06-16 18:29:46,463 [INFO] [LOOP] Cycle #40 | 2026-06-16 18:29:46
2026-06-16 18:29:46,463 [INFO] [MONITOR] Evaluating 9 open positions…
2026-06-16 18:29:46,593 [INFO] [DATA] TRXUSDT | now=0.3178 | entry=0.3173 | PnL=+0.16%
2026-06-16 18:29:46,701 [INFO] [DATA] ZECUSDT | now=512.4500 | entry=514.5700 | PnL=-0.41%
2026-06-16 18:29:46,830 [INFO] [DATA] XRPUSDT | now=1.2446 | entry=1.2357 | PnL=+0.72%
2026-06-16 18:29:46,958 [INFO] [DATA] ADAUSDT | now=0.1801 | entry=0.1785 | PnL=+0.90%
2026-06-16 18:29:47,095 [INFO] [DATA] XLMUSDT | now=0.2272 | entry=0.2226 | PnL=+2.07%
2026-06-16 18:29:47,205 [INFO] [DATA] SOLUSDT | now=74.9100 | entry=74.4400 | PnL=+0.63%
2026-06-16 18:29:47,328 [INFO] [DATA] SUIUSDT | now=0.7999 | entry=0.7931 | PnL=+0.86%
2026-06-16 18:29:47,453 [INFO] [DATA] WLDUSDT | now=0.6499 | entry=0.6527 | PnL=-0.43%
2026-06-16 18:29:47,631 [INFO] [DATA] BABYUSDT | now=0.0174 | entry=0.0174 | PnL=-0.17%
2026-06-16 18:29:47,632 [INFO] [INVENTORY] 9/10 slots used — 1 vacant.
2026-06-16 18:29:47,759 [INFO] [LIQUIDITY] Free USDT: $5.85
2026-06-16 18:29:47,759 [INFO] [STANDBY] Insufficient USDT (need $10.00).
2026-06-16 18:29:47,759 [INFO] [SLEEP] Sleeping for 120s…
2026-06-16 18:31:47,761 [INFO] ======================================================================
2026-06-16 18:31:47,761 [INFO] [LOOP] Cycle #41 | 2026-06-16 18:31:47
2026-06-16 18:31:47,761 [INFO] [MONITOR] Evaluating 9 open positions…
2026-06-16 18:31:47,882 [INFO] [DATA] TRXUSDT | now=0.3180 | entry=0.3173 | PnL=+0.22%
2026-06-16 18:31:48,001 [INFO] [DATA] ZECUSDT | now=511.2400 | entry=514.5700 | PnL=-0.65%
2026-06-16 18:31:48,119 [INFO] [DATA] XRPUSDT | now=1.2448 | entry=1.2357 | PnL=+0.74%
2026-06-16 18:31:48,234 [INFO] [DATA] ADAUSDT | now=0.1800 | entry=0.1785 | PnL=+0.84%
2026-06-16 18:31:48,359 [INFO] [DATA] XLMUSDT | now=0.2266 | entry=0.2226 | PnL=+1.80%
2026-06-16 18:31:48,485 [INFO] [DATA] SOLUSDT | now=74.8700 | entry=74.4400 | PnL=+0.58%
2026-06-16 18:31:48,604 [INFO] [DATA] SUIUSDT | now=0.8002 | entry=0.7931 | PnL=+0.90%
2026-06-16 18:31:48,714 [INFO] [DATA] WLDUSDT | now=0.6512 | entry=0.6527 | PnL=-0.23%
2026-06-16 18:31:48,847 [INFO] [DATA] BABYUSDT | now=0.0174 | entry=0.0174 | PnL=-0.11%
2026-06-16 18:31:48,847 [INFO] [INVENTORY] 9/10 slots used — 1 vacant.
2026-06-16 18:31:48,970 [INFO] [LIQUIDITY] Free USDT: $5.85
2026-06-16 18:31:48,971 [INFO] [STANDBY] Insufficient USDT (need $10.00).
2026-06-16 18:31:48,971 [INFO] [SLEEP] Sleeping for 120s…
2026-06-16 18:33:48,972 [INFO] ======================================================================
2026-06-16 18:33:48,972 [INFO] [LOOP] Cycle #42 | 2026-06-16 18:33:48
2026-06-16 18:33:48,972 [INFO] [MONITOR] Evaluating 9 open positions…
2026-06-16 18:33:49,092 [INFO] [DATA] TRXUSDT | now=0.3179 | entry=0.3173 | PnL=+0.19%
2026-06-16 18:33:49,199 [INFO] [DATA] ZECUSDT | now=511.0000 | entry=514.5700 | PnL=-0.69%
2026-06-16 18:33:49,332 [INFO] [DATA] XRPUSDT | now=1.2446 | entry=1.2357 | PnL=+0.72%
2026-06-16 18:33:49,449 [INFO] [DATA] ADAUSDT | now=0.1801 | entry=0.1785 | PnL=+0.90%
2026-06-16 18:33:49,569 [INFO] [DATA] XLMUSDT | now=0.2264 | entry=0.2226 | PnL=+1.71%
2026-06-16 18:33:49,689 [INFO] [DATA] SOLUSDT | now=74.8700 | entry=74.4400 | PnL=+0.58%
2026-06-16 18:33:49,807 [INFO] [DATA] SUIUSDT | now=0.8000 | entry=0.7931 | PnL=+0.87%
2026-06-16 18:33:49,935 [INFO] [DATA] WLDUSDT | now=0.6483 | entry=0.6527 | PnL=-0.67%
2026-06-16 18:33:50,063 [INFO] [DATA] BABYUSDT | now=0.0174 | entry=0.0174 | PnL=-0.11%
2026-06-16 18:33:50,063 [INFO] [INVENTORY] 9/10 slots used — 1 vacant.
2026-06-16 18:33:50,190 [INFO] [LIQUIDITY] Free USDT: $5.85
2026-06-16 18:33:50,190 [INFO] [STANDBY] Insufficient USDT (need $10.00).
2026-06-16 18:33:50,190 [INFO] [SLEEP] Sleeping for 120s…
2026-06-16 18:35:50,191 [INFO] ======================================================================
2026-06-16 18:35:50,191 [INFO] [LOOP] Cycle #43 | 2026-06-16 18:35:50
2026-06-16 18:35:50,191 [INFO] [MONITOR] Evaluating 9 open positions…
2026-06-16 18:35:50,312 [INFO] [DATA] TRXUSDT | now=0.3179 | entry=0.3173 | PnL=+0.19%
2026-06-16 18:35:50,420 [INFO] [DATA] ZECUSDT | now=510.8700 | entry=514.5700 | PnL=-0.72%
2026-06-16 18:35:50,548 [INFO] [DATA] XRPUSDT | now=1.2419 | entry=1.2357 | PnL=+0.50%
2026-06-16 18:35:50,676 [INFO] [DATA] ADAUSDT | now=0.1793 | entry=0.1785 | PnL=+0.45%
2026-06-16 18:35:50,786 [INFO] [DATA] XLMUSDT | now=0.2266 | entry=0.2226 | PnL=+1.80%
2026-06-16 18:35:50,913 [INFO] [DATA] SOLUSDT | now=74.7300 | entry=74.4400 | PnL=+0.39%
2026-06-16 18:35:51,068 [INFO] [DATA] SUIUSDT | now=0.7972 | entry=0.7931 | PnL=+0.52%
2026-06-16 18:35:51,209 [INFO] [DATA] WLDUSDT | now=0.6466 | entry=0.6527 | PnL=-0.93%
2026-06-16 18:35:51,327 [INFO] [DATA] BABYUSDT | now=0.0174 | entry=0.0174 | PnL=-0.40%
2026-06-16 18:35:51,327 [INFO] [INVENTORY] 9/10 slots used — 1 vacant.
2026-06-16 18:35:51,458 [INFO] [LIQUIDITY] Free USDT: $5.85
2026-06-16 18:35:51,458 [INFO] [STANDBY] Insufficient USDT (need $10.00).
2026-06-16 18:35:51,458 [INFO] [SLEEP] Sleeping for 120s…
2026-06-16 18:37:51,459 [INFO] ======================================================================
2026-06-16 18:37:51,459 [INFO] [LOOP] Cycle #44 | 2026-06-16 18:37:51
2026-06-16 18:37:51,459 [INFO] [MONITOR] Evaluating 9 open positions…
2026-06-16 18:37:51,583 [INFO] [DATA] TRXUSDT | now=0.3176 | entry=0.3173 | PnL=+0.09%
2026-06-16 18:37:51,703 [INFO] [DATA] ZECUSDT | now=510.3600 | entry=514.5700 | PnL=-0.82%
2026-06-16 18:37:51,817 [INFO] [DATA] XRPUSDT | now=1.2382 | entry=1.2357 | PnL=+0.20%
2026-06-16 18:37:51,941 [INFO] [DATA] ADAUSDT | now=0.1786 | entry=0.1785 | PnL=+0.06%
2026-06-16 18:37:52,064 [INFO] [DATA] XLMUSDT | now=0.2258 | entry=0.2226 | PnL=+1.44%
2026-06-16 18:37:52,183 [INFO] [DATA] SOLUSDT | now=74.4900 | entry=74.4400 | PnL=+0.07%
2026-06-16 18:37:52,295 [INFO] [DATA] SUIUSDT | now=0.7938 | entry=0.7931 | PnL=+0.09%
2026-06-16 18:37:52,414 [INFO] [DATA] WLDUSDT | now=0.6476 | entry=0.6527 | PnL=-0.78%
2026-06-16 18:37:52,541 [INFO] [DATA] BABYUSDT | now=0.0174 | entry=0.0174 | PnL=-0.52%
2026-06-16 18:37:52,542 [INFO] [INVENTORY] 9/10 slots used — 1 vacant.
2026-06-16 18:37:52,661 [INFO] [LIQUIDITY] Free USDT: $5.85
2026-06-16 18:37:52,661 [INFO] [STANDBY] Insufficient USDT (need $10.00).
2026-06-16 18:37:52,661 [INFO] [SLEEP] Sleeping for 120s…
2026-06-16 18:39:52,663 [INFO] ======================================================================
2026-06-16 18:39:52,663 [INFO] [LOOP] Cycle #45 | 2026-06-16 18:39:52
2026-06-16 18:39:52,663 [INFO] [MONITOR] Evaluating 9 open positions…
2026-06-16 18:39:52,782 [INFO] [DATA] TRXUSDT | now=0.3176 | entry=0.3173 | PnL=+0.09%
2026-06-16 18:39:52,896 [INFO] [DATA] ZECUSDT | now=509.1700 | entry=514.5700 | PnL=-1.05%
2026-06-16 18:39:53,001 [INFO] [DATA] XRPUSDT | now=1.2340 | entry=1.2357 | PnL=-0.14%
2026-06-16 18:39:53,129 [INFO] [DATA] ADAUSDT | now=0.1780 | entry=0.1785 | PnL=-0.28%
2026-06-16 18:39:53,444 [INFO] [DATA] XLMUSDT | now=0.2227 | entry=0.2226 | PnL=+0.04%
2026-06-16 18:39:53,572 [INFO] [DATA] SOLUSDT | now=74.2900 | entry=74.4400 | PnL=-0.20%
2026-06-16 18:39:53,697 [INFO] [DATA] SUIUSDT | now=0.7906 | entry=0.7931 | PnL=-0.32%
2026-06-16 18:39:53,826 [INFO] [DATA] WLDUSDT | now=0.6433 | entry=0.6527 | PnL=-1.44%
2026-06-16 18:39:53,962 [INFO] [DATA] BABYUSDT | now=0.0174 | entry=0.0174 | PnL=-0.46%
2026-06-16 18:39:53,963 [INFO] [INVENTORY] 9/10 slots used — 1 vacant.
2026-06-16 18:39:54,077 [INFO] [LIQUIDITY] Free USDT: $5.85
2026-06-16 18:39:54,077 [INFO] [STANDBY] Insufficient USDT (need $10.00).
2026-06-16 18:39:54,077 [INFO] [SLEEP] Sleeping for 120s…
2026-06-16 18:41:54,089 [INFO] ======================================================================
2026-06-16 18:41:54,089 [INFO] [LOOP] Cycle #46 | 2026-06-16 18:41:54
2026-06-16 18:41:54,089 [INFO] [MONITOR] Evaluating 9 open positions…
2026-06-16 18:41:54,209 [INFO] [DATA] TRXUSDT | now=0.3174 | entry=0.3173 | PnL=+0.03%
2026-06-16 18:41:54,327 [INFO] [DATA] ZECUSDT | now=507.4300 | entry=514.5700 | PnL=-1.39%
2026-06-16 18:41:54,460 [INFO] [DATA] XRPUSDT | now=1.2357 | entry=1.2357 | PnL=+0.00%
2026-06-16 18:41:54,582 [INFO] [DATA] ADAUSDT | now=0.1778 | entry=0.1785 | PnL=-0.39%
2026-06-16 18:41:54,703 [INFO] [DATA] XLMUSDT | now=0.2242 | entry=0.2226 | PnL=+0.72%
2026-06-16 18:41:54,835 [INFO] [DATA] SOLUSDT | now=74.3200 | entry=74.4400 | PnL=-0.16%
2026-06-16 18:41:54,951 [INFO] [DATA] SUIUSDT | now=0.7909 | entry=0.7931 | PnL=-0.28%
2026-06-16 18:41:55,071 [INFO] [DATA] WLDUSDT | now=0.6451 | entry=0.6527 | PnL=-1.16%
2026-06-16 18:41:55,194 [INFO] [DATA] BABYUSDT | now=0.0173 | entry=0.0174 | PnL=-0.63%
2026-06-16 18:41:55,194 [INFO] [INVENTORY] 9/10 slots used — 1 vacant.
2026-06-16 18:41:55,316 [INFO] [LIQUIDITY] Free USDT: $5.09
2026-06-16 18:41:55,317 [INFO] [STANDBY] Insufficient USDT (need $10.00).
2026-06-16 18:41:55,317 [INFO] [SLEEP] Sleeping for 120s…
2026-06-16 18:43:55,318 [INFO] ======================================================================
2026-06-16 18:43:55,318 [INFO] [LOOP] Cycle #47 | 2026-06-16 18:43:55
2026-06-16 18:43:55,318 [INFO] [MONITOR] Evaluating 9 open positions…
2026-06-16 18:43:55,436 [INFO] [DATA] TRXUSDT | now=0.3174 | entry=0.3173 | PnL=+0.03%
2026-06-16 18:43:55,544 [INFO] [DATA] ZECUSDT | now=506.3100 | entry=514.5700 | PnL=-1.61%
2026-06-16 18:43:55,677 [INFO] [DATA] XRPUSDT | now=1.2355 | entry=1.2357 | PnL=-0.02%
2026-06-16 18:43:55,793 [INFO] [DATA] ADAUSDT | now=0.1780 | entry=0.1785 | PnL=-0.28%
2026-06-16 18:43:55,912 [INFO] [DATA] XLMUSDT | now=0.2252 | entry=0.2226 | PnL=+1.17%
2026-06-16 18:43:56,039 [INFO] [DATA] SOLUSDT | now=74.2800 | entry=74.4400 | PnL=-0.21%
2026-06-16 18:43:56,166 [INFO] [DATA] SUIUSDT | now=0.7913 | entry=0.7931 | PnL=-0.23%
2026-06-16 18:43:56,279 [INFO] [DATA] WLDUSDT | now=0.6419 | entry=0.6527 | PnL=-1.65%
2026-06-16 18:43:56,401 [INFO] [DATA] BABYUSDT | now=0.0174 | entry=0.0174 | PnL=-0.40%
2026-06-16 18:43:56,401 [INFO] [INVENTORY] 9/10 slots used — 1 vacant.
2026-06-16 18:43:56,521 [INFO] [LIQUIDITY] Free USDT: $5.09
2026-06-16 18:43:56,536 [INFO] [STANDBY] Insufficient USDT (need $10.00).
2026-06-16 18:43:56,536 [INFO] [SLEEP] Sleeping for 120s…
2026-06-16 18:45:56,537 [INFO] ======================================================================
2026-06-16 18:45:56,537 [INFO] [LOOP] Cycle #48 | 2026-06-16 18:45:56
2026-06-16 18:45:56,537 [INFO] [MONITOR] Evaluating 9 open positions…
2026-06-16 18:45:56,657 [INFO] [DATA] TRXUSDT | now=0.3174 | entry=0.3173 | PnL=+0.03%
2026-06-16 18:45:56,765 [INFO] [DATA] ZECUSDT | now=508.3200 | entry=514.5700 | PnL=-1.21%
2026-06-16 18:45:56,892 [INFO] [DATA] XRPUSDT | now=1.2379 | entry=1.2357 | PnL=+0.18%
2026-06-16 18:45:57,021 [INFO] [DATA] ADAUSDT | now=0.1782 | entry=0.1785 | PnL=-0.17%
2026-06-16 18:45:57,128 [INFO] [DATA] XLMUSDT | now=0.2247 | entry=0.2226 | PnL=+0.94%
2026-06-16 18:45:57,259 [INFO] [DATA] SOLUSDT | now=74.4300 | entry=74.4400 | PnL=-0.01%
2026-06-16 18:45:57,378 [INFO] [DATA] SUIUSDT | now=0.7927 | entry=0.7931 | PnL=-0.05%
2026-06-16 18:45:57,507 [INFO] [DATA] WLDUSDT | now=0.6416 | entry=0.6527 | PnL=-1.70%
2026-06-16 18:45:57,629 [INFO] [DATA] BABYUSDT | now=0.0175 | entry=0.0174 | PnL=+0.17%
2026-06-16 18:45:57,629 [INFO] [INVENTORY] 9/10 slots used — 1 vacant.
2026-06-16 18:45:57,754 [INFO] [LIQUIDITY] Free USDT: $5.09
2026-06-16 18:45:57,754 [INFO] [STANDBY] Insufficient USDT (need $10.00).
2026-06-16 18:45:57,754 [INFO] [SLEEP] Sleeping for 120s…
2026-06-16 18:47:57,757 [INFO] ======================================================================
2026-06-16 18:47:57,757 [INFO] [LOOP] Cycle #49 | 2026-06-16 18:47:57
2026-06-16 18:47:57,757 [INFO] [MONITOR] Evaluating 9 open positions…
2026-06-16 18:47:57,883 [INFO] [DATA] TRXUSDT | now=0.3174 | entry=0.3173 | PnL=+0.03%
2026-06-16 18:47:57,999 [INFO] [DATA] ZECUSDT | now=507.7500 | entry=514.5700 | PnL=-1.33%
2026-06-16 18:47:58,133 [INFO] [DATA] XRPUSDT | now=1.2371 | entry=1.2357 | PnL=+0.11%
2026-06-16 18:47:58,264 [INFO] [DATA] ADAUSDT | now=0.1780 | entry=0.1785 | PnL=-0.28%
2026-06-16 18:47:58,416 [INFO] [DATA] XLMUSDT | now=0.2235 | entry=0.2226 | PnL=+0.40%
2026-06-16 18:47:58,535 [INFO] [DATA] SOLUSDT | now=74.3700 | entry=74.4400 | PnL=-0.09%
2026-06-16 18:47:58,661 [INFO] [DATA] SUIUSDT | now=0.7925 | entry=0.7931 | PnL=-0.08%
2026-06-16 18:47:58,775 [INFO] [DATA] WLDUSDT | now=0.6415 | entry=0.6527 | PnL=-1.72%
2026-06-16 18:47:58,897 [INFO] [DATA] BABYUSDT | now=0.0174 | entry=0.0174 | PnL=+0.00%
2026-06-16 18:47:58,897 [INFO] [INVENTORY] 9/10 slots used — 1 vacant.
2026-06-16 18:47:59,007 [INFO] [LIQUIDITY] Free USDT: $5.09
2026-06-16 18:47:59,007 [INFO] [STANDBY] Insufficient USDT (need $10.00).
2026-06-16 18:47:59,007 [INFO] [SLEEP] Sleeping for 120s…
2026-06-16 18:49:59,017 [INFO] ======================================================================
2026-06-16 18:49:59,017 [INFO] [LOOP] Cycle #50 | 2026-06-16 18:49:59
2026-06-16 18:49:59,017 [INFO] [MONITOR] Evaluating 9 open positions…
2026-06-16 18:49:59,141 [INFO] [DATA] TRXUSDT | now=0.3174 | entry=0.3173 | PnL=+0.03%
2026-06-16 18:49:59,245 [INFO] [DATA] ZECUSDT | now=506.4400 | entry=514.5700 | PnL=-1.58%
2026-06-16 18:49:59,376 [INFO] [DATA] XRPUSDT | now=1.2358 | entry=1.2357 | PnL=+0.01%
2026-06-16 18:49:59,504 [INFO] [DATA] ADAUSDT | now=0.1779 | entry=0.1785 | PnL=-0.34%
2026-06-16 18:49:59,643 [INFO] [DATA] XLMUSDT | now=0.2246 | entry=0.2226 | PnL=+0.90%
2026-06-16 18:49:59,765 [INFO] [DATA] SOLUSDT | now=74.3100 | entry=74.4400 | PnL=-0.17%
2026-06-16 18:49:59,887 [INFO] [DATA] SUIUSDT | now=0.7927 | entry=0.7931 | PnL=-0.05%
2026-06-16 18:50:00,014 [INFO] [DATA] WLDUSDT | now=0.6400 | entry=0.6527 | PnL=-1.95%
2026-06-16 18:50:00,155 [INFO] [DATA] BABYUSDT | now=0.0174 | entry=0.0174 | PnL=-0.23%
2026-06-16 18:50:00,155 [INFO] [INVENTORY] 9/10 slots used — 1 vacant.
2026-06-16 18:50:00,277 [INFO] [LIQUIDITY] Free USDT: $5.09
2026-06-16 18:50:00,277 [INFO] [STANDBY] Insufficient USDT (need $10.00).
2026-06-16 18:50:00,277 [INFO] [SLEEP] Sleeping for 120s…
2026-06-16 18:52:00,285 [INFO] ======================================================================
2026-06-16 18:52:00,285 [INFO] [LOOP] Cycle #51 | 2026-06-16 18:52:00
2026-06-16 18:52:00,285 [INFO] [MONITOR] Evaluating 9 open positions…
2026-06-16 18:52:00,406 [INFO] [DATA] TRXUSDT | now=0.3174 | entry=0.3173 | PnL=+0.03%
2026-06-16 18:52:00,522 [INFO] [DATA] ZECUSDT | now=504.5000 | entry=514.5700 | PnL=-1.96%
2026-06-16 18:52:00,648 [INFO] [DATA] XRPUSDT | now=1.2340 | entry=1.2357 | PnL=-0.14%
2026-06-16 18:52:00,761 [INFO] [DATA] ADAUSDT | now=0.1776 | entry=0.1785 | PnL=-0.50%
2026-06-16 18:52:00,885 [INFO] [DATA] XLMUSDT | now=0.2238 | entry=0.2226 | PnL=+0.54%
2026-06-16 18:52:01,003 [INFO] [DATA] SOLUSDT | now=74.1900 | entry=74.4400 | PnL=-0.34%
2026-06-16 18:52:01,127 [INFO] [DATA] SUIUSDT | now=0.7906 | entry=0.7931 | PnL=-0.32%
2026-06-16 18:52:01,237 [INFO] [DATA] WLDUSDT | now=0.6370 | entry=0.6527 | PnL=-2.41%
2026-06-16 18:52:01,364 [INFO] [DATA] BABYUSDT | now=0.0173 | entry=0.0174 | PnL=-0.75%
2026-06-16 18:52:01,364 [INFO] [INVENTORY] 9/10 slots used — 1 vacant.
2026-06-16 18:52:01,486 [INFO] [LIQUIDITY] Free USDT: $5.09
2026-06-16 18:52:01,486 [INFO] [STANDBY] Insufficient USDT (need $10.00).
2026-06-16 18:52:01,486 [INFO] [SLEEP] Sleeping for 120s…
2026-06-16 18:54:01,498 [INFO] ======================================================================
2026-06-16 18:54:01,498 [INFO] [LOOP] Cycle #52 | 2026-06-16 18:54:01
2026-06-16 18:54:01,498 [INFO] [MONITOR] Evaluating 9 open positions…
2026-06-16 18:54:01,629 [INFO] [DATA] TRXUSDT | now=0.3174 | entry=0.3173 | PnL=+0.03%
2026-06-16 18:54:01,753 [INFO] [DATA] ZECUSDT | now=506.0400 | entry=514.5700 | PnL=-1.66%
2026-06-16 18:54:01,913 [INFO] [DATA] XRPUSDT | now=1.2339 | entry=1.2357 | PnL=-0.15%
2026-06-16 18:54:02,024 [INFO] [DATA] ADAUSDT | now=0.1779 | entry=0.1785 | PnL=-0.34%
2026-06-16 18:54:02,151 [INFO] [DATA] XLMUSDT | now=0.2241 | entry=0.2226 | PnL=+0.67%
2026-06-16 18:54:02,270 [INFO] [DATA] SOLUSDT | now=74.2600 | entry=74.4400 | PnL=-0.24%
2026-06-16 18:54:02,387 [INFO] [DATA] SUIUSDT | now=0.7915 | entry=0.7931 | PnL=-0.20%
2026-06-16 18:54:02,510 [INFO] [DATA] WLDUSDT | now=0.6367 | entry=0.6527 | PnL=-2.45%
2026-06-16 18:54:02,635 [INFO] [DATA] BABYUSDT | now=0.0173 | entry=0.0174 | PnL=-0.63%
2026-06-16 18:54:02,635 [INFO] [INVENTORY] 9/10 slots used — 1 vacant.
2026-06-16 18:54:02,754 [INFO] [LIQUIDITY] Free USDT: $5.09
2026-06-16 18:54:02,754 [INFO] [STANDBY] Insufficient USDT (need $10.00).
2026-06-16 18:54:02,754 [INFO] [SLEEP] Sleeping for 120s…
2026-06-16 18:56:02,762 [INFO] ======================================================================
2026-06-16 18:56:02,762 [INFO] [LOOP] Cycle #53 | 2026-06-16 18:56:02
2026-06-16 18:56:02,762 [INFO] [MONITOR] Evaluating 9 open positions…
2026-06-16 18:56:02,885 [INFO] [DATA] TRXUSDT | now=0.3174 | entry=0.3173 | PnL=+0.03%
2026-06-16 18:56:02,998 [INFO] [DATA] ZECUSDT | now=505.8600 | entry=514.5700 | PnL=-1.69%
2026-06-16 18:56:03,122 [INFO] [DATA] XRPUSDT | now=1.2323 | entry=1.2357 | PnL=-0.28%
2026-06-16 18:56:03,236 [INFO] [DATA] ADAUSDT | now=0.1775 | entry=0.1785 | PnL=-0.56%
2026-06-16 18:56:03,365 [INFO] [DATA] XLMUSDT | now=0.2230 | entry=0.2226 | PnL=+0.18%
2026-06-16 18:56:03,480 [INFO] [DATA] SOLUSDT | now=74.1700 | entry=74.4400 | PnL=-0.36%
2026-06-16 18:56:03,599 [INFO] [DATA] SUIUSDT | now=0.7902 | entry=0.7931 | PnL=-0.37%
2026-06-16 18:56:03,719 [INFO] [DATA] WLDUSDT | now=0.6358 | entry=0.6527 | PnL=-2.59%
2026-06-16 18:56:03,843 [INFO] [DATA] BABYUSDT | now=0.0173 | entry=0.0174 | PnL=-0.86%
2026-06-16 18:56:03,844 [INFO] [INVENTORY] 9/10 slots used — 1 vacant.
2026-06-16 18:56:03,972 [INFO] [LIQUIDITY] Free USDT: $5.09
2026-06-16 18:56:03,972 [INFO] [STANDBY] Insufficient USDT (need $10.00).
2026-06-16 18:56:03,972 [INFO] [SLEEP] Sleeping for 120s…
2026-06-16 18:58:03,984 [INFO] ======================================================================
2026-06-16 18:58:03,984 [INFO] [LOOP] Cycle #54 | 2026-06-16 18:58:03
2026-06-16 18:58:03,984 [INFO] [MONITOR] Evaluating 9 open positions…
2026-06-16 18:58:04,106 [INFO] [DATA] TRXUSDT | now=0.3174 | entry=0.3173 | PnL=+0.03%
2026-06-16 18:58:04,223 [INFO] [DATA] ZECUSDT | now=504.0400 | entry=514.5700 | PnL=-2.05%
2026-06-16 18:58:04,345 [INFO] [DATA] XRPUSDT | now=1.2309 | entry=1.2357 | PnL=-0.39%
2026-06-16 18:58:04,464 [INFO] [DATA] ADAUSDT | now=0.1772 | entry=0.1785 | PnL=-0.73%
2026-06-16 18:58:04,583 [INFO] [DATA] XLMUSDT | now=0.2229 | entry=0.2226 | PnL=+0.13%
2026-06-16 18:58:04,711 [INFO] [DATA] SOLUSDT | now=74.0800 | entry=74.4400 | PnL=-0.48%
2026-06-16 18:58:04,816 [INFO] [DATA] SUIUSDT | now=0.7897 | entry=0.7931 | PnL=-0.43%
2026-06-16 18:58:04,932 [INFO] [DATA] WLDUSDT | now=0.6355 | entry=0.6527 | PnL=-2.64%
2026-06-16 18:58:05,059 [INFO] [DATA] BABYUSDT | now=0.0173 | entry=0.0174 | PnL=-0.86%
2026-06-16 18:58:05,059 [INFO] [INVENTORY] 9/10 slots used — 1 vacant.
2026-06-16 18:58:05,188 [INFO] [LIQUIDITY] Free USDT: $5.09
2026-06-16 18:58:05,189 [INFO] [STANDBY] Insufficient USDT (need $10.00).
2026-06-16 18:58:05,189 [INFO] [SLEEP] Sleeping for 120s…
2026-06-16 19:00:05,190 [INFO] ======================================================================
2026-06-16 19:00:05,190 [INFO] [LOOP] Cycle #55 | 2026-06-16 19:00:05
2026-06-16 19:00:05,190 [INFO] [MONITOR] Evaluating 9 open positions…
2026-06-16 19:00:05,312 [INFO] [DATA] TRXUSDT | now=0.3174 | entry=0.3173 | PnL=+0.03%
2026-06-16 19:00:05,428 [INFO] [DATA] ZECUSDT | now=505.0100 | entry=514.5700 | PnL=-1.86%
2026-06-16 19:00:05,548 [INFO] [DATA] XRPUSDT | now=1.2342 | entry=1.2357 | PnL=-0.12%
2026-06-16 19:00:05,673 [INFO] [DATA] ADAUSDT | now=0.1776 | entry=0.1785 | PnL=-0.50%
2026-06-16 19:00:05,789 [INFO] [DATA] XLMUSDT | now=0.2247 | entry=0.2226 | PnL=+0.94%
2026-06-16 19:00:05,910 [INFO] [DATA] SOLUSDT | now=74.2500 | entry=74.4400 | PnL=-0.26%
2026-06-16 19:00:06,037 [INFO] [DATA] SUIUSDT | now=0.7924 | entry=0.7931 | PnL=-0.09%
2026-06-16 19:00:06,157 [INFO] [DATA] WLDUSDT | now=0.6407 | entry=0.6527 | PnL=-1.84%
2026-06-16 19:00:06,273 [INFO] [DATA] BABYUSDT | now=0.0173 | entry=0.0174 | PnL=-0.92%
2026-06-16 19:00:06,273 [INFO] [INVENTORY] 9/10 slots used — 1 vacant.
2026-06-16 19:00:06,390 [INFO] [LIQUIDITY] Free USDT: $5.09
2026-06-16 19:00:06,390 [INFO] [STANDBY] Insufficient USDT (need $10.00).
2026-06-16 19:00:06,390 [INFO] [SLEEP] Sleeping for 120s…
2026-06-16 19:02:06,403 [INFO] ======================================================================
2026-06-16 19:02:06,403 [INFO] [LOOP] Cycle #56 | 2026-06-16 19:02:06
2026-06-16 19:02:06,403 [INFO] [MONITOR] Evaluating 9 open positions…
2026-06-16 19:02:06,521 [INFO] [DATA] TRXUSDT | now=0.3175 | entry=0.3173 | PnL=+0.06%
2026-06-16 19:02:06,649 [INFO] [DATA] ZECUSDT | now=505.5500 | entry=514.5700 | PnL=-1.75%
2026-06-16 19:02:06,768 [INFO] [DATA] XRPUSDT | now=1.2345 | entry=1.2357 | PnL=-0.10%
2026-06-16 19:02:06,894 [INFO] [DATA] ADAUSDT | now=0.1777 | entry=0.1785 | PnL=-0.45%
2026-06-16 19:02:07,017 [INFO] [DATA] XLMUSDT | now=0.2257 | entry=0.2226 | PnL=+1.39%
2026-06-16 19:02:07,140 [INFO] [DATA] SOLUSDT | now=74.3000 | entry=74.4400 | PnL=-0.19%
2026-06-16 19:02:07,253 [INFO] [DATA] SUIUSDT | now=0.7937 | entry=0.7931 | PnL=+0.08%
2026-06-16 19:02:07,362 [INFO] [DATA] WLDUSDT | now=0.6435 | entry=0.6527 | PnL=-1.41%
2026-06-16 19:02:07,490 [INFO] [DATA] BABYUSDT | now=0.0173 | entry=0.0174 | PnL=-1.09%
2026-06-16 19:02:07,490 [INFO] [INVENTORY] 9/10 slots used — 1 vacant.
2026-06-16 19:02:07,615 [INFO] [LIQUIDITY] Free USDT: $5.09
2026-06-16 19:02:07,615 [INFO] [STANDBY] Insufficient USDT (need $10.00).
2026-06-16 19:02:07,615 [INFO] [SLEEP] Sleeping for 120s…
2026-06-16 19:04:07,625 [INFO] ======================================================================
2026-06-16 19:04:07,625 [INFO] [LOOP] Cycle #57 | 2026-06-16 19:04:07
2026-06-16 19:04:07,625 [INFO] [MONITOR] Evaluating 9 open positions…
2026-06-16 19:04:07,743 [INFO] [DATA] TRXUSDT | now=0.3173 | entry=0.3173 | PnL=+0.00%
2026-06-16 19:04:07,854 [INFO] [DATA] ZECUSDT | now=503.2000 | entry=514.5700 | PnL=-2.21%
2026-06-16 19:04:07,982 [INFO] [DATA] XRPUSDT | now=1.2294 | entry=1.2357 | PnL=-0.51%
2026-06-16 19:04:08,113 [INFO] [DATA] ADAUSDT | now=0.1768 | entry=0.1785 | PnL=-0.95%
2026-06-16 19:04:08,237 [INFO] [DATA] XLMUSDT | now=0.2242 | entry=0.2226 | PnL=+0.72%
2026-06-16 19:04:08,366 [INFO] [DATA] SOLUSDT | now=73.9900 | entry=74.4400 | PnL=-0.60%
2026-06-16 19:04:08,481 [INFO] [DATA] SUIUSDT | now=0.7901 | entry=0.7931 | PnL=-0.38%
2026-06-16 19:04:08,603 [INFO] [DATA] WLDUSDT | now=0.6417 | entry=0.6527 | PnL=-1.69%
2026-06-16 19:04:08,712 [INFO] [DATA] BABYUSDT | now=0.0172 | entry=0.0174 | PnL=-1.15%
2026-06-16 19:04:08,712 [INFO] [INVENTORY] 9/10 slots used — 1 vacant.
2026-06-16 19:04:08,841 [INFO] [LIQUIDITY] Free USDT: $5.09
2026-06-16 19:04:08,841 [INFO] [STANDBY] Insufficient USDT (need $10.00).
2026-06-16 19:04:08,841 [INFO] [SLEEP] Sleeping for 120s…
2026-06-16 19:06:08,849 [INFO] ======================================================================
2026-06-16 19:06:08,849 [INFO] [LOOP] Cycle #58 | 2026-06-16 19:06:08
2026-06-16 19:06:08,849 [INFO] [MONITOR] Evaluating 9 open positions…
2026-06-16 19:06:08,969 [INFO] [DATA] TRXUSDT | now=0.3173 | entry=0.3173 | PnL=+0.00%
2026-06-16 19:06:09,086 [INFO] [DATA] ZECUSDT | now=502.7700 | entry=514.5700 | PnL=-2.29%
2026-06-16 19:06:09,203 [INFO] [DATA] XRPUSDT | now=1.2284 | entry=1.2357 | PnL=-0.59%
2026-06-16 19:06:09,322 [INFO] [DATA] ADAUSDT | now=0.1769 | entry=0.1785 | PnL=-0.90%
2026-06-16 19:06:09,442 [INFO] [DATA] XLMUSDT | now=0.2232 | entry=0.2226 | PnL=+0.27%
2026-06-16 19:06:09,559 [INFO] [DATA] SOLUSDT | now=73.9700 | entry=74.4400 | PnL=-0.63%
2026-06-16 19:06:09,679 [INFO] [DATA] SUIUSDT | now=0.7900 | entry=0.7931 | PnL=-0.39%
2026-06-16 19:06:09,801 [INFO] [DATA] WLDUSDT | now=0.6435 | entry=0.6527 | PnL=-1.41%
2026-06-16 19:06:09,922 [INFO] [DATA] BABYUSDT | now=0.0172 | entry=0.0174 | PnL=-1.20%
2026-06-16 19:06:09,922 [INFO] [INVENTORY] 9/10 slots used — 1 vacant.
2026-06-16 19:06:10,040 [INFO] [LIQUIDITY] Free USDT: $5.09
2026-06-16 19:06:10,040 [INFO] [STANDBY] Insufficient USDT (need $10.00).
2026-06-16 19:06:10,040 [INFO] [SLEEP] Sleeping for 120s…
2026-06-16 19:08:10,054 [INFO] ======================================================================
2026-06-16 19:08:10,054 [INFO] [LOOP] Cycle #59 | 2026-06-16 19:08:10
2026-06-16 19:08:10,054 [INFO] [MONITOR] Evaluating 9 open positions…
2026-06-16 19:08:10,177 [INFO] [DATA] TRXUSDT | now=0.3172 | entry=0.3173 | PnL=-0.03%
2026-06-16 19:08:10,283 [INFO] [DATA] ZECUSDT | now=504.0700 | entry=514.5700 | PnL=-2.04%
2026-06-16 19:08:10,413 [INFO] [DATA] XRPUSDT | now=1.2311 | entry=1.2357 | PnL=-0.37%
2026-06-16 19:08:10,540 [INFO] [DATA] ADAUSDT | now=0.1775 | entry=0.1785 | PnL=-0.56%
2026-06-16 19:08:10,669 [INFO] [DATA] XLMUSDT | now=0.2242 | entry=0.2226 | PnL=+0.72%
2026-06-16 19:08:10,785 [INFO] [DATA] SOLUSDT | now=74.2500 | entry=74.4400 | PnL=-0.26%
2026-06-16 19:08:10,900 [INFO] [DATA] SUIUSDT | now=0.7922 | entry=0.7931 | PnL=-0.11%
2026-06-16 19:08:11,032 [INFO] [DATA] WLDUSDT | now=0.6441 | entry=0.6527 | PnL=-1.32%
2026-06-16 19:08:11,187 [INFO] [DATA] BABYUSDT | now=0.0173 | entry=0.0174 | PnL=-0.86%
2026-06-16 19:08:11,187 [INFO] [INVENTORY] 9/10 slots used — 1 vacant.
2026-06-16 19:08:11,306 [INFO] [LIQUIDITY] Free USDT: $5.09
2026-06-16 19:08:11,306 [INFO] [STANDBY] Insufficient USDT (need $10.00).
2026-06-16 19:08:11,306 [INFO] [SLEEP] Sleeping for 120s…
2026-06-16 19:10:11,317 [INFO] ======================================================================
2026-06-16 19:10:11,317 [INFO] [LOOP] Cycle #60 | 2026-06-16 19:10:11
2026-06-16 19:10:11,317 [INFO] [MONITOR] Evaluating 9 open positions…
2026-06-16 19:10:11,460 [INFO] [DATA] TRXUSDT | now=0.3174 | entry=0.3173 | PnL=+0.03%
2026-06-16 19:10:11,672 [INFO] [DATA] ZECUSDT | now=505.5400 | entry=514.5700 | PnL=-1.75%
2026-06-16 19:10:11,788 [INFO] [DATA] XRPUSDT | now=1.2316 | entry=1.2357 | PnL=-0.33%
2026-06-16 19:10:11,906 [INFO] [DATA] ADAUSDT | now=0.1778 | entry=0.1785 | PnL=-0.39%
2026-06-16 19:10:12,024 [INFO] [DATA] XLMUSDT | now=0.2254 | entry=0.2226 | PnL=+1.26%
2026-06-16 19:10:12,167 [INFO] [DATA] SOLUSDT | now=74.3000 | entry=74.4400 | PnL=-0.19%
2026-06-16 19:10:12,292 [INFO] [DATA] SUIUSDT | now=0.7925 | entry=0.7931 | PnL=-0.08%
2026-06-16 19:10:12,410 [INFO] [DATA] WLDUSDT | now=0.6465 | entry=0.6527 | PnL=-0.95%
2026-06-16 19:10:12,527 [INFO] [DATA] BABYUSDT | now=0.0173 | entry=0.0174 | PnL=-0.75%
2026-06-16 19:10:12,527 [INFO] [INVENTORY] 9/10 slots used — 1 vacant.
2026-06-16 19:10:12,668 [INFO] [LIQUIDITY] Free USDT: $5.09
2026-06-16 19:10:12,668 [INFO] [STANDBY] Insufficient USDT (need $10.00).
2026-06-16 19:10:12,669 [INFO] [SLEEP] Sleeping for 120s…
2026-06-16 19:12:12,669 [INFO] ======================================================================
2026-06-16 19:12:12,669 [INFO] [LOOP] Cycle #61 | 2026-06-16 19:12:12
2026-06-16 19:12:12,669 [INFO] [MONITOR] Evaluating 9 open positions…
2026-06-16 19:12:12,823 [INFO] [DATA] TRXUSDT | now=0.3174 | entry=0.3173 | PnL=+0.03%
2026-06-16 19:12:12,931 [INFO] [DATA] ZECUSDT | now=504.2600 | entry=514.5700 | PnL=-2.00%
2026-06-16 19:12:13,060 [INFO] [DATA] XRPUSDT | now=1.2304 | entry=1.2357 | PnL=-0.43%
2026-06-16 19:12:13,185 [INFO] [DATA] ADAUSDT | now=0.1775 | entry=0.1785 | PnL=-0.56%
2026-06-16 19:12:13,305 [INFO] [DATA] XLMUSDT | now=0.2247 | entry=0.2226 | PnL=+0.94%
2026-06-16 19:12:13,421 [INFO] [DATA] SOLUSDT | now=74.2900 | entry=74.4400 | PnL=-0.20%
2026-06-16 19:12:13,542 [INFO] [DATA] SUIUSDT | now=0.7918 | entry=0.7931 | PnL=-0.16%
2026-06-16 19:12:13,664 [INFO] [DATA] WLDUSDT | now=0.6453 | entry=0.6527 | PnL=-1.13%
2026-06-16 19:12:13,783 [INFO] [DATA] BABYUSDT | now=0.0173 | entry=0.0174 | PnL=-0.86%
2026-06-16 19:12:13,783 [INFO] [INVENTORY] 9/10 slots used — 1 vacant.
2026-06-16 19:12:13,903 [INFO] [LIQUIDITY] Free USDT: $5.09
2026-06-16 19:12:13,903 [INFO] [STANDBY] Insufficient USDT (need $10.00).
2026-06-16 19:12:13,903 [INFO] [SLEEP] Sleeping for 120s…
2026-06-16 19:14:13,906 [INFO] ======================================================================
2026-06-16 19:14:13,906 [INFO] [LOOP] Cycle #62 | 2026-06-16 19:14:13
2026-06-16 19:14:13,906 [INFO] [MONITOR] Evaluating 9 open positions…
2026-06-16 19:14:14,027 [INFO] [DATA] TRXUSDT | now=0.3174 | entry=0.3173 | PnL=+0.03%
2026-06-16 19:14:14,154 [INFO] [DATA] ZECUSDT | now=504.1800 | entry=514.5700 | PnL=-2.02%
2026-06-16 19:14:14,276 [INFO] [DATA] XRPUSDT | now=1.2300 | entry=1.2357 | PnL=-0.46%
2026-06-16 19:14:14,398 [INFO] [DATA] ADAUSDT | now=0.1776 | entry=0.1785 | PnL=-0.50%
2026-06-16 19:14:14,525 [INFO] [DATA] XLMUSDT | now=0.2253 | entry=0.2226 | PnL=+1.21%
2026-06-16 19:14:14,652 [INFO] [DATA] SOLUSDT | now=74.2900 | entry=74.4400 | PnL=-0.20%
2026-06-16 19:14:14,768 [INFO] [DATA] SUIUSDT | now=0.7917 | entry=0.7931 | PnL=-0.18%
2026-06-16 19:14:14,890 [INFO] [DATA] WLDUSDT | now=0.6442 | entry=0.6527 | PnL=-1.30%
2026-06-16 19:14:15,010 [INFO] [DATA] BABYUSDT | now=0.0173 | entry=0.0174 | PnL=-0.80%
2026-06-16 19:14:15,010 [INFO] [INVENTORY] 9/10 slots used — 1 vacant.
2026-06-16 19:14:15,140 [INFO] [LIQUIDITY] Free USDT: $5.09
2026-06-16 19:14:15,140 [INFO] [STANDBY] Insufficient USDT (need $10.00).
2026-06-16 19:14:15,141 [INFO] [SLEEP] Sleeping for 120s…
2026-06-16 19:16:15,142 [INFO] ======================================================================
2026-06-16 19:16:15,142 [INFO] [LOOP] Cycle #63 | 2026-06-16 19:16:15
2026-06-16 19:16:15,143 [INFO] [MONITOR] Evaluating 9 open positions…
2026-06-16 19:16:15,260 [INFO] [DATA] TRXUSDT | now=0.3175 | entry=0.3173 | PnL=+0.06%
2026-06-16 19:16:15,372 [INFO] [DATA] ZECUSDT | now=504.1800 | entry=514.5700 | PnL=-2.02%
2026-06-16 19:16:15,488 [INFO] [DATA] XRPUSDT | now=1.2298 | entry=1.2357 | PnL=-0.48%
2026-06-16 19:16:15,627 [INFO] [DATA] ADAUSDT | now=0.1776 | entry=0.1785 | PnL=-0.50%
2026-06-16 19:16:15,748 [INFO] [DATA] XLMUSDT | now=0.2258 | entry=0.2226 | PnL=+1.44%
2026-06-16 19:16:15,874 [INFO] [DATA] SOLUSDT | now=74.2700 | entry=74.4400 | PnL=-0.23%
2026-06-16 19:16:15,999 [INFO] [DATA] SUIUSDT | now=0.7920 | entry=0.7931 | PnL=-0.14%
2026-06-16 19:16:16,103 [INFO] [DATA] WLDUSDT | now=0.6450 | entry=0.6527 | PnL=-1.18%
2026-06-16 19:16:16,232 [INFO] [DATA] BABYUSDT | now=0.0173 | entry=0.0174 | PnL=-0.86%
2026-06-16 19:16:16,232 [INFO] [INVENTORY] 9/10 slots used — 1 vacant.
2026-06-16 19:16:16,352 [INFO] [LIQUIDITY] Free USDT: $5.09
2026-06-16 19:16:16,352 [INFO] [STANDBY] Insufficient USDT (need $10.00).
2026-06-16 19:16:16,352 [INFO] [SLEEP] Sleeping for 120s…
2026-06-16 19:18:16,360 [INFO] ======================================================================
2026-06-16 19:18:16,360 [INFO] [LOOP] Cycle #64 | 2026-06-16 19:18:16
2026-06-16 19:18:16,360 [INFO] [MONITOR] Evaluating 9 open positions…
2026-06-16 19:18:16,481 [INFO] [DATA] TRXUSDT | now=0.3176 | entry=0.3173 | PnL=+0.09%
2026-06-16 19:18:16,600 [INFO] [DATA] ZECUSDT | now=505.6100 | entry=514.5700 | PnL=-1.74%
2026-06-16 19:18:16,717 [INFO] [DATA] XRPUSDT | now=1.2290 | entry=1.2357 | PnL=-0.54%
2026-06-16 19:18:16,835 [INFO] [DATA] ADAUSDT | now=0.1775 | entry=0.1785 | PnL=-0.56%
2026-06-16 19:18:16,952 [INFO] [DATA] XLMUSDT | now=0.2257 | entry=0.2226 | PnL=+1.39%
2026-06-16 19:18:17,078 [INFO] [DATA] SOLUSDT | now=74.2800 | entry=74.4400 | PnL=-0.21%
2026-06-16 19:18:17,199 [INFO] [DATA] SUIUSDT | now=0.7919 | entry=0.7931 | PnL=-0.15%
2026-06-16 19:18:17,320 [INFO] [DATA] WLDUSDT | now=0.6426 | entry=0.6527 | PnL=-1.55%
2026-06-16 19:18:17,439 [INFO] [DATA] BABYUSDT | now=0.0173 | entry=0.0174 | PnL=-0.92%
2026-06-16 19:18:17,439 [INFO] [INVENTORY] 9/10 slots used — 1 vacant.
2026-06-16 19:18:17,544 [INFO] [LIQUIDITY] Free USDT: $5.09
2026-06-16 19:18:17,544 [INFO] [STANDBY] Insufficient USDT (need $10.00).
2026-06-16 19:18:17,559 [INFO] [SLEEP] Sleeping for 120s…
2026-06-16 19:20:17,560 [INFO] ======================================================================
2026-06-16 19:20:17,560 [INFO] [LOOP] Cycle #65 | 2026-06-16 19:20:17
2026-06-16 19:20:17,560 [INFO] [MONITOR] Evaluating 9 open positions…
2026-06-16 19:20:17,683 [INFO] [DATA] TRXUSDT | now=0.3176 | entry=0.3173 | PnL=+0.09%
2026-06-16 19:20:17,791 [INFO] [DATA] ZECUSDT | now=506.6800 | entry=514.5700 | PnL=-1.53%
2026-06-16 19:20:17,909 [INFO] [DATA] XRPUSDT | now=1.2287 | entry=1.2357 | PnL=-0.57%
2026-06-16 19:20:18,040 [INFO] [DATA] ADAUSDT | now=0.1776 | entry=0.1785 | PnL=-0.50%
2026-06-16 19:20:18,162 [INFO] [DATA] XLMUSDT | now=0.2250 | entry=0.2226 | PnL=+1.08%
2026-06-16 19:20:18,281 [INFO] [DATA] SOLUSDT | now=74.2200 | entry=74.4400 | PnL=-0.30%
2026-06-16 19:20:18,397 [INFO] [DATA] SUIUSDT | now=0.7912 | entry=0.7931 | PnL=-0.24%
2026-06-16 19:20:18,519 [INFO] [DATA] WLDUSDT | now=0.6407 | entry=0.6527 | PnL=-1.84%
2026-06-16 19:20:18,642 [INFO] [DATA] BABYUSDT | now=0.0173 | entry=0.0174 | PnL=-0.63%
2026-06-16 19:20:18,643 [INFO] [INVENTORY] 9/10 slots used — 1 vacant.
2026-06-16 19:20:18,757 [INFO] [LIQUIDITY] Free USDT: $5.09
2026-06-16 19:20:18,757 [INFO] [STANDBY] Insufficient USDT (need $10.00).
2026-06-16 19:20:18,757 [INFO] [SLEEP] Sleeping for 120s…
2026-06-16 19:22:18,767 [INFO] ======================================================================
2026-06-16 19:22:18,767 [INFO] [LOOP] Cycle #66 | 2026-06-16 19:22:18
2026-06-16 19:22:18,767 [INFO] [MONITOR] Evaluating 9 open positions…
2026-06-16 19:22:18,887 [INFO] [DATA] TRXUSDT | now=0.3175 | entry=0.3173 | PnL=+0.06%
2026-06-16 19:22:19,007 [INFO] [DATA] ZECUSDT | now=505.6900 | entry=514.5700 | PnL=-1.73%
2026-06-16 19:22:19,113 [INFO] [DATA] XRPUSDT | now=1.2261 | entry=1.2357 | PnL=-0.78%
2026-06-16 19:22:19,237 [INFO] [DATA] ADAUSDT | now=0.1771 | entry=0.1785 | PnL=-0.78%
2026-06-16 19:22:19,358 [INFO] [DATA] XLMUSDT | now=0.2245 | entry=0.2226 | PnL=+0.85%
2026-06-16 19:22:19,482 [INFO] [DATA] SOLUSDT | now=74.0500 | entry=74.4400 | PnL=-0.52%
2026-06-16 19:22:19,629 [INFO] [DATA] SUIUSDT | now=0.7884 | entry=0.7931 | PnL=-0.59%
2026-06-16 19:22:19,742 [INFO] [DATA] WLDUSDT | now=0.6370 | entry=0.6527 | PnL=-2.41%
2026-06-16 19:22:19,873 [INFO] [DATA] BABYUSDT | now=0.0174 | entry=0.0174 | PnL=-0.46%
2026-06-16 19:22:19,873 [INFO] [INVENTORY] 9/10 slots used — 1 vacant.
2026-06-16 19:22:20,006 [INFO] [LIQUIDITY] Free USDT: $5.09
2026-06-16 19:22:20,006 [INFO] [STANDBY] Insufficient USDT (need $10.00).
2026-06-16 19:22:20,006 [INFO] [SLEEP] Sleeping for 120s…
2026-06-16 19:24:20,009 [INFO] ======================================================================
2026-06-16 19:24:20,009 [INFO] [LOOP] Cycle #67 | 2026-06-16 19:24:20
2026-06-16 19:24:20,009 [INFO] [MONITOR] Evaluating 9 open positions…
2026-06-16 19:24:20,122 [INFO] [DATA] TRXUSDT | now=0.3175 | entry=0.3173 | PnL=+0.06%
2026-06-16 19:24:20,234 [INFO] [DATA] ZECUSDT | now=505.4000 | entry=514.5700 | PnL=-1.78%
2026-06-16 19:24:20,358 [INFO] [DATA] XRPUSDT | now=1.2249 | entry=1.2357 | PnL=-0.87%
2026-06-16 19:24:20,467 [INFO] [DATA] ADAUSDT | now=0.1769 | entry=0.1785 | PnL=-0.90%
2026-06-16 19:24:20,581 [INFO] [DATA] XLMUSDT | now=0.2239 | entry=0.2226 | PnL=+0.58%
2026-06-16 19:24:20,701 [INFO] [DATA] SOLUSDT | now=73.9800 | entry=74.4400 | PnL=-0.62%
2026-06-16 19:24:20,828 [INFO] [DATA] SUIUSDT | now=0.7884 | entry=0.7931 | PnL=-0.59%
2026-06-16 19:24:20,937 [INFO] [DATA] WLDUSDT | now=0.6405 | entry=0.6527 | PnL=-1.87%
2026-06-16 19:24:21,063 [INFO] [DATA] BABYUSDT | now=0.0174 | entry=0.0174 | PnL=-0.29%
2026-06-16 19:24:21,063 [INFO] [INVENTORY] 9/10 slots used — 1 vacant.
2026-06-16 19:24:21,186 [INFO] [LIQUIDITY] Free USDT: $5.09
2026-06-16 19:24:21,186 [INFO] [STANDBY] Insufficient USDT (need $10.00).
2026-06-16 19:24:21,187 [INFO] [SLEEP] Sleeping for 120s…
2026-06-16 19:26:21,187 [INFO] ======================================================================
2026-06-16 19:26:21,187 [INFO] [LOOP] Cycle #68 | 2026-06-16 19:26:21
2026-06-16 19:26:21,187 [INFO] [MONITOR] Evaluating 9 open positions…
2026-06-16 19:26:21,308 [INFO] [DATA] TRXUSDT | now=0.3177 | entry=0.3173 | PnL=+0.13%
2026-06-16 19:26:21,425 [INFO] [DATA] ZECUSDT | now=505.4000 | entry=514.5700 | PnL=-1.78%
2026-06-16 19:26:21,563 [INFO] [DATA] XRPUSDT | now=1.2268 | entry=1.2357 | PnL=-0.72%
2026-06-16 19:26:21,685 [INFO] [DATA] ADAUSDT | now=0.1771 | entry=0.1785 | PnL=-0.78%
2026-06-16 19:26:21,802 [INFO] [DATA] XLMUSDT | now=0.2248 | entry=0.2226 | PnL=+0.99%
2026-06-16 19:26:21,936 [INFO] [DATA] SOLUSDT | now=74.0300 | entry=74.4400 | PnL=-0.55%
2026-06-16 19:26:22,065 [INFO] [DATA] SUIUSDT | now=0.7889 | entry=0.7931 | PnL=-0.53%
2026-06-16 19:26:22,184 [INFO] [DATA] WLDUSDT | now=0.6435 | entry=0.6527 | PnL=-1.41%
2026-06-16 19:26:22,291 [INFO] [DATA] BABYUSDT | now=0.0173 | entry=0.0174 | PnL=-0.57%
2026-06-16 19:26:22,291 [INFO] [INVENTORY] 9/10 slots used — 1 vacant.
2026-06-16 19:26:22,417 [INFO] [LIQUIDITY] Free USDT: $5.09
2026-06-16 19:26:22,417 [INFO] [STANDBY] Insufficient USDT (need $10.00).
2026-06-16 19:26:22,417 [INFO] [SLEEP] Sleeping for 120s…
2026-06-16 19:28:22,429 [INFO] ======================================================================
2026-06-16 19:28:22,429 [INFO] [LOOP] Cycle #69 | 2026-06-16 19:28:22
2026-06-16 19:28:22,429 [INFO] [MONITOR] Evaluating 9 open positions…
2026-06-16 19:28:22,549 [INFO] [DATA] TRXUSDT | now=0.3176 | entry=0.3173 | PnL=+0.09%
2026-06-16 19:28:22,669 [INFO] [DATA] ZECUSDT | now=504.9400 | entry=514.5700 | PnL=-1.87%
2026-06-16 19:28:22,776 [INFO] [DATA] XRPUSDT | now=1.2261 | entry=1.2357 | PnL=-0.78%
2026-06-16 19:28:22,891 [INFO] [DATA] ADAUSDT | now=0.1772 | entry=0.1785 | PnL=-0.73%
2026-06-16 19:28:23,221 [INFO] [DATA] XLMUSDT | now=0.2240 | entry=0.2226 | PnL=+0.63%
2026-06-16 19:28:23,337 [INFO] [DATA] SOLUSDT | now=74.0200 | entry=74.4400 | PnL=-0.56%
2026-06-16 19:28:23,455 [INFO] [DATA] SUIUSDT | now=0.7887 | entry=0.7931 | PnL=-0.55%
2026-06-16 19:28:23,575 [INFO] [DATA] WLDUSDT | now=0.6399 | entry=0.6527 | PnL=-1.96%
2026-06-16 19:28:23,704 [INFO] [DATA] BABYUSDT | now=0.0173 | entry=0.0174 | PnL=-0.80%
2026-06-16 19:28:23,704 [INFO] [INVENTORY] 9/10 slots used — 1 vacant.
2026-06-16 19:28:23,833 [INFO] [LIQUIDITY] Free USDT: $4.97
2026-06-16 19:28:23,833 [INFO] [STANDBY] Insufficient USDT (need $10.00).
2026-06-16 19:28:23,833 [INFO] [SLEEP] Sleeping for 120s…
2026-06-16 19:30:23,845 [INFO] ======================================================================
2026-06-16 19:30:23,845 [INFO] [LOOP] Cycle #70 | 2026-06-16 19:30:23
2026-06-16 19:30:23,845 [INFO] [MONITOR] Evaluating 9 open positions…
2026-06-16 19:30:23,965 [INFO] [DATA] TRXUSDT | now=0.3176 | entry=0.3173 | PnL=+0.09%
2026-06-16 19:30:24,081 [INFO] [DATA] ZECUSDT | now=505.9700 | entry=514.5700 | PnL=-1.67%
2026-06-16 19:30:24,202 [INFO] [DATA] XRPUSDT | now=1.2271 | entry=1.2357 | PnL=-0.70%
2026-06-16 19:30:24,323 [INFO] [DATA] ADAUSDT | now=0.1771 | entry=0.1785 | PnL=-0.78%
2026-06-16 19:30:24,434 [INFO] [DATA] XLMUSDT | now=0.2250 | entry=0.2226 | PnL=+1.08%
2026-06-16 19:30:24,559 [INFO] [DATA] SOLUSDT | now=74.0900 | entry=74.4400 | PnL=-0.47%
2026-06-16 19:30:24,682 [INFO] [DATA] SUIUSDT | now=0.7892 | entry=0.7931 | PnL=-0.49%
2026-06-16 19:30:24,804 [INFO] [DATA] WLDUSDT | now=0.6424 | entry=0.6527 | PnL=-1.58%
2026-06-16 19:30:24,924 [INFO] [DATA] BABYUSDT | now=0.0174 | entry=0.0174 | PnL=-0.29%
2026-06-16 19:30:24,924 [INFO] [INVENTORY] 9/10 slots used — 1 vacant.
2026-06-16 19:30:25,045 [INFO] [LIQUIDITY] Free USDT: $4.97
2026-06-16 19:30:25,045 [INFO] [STANDBY] Insufficient USDT (need $10.00).
2026-06-16 19:30:25,045 [INFO] [SLEEP] Sleeping for 120s…
2026-06-16 19:32:25,053 [INFO] ======================================================================
2026-06-16 19:32:25,054 [INFO] [LOOP] Cycle #71 | 2026-06-16 19:32:25
2026-06-16 19:32:25,054 [INFO] [MONITOR] Evaluating 9 open positions…
2026-06-16 19:32:25,172 [INFO] [DATA] TRXUSDT | now=0.3176 | entry=0.3173 | PnL=+0.09%
2026-06-16 19:32:25,295 [INFO] [DATA] ZECUSDT | now=506.7500 | entry=514.5700 | PnL=-1.52%
2026-06-16 19:32:25,417 [INFO] [DATA] XRPUSDT | now=1.2284 | entry=1.2357 | PnL=-0.59%
2026-06-16 19:32:25,544 [INFO] [DATA] ADAUSDT | now=0.1773 | entry=0.1785 | PnL=-0.67%
2026-06-16 19:32:25,670 [INFO] [DATA] XLMUSDT | now=0.2252 | entry=0.2226 | PnL=+1.17%
2026-06-16 19:32:25,789 [INFO] [DATA] SOLUSDT | now=74.1800 | entry=74.4400 | PnL=-0.35%
2026-06-16 19:32:25,911 [INFO] [DATA] SUIUSDT | now=0.7905 | entry=0.7931 | PnL=-0.33%
2026-06-16 19:32:26,033 [INFO] [DATA] WLDUSDT | now=0.6437 | entry=0.6527 | PnL=-1.38%
2026-06-16 19:32:26,155 [INFO] [DATA] BABYUSDT | now=0.0174 | entry=0.0174 | PnL=-0.40%
2026-06-16 19:32:26,155 [INFO] [INVENTORY] 9/10 slots used — 1 vacant.
2026-06-16 19:32:26,274 [INFO] [LIQUIDITY] Free USDT: $4.97
2026-06-16 19:32:26,274 [INFO] [STANDBY] Insufficient USDT (need $10.00).
2026-06-16 19:32:26,274 [INFO] [SLEEP] Sleeping for 120s…
2026-06-16 19:34:26,282 [INFO] ======================================================================
2026-06-16 19:34:26,282 [INFO] [LOOP] Cycle #72 | 2026-06-16 19:34:26
2026-06-16 19:34:26,282 [INFO] [MONITOR] Evaluating 9 open positions…
2026-06-16 19:34:26,398 [INFO] [DATA] TRXUSDT | now=0.3177 | entry=0.3173 | PnL=+0.13%
2026-06-16 19:34:26,510 [INFO] [DATA] ZECUSDT | now=507.9900 | entry=514.5700 | PnL=-1.28%
2026-06-16 19:34:26,638 [INFO] [DATA] XRPUSDT | now=1.2301 | entry=1.2357 | PnL=-0.45%
2026-06-16 19:34:26,753 [INFO] [DATA] ADAUSDT | now=0.1777 | entry=0.1785 | PnL=-0.45%
2026-06-16 19:34:26,890 [INFO] [DATA] XLMUSDT | now=0.2258 | entry=0.2226 | PnL=+1.44%
2026-06-16 19:34:27,006 [INFO] [DATA] SOLUSDT | now=74.2900 | entry=74.4400 | PnL=-0.20%
2026-06-16 19:34:27,127 [INFO] [DATA] SUIUSDT | now=0.7920 | entry=0.7931 | PnL=-0.14%
2026-06-16 19:34:27,245 [INFO] [DATA] WLDUSDT | now=0.6520 | entry=0.6527 | PnL=-0.11%
2026-06-16 19:34:27,370 [INFO] [DATA] BABYUSDT | now=0.0174 | entry=0.0174 | PnL=-0.52%
2026-06-16 19:34:27,370 [INFO] [INVENTORY] 9/10 slots used — 1 vacant.
2026-06-16 19:34:27,493 [INFO] [LIQUIDITY] Free USDT: $4.97
2026-06-16 19:34:27,493 [INFO] [STANDBY] Insufficient USDT (need $10.00).
2026-06-16 19:34:27,493 [INFO] [SLEEP] Sleeping for 120s…
2026-06-16 19:36:27,500 [INFO] ======================================================================
2026-06-16 19:36:27,500 [INFO] [LOOP] Cycle #73 | 2026-06-16 19:36:27
2026-06-16 19:36:27,500 [INFO] [MONITOR] Evaluating 9 open positions…
2026-06-16 19:36:27,629 [INFO] [DATA] TRXUSDT | now=0.3175 | entry=0.3173 | PnL=+0.06%
2026-06-16 19:36:27,743 [INFO] [DATA] ZECUSDT | now=506.4800 | entry=514.5700 | PnL=-1.57%
2026-06-16 19:36:27,882 [INFO] [DATA] XRPUSDT | now=1.2279 | entry=1.2357 | PnL=-0.63%
2026-06-16 19:36:28,020 [INFO] [DATA] ADAUSDT | now=0.1772 | entry=0.1785 | PnL=-0.73%
2026-06-16 19:36:28,146 [INFO] [DATA] XLMUSDT | now=0.2246 | entry=0.2226 | PnL=+0.90%
2026-06-16 19:36:28,264 [INFO] [DATA] SOLUSDT | now=74.0700 | entry=74.4400 | PnL=-0.50%
2026-06-16 19:36:28,384 [INFO] [DATA] SUIUSDT | now=0.7893 | entry=0.7931 | PnL=-0.48%
2026-06-16 19:36:28,506 [INFO] [DATA] WLDUSDT | now=0.6516 | entry=0.6527 | PnL=-0.17%
2026-06-16 19:36:28,614 [INFO] [DATA] BABYUSDT | now=0.0174 | entry=0.0174 | PnL=-0.40%
2026-06-16 19:36:28,614 [INFO] [INVENTORY] 9/10 slots used — 1 vacant.
2026-06-16 19:36:28,746 [INFO] [LIQUIDITY] Free USDT: $4.97
2026-06-16 19:36:28,746 [INFO] [STANDBY] Insufficient USDT (need $10.00).
2026-06-16 19:36:28,746 [INFO] [SLEEP] Sleeping for 120s…
2026-06-16 19:38:28,757 [INFO] ======================================================================
2026-06-16 19:38:28,757 [INFO] [LOOP] Cycle #74 | 2026-06-16 19:38:28
2026-06-16 19:38:28,757 [INFO] [MONITOR] Evaluating 9 open positions…
2026-06-16 19:38:28,873 [INFO] [DATA] TRXUSDT | now=0.3174 | entry=0.3173 | PnL=+0.03%
2026-06-16 19:38:28,982 [INFO] [DATA] ZECUSDT | now=505.6900 | entry=514.5700 | PnL=-1.73%
2026-06-16 19:38:29,101 [INFO] [DATA] XRPUSDT | now=1.2261 | entry=1.2357 | PnL=-0.78%
2026-06-16 19:38:29,223 [INFO] [DATA] ADAUSDT | now=0.1769 | entry=0.1785 | PnL=-0.90%
2026-06-16 19:38:29,341 [INFO] [DATA] XLMUSDT | now=0.2249 | entry=0.2226 | PnL=+1.03%
2026-06-16 19:38:29,452 [INFO] [DATA] SOLUSDT | now=73.8700 | entry=74.4400 | PnL=-0.77%
2026-06-16 19:38:29,583 [INFO] [DATA] SUIUSDT | now=0.7874 | entry=0.7931 | PnL=-0.72%
2026-06-16 19:38:29,720 [INFO] [DATA] WLDUSDT | now=0.6449 | entry=0.6527 | PnL=-1.20%
2026-06-16 19:38:29,922 [INFO] [DATA] BABYUSDT | now=0.0173 | entry=0.0174 | PnL=-0.75%
2026-06-16 19:38:29,922 [INFO] [INVENTORY] 9/10 slots used — 1 vacant.
2026-06-16 19:38:30,170 [INFO] [LIQUIDITY] Free USDT: $4.97
2026-06-16 19:38:30,171 [INFO] [STANDBY] Insufficient USDT (need $10.00).
2026-06-16 19:38:30,171 [INFO] [SLEEP] Sleeping for 120s…
2026-06-16 19:40:30,172 [INFO] ======================================================================
2026-06-16 19:40:30,172 [INFO] [LOOP] Cycle #75 | 2026-06-16 19:40:30
2026-06-16 19:40:30,172 [INFO] [MONITOR] Evaluating 9 open positions…
2026-06-16 19:40:30,289 [INFO] [DATA] TRXUSDT | now=0.3173 | entry=0.3173 | PnL=+0.00%
2026-06-16 19:40:30,406 [INFO] [DATA] ZECUSDT | now=506.3800 | entry=514.5700 | PnL=-1.59%
2026-06-16 19:40:30,524 [INFO] [DATA] XRPUSDT | now=1.2287 | entry=1.2357 | PnL=-0.57%
2026-06-16 19:40:30,652 [INFO] [DATA] ADAUSDT | now=0.1772 | entry=0.1785 | PnL=-0.73%
2026-06-16 19:40:30,782 [INFO] [DATA] XLMUSDT | now=0.2253 | entry=0.2226 | PnL=+1.21%
2026-06-16 19:40:30,900 [INFO] [DATA] SOLUSDT | now=73.9500 | entry=74.4400 | PnL=-0.66%
2026-06-16 19:40:31,007 [INFO] [DATA] SUIUSDT | now=0.7896 | entry=0.7931 | PnL=-0.44%
2026-06-16 19:40:31,142 [INFO] [DATA] WLDUSDT | now=0.6457 | entry=0.6527 | PnL=-1.07%
2026-06-16 19:40:31,258 [INFO] [DATA] BABYUSDT | now=0.0173 | entry=0.0174 | PnL=-0.69%
2026-06-16 19:40:31,258 [INFO] [INVENTORY] 9/10 slots used — 1 vacant.
2026-06-16 19:40:31,385 [INFO] [LIQUIDITY] Free USDT: $4.97
2026-06-16 19:40:31,385 [INFO] [STANDBY] Insufficient USDT (need $10.00).
2026-06-16 19:40:31,385 [INFO] [SLEEP] Sleeping for 120s…
2026-06-16 19:42:31,390 [INFO] ======================================================================
2026-06-16 19:42:31,390 [INFO] [LOOP] Cycle #76 | 2026-06-16 19:42:31
2026-06-16 19:42:31,390 [INFO] [MONITOR] Evaluating 9 open positions…
2026-06-16 19:42:31,515 [INFO] [DATA] TRXUSDT | now=0.3171 | entry=0.3173 | PnL=-0.06%
2026-06-16 19:42:31,637 [INFO] [DATA] ZECUSDT | now=506.1500 | entry=514.5700 | PnL=-1.64%
2026-06-16 19:42:31,755 [INFO] [DATA] XRPUSDT | now=1.2281 | entry=1.2357 | PnL=-0.62%
2026-06-16 19:42:31,861 [INFO] [DATA] ADAUSDT | now=0.1773 | entry=0.1785 | PnL=-0.67%
2026-06-16 19:42:31,976 [INFO] [DATA] XLMUSDT | now=0.2241 | entry=0.2226 | PnL=+0.67%
2026-06-16 19:42:32,105 [INFO] [DATA] SOLUSDT | now=73.9000 | entry=74.4400 | PnL=-0.73%
2026-06-16 19:42:32,225 [INFO] [DATA] SUIUSDT | now=0.7891 | entry=0.7931 | PnL=-0.50%
2026-06-16 19:42:32,334 [INFO] [DATA] WLDUSDT | now=0.6473 | entry=0.6527 | PnL=-0.83%
2026-06-16 19:42:32,455 [INFO] [DATA] BABYUSDT | now=0.0173 | entry=0.0174 | PnL=-0.57%
2026-06-16 19:42:32,470 [INFO] [INVENTORY] 9/10 slots used — 1 vacant.
2026-06-16 19:42:32,587 [INFO] [LIQUIDITY] Free USDT: $4.97
2026-06-16 19:42:32,602 [INFO] [STANDBY] Insufficient USDT (need $10.00).
2026-06-16 19:42:32,602 [INFO] [SLEEP] Sleeping for 120s…
2026-06-16 19:44:32,603 [INFO] ======================================================================
2026-06-16 19:44:32,603 [INFO] [LOOP] Cycle #77 | 2026-06-16 19:44:32
2026-06-16 19:44:32,603 [INFO] [MONITOR] Evaluating 9 open positions…
2026-06-16 19:44:32,731 [INFO] [DATA] TRXUSDT | now=0.3170 | entry=0.3173 | PnL=-0.09%
2026-06-16 19:44:32,852 [INFO] [DATA] ZECUSDT | now=505.4900 | entry=514.5700 | PnL=-1.76%
2026-06-16 19:44:33,006 [INFO] [DATA] XRPUSDT | now=1.2262 | entry=1.2357 | PnL=-0.77%
2026-06-16 19:44:33,116 [INFO] [DATA] ADAUSDT | now=0.1771 | entry=0.1785 | PnL=-0.78%
2026-06-16 19:44:33,241 [INFO] [DATA] XLMUSDT | now=0.2238 | entry=0.2226 | PnL=+0.54%
2026-06-16 19:44:33,348 [INFO] [DATA] SOLUSDT | now=73.8100 | entry=74.4400 | PnL=-0.85%
2026-06-16 19:44:33,472 [INFO] [DATA] SUIUSDT | now=0.7886 | entry=0.7931 | PnL=-0.57%
2026-06-16 19:44:33,598 [INFO] [DATA] WLDUSDT | now=0.6464 | entry=0.6527 | PnL=-0.97%
2026-06-16 19:44:33,718 [INFO] [DATA] BABYUSDT | now=0.0174 | entry=0.0174 | PnL=-0.52%
2026-06-16 19:44:33,718 [INFO] [INVENTORY] 9/10 slots used — 1 vacant.
2026-06-16 19:44:33,836 [INFO] [LIQUIDITY] Free USDT: $4.97
2026-06-16 19:44:33,836 [INFO] [STANDBY] Insufficient USDT (need $10.00).
2026-06-16 19:44:33,836 [INFO] [SLEEP] Sleeping for 120s…
2026-06-16 19:46:33,842 [INFO] ======================================================================
2026-06-16 19:46:33,843 [INFO] [LOOP] Cycle #78 | 2026-06-16 19:46:33
2026-06-16 19:46:33,843 [INFO] [MONITOR] Evaluating 9 open positions…
2026-06-16 19:46:33,962 [INFO] [DATA] TRXUSDT | now=0.3168 | entry=0.3173 | PnL=-0.16%
2026-06-16 19:46:34,075 [INFO] [DATA] ZECUSDT | now=502.4600 | entry=514.5700 | PnL=-2.35%
2026-06-16 19:46:34,200 [INFO] [DATA] XRPUSDT | now=1.2230 | entry=1.2357 | PnL=-1.03%
2026-06-16 19:46:34,320 [INFO] [DATA] ADAUSDT | now=0.1764 | entry=0.1785 | PnL=-1.18%
2026-06-16 19:46:34,440 [INFO] [DATA] XLMUSDT | now=0.2227 | entry=0.2226 | PnL=+0.04%
2026-06-16 19:46:34,558 [INFO] [DATA] SOLUSDT | now=73.5500 | entry=74.4400 | PnL=-1.20%
2026-06-16 19:46:34,681 [INFO] [DATA] SUIUSDT | now=0.7843 | entry=0.7931 | PnL=-1.11%
2026-06-16 19:46:34,797 [INFO] [DATA] WLDUSDT | now=0.6452 | entry=0.6527 | PnL=-1.15%
2026-06-16 19:46:34,925 [INFO] [DATA] BABYUSDT | now=0.0172 | entry=0.0174 | PnL=-1.26%
2026-06-16 19:46:34,925 [INFO] [INVENTORY] 9/10 slots used — 1 vacant.
2026-06-16 19:46:35,237 [INFO] [LIQUIDITY] Free USDT: $4.97
2026-06-16 19:46:35,237 [INFO] [STANDBY] Insufficient USDT (need $10.00).
2026-06-16 19:46:35,237 [INFO] [SLEEP] Sleeping for 120s…
2026-06-16 19:48:35,244 [INFO] ======================================================================
2026-06-16 19:48:35,244 [INFO] [LOOP] Cycle #79 | 2026-06-16 19:48:35
2026-06-16 19:48:35,244 [INFO] [MONITOR] Evaluating 9 open positions…
2026-06-16 19:48:35,363 [INFO] [DATA] TRXUSDT | now=0.3166 | entry=0.3173 | PnL=-0.22%
2026-06-16 19:48:35,477 [INFO] [DATA] ZECUSDT | now=495.8400 | entry=514.5700 | PnL=-3.64%
2026-06-16 19:48:35,477 [INFO] [EXIT] SL hit for ZECUSDT.
2026-06-16 19:48:36,038 [WARNING] [EXIT] ZECUSDT: quantity mismatch (-2010). Fetching actual balance and retrying…
2026-06-16 19:48:36,162 [ERROR] [EXIT] ZECUSDT: actual balance is zero — nothing to sell.
2026-06-16 19:48:36,162 [WARNING] [EXIT] ZECUSDT: sell attempt 1/3 failed — will retry next cycle.
2026-06-16 19:48:36,288 [INFO] [DATA] XRPUSDT | now=1.2194 | entry=1.2357 | PnL=-1.32%
2026-06-16 19:48:36,405 [INFO] [DATA] ADAUSDT | now=0.1757 | entry=0.1785 | PnL=-1.57%
2026-06-16 19:48:36,525 [INFO] [DATA] XLMUSDT | now=0.2225 | entry=0.2226 | PnL=-0.04%
2026-06-16 19:48:36,643 [INFO] [DATA] SOLUSDT | now=73.2600 | entry=74.4400 | PnL=-1.59%
2026-06-16 19:48:36,644 [INFO] [EXIT] SL hit for SOLUSDT.
2026-06-16 19:48:37,355 [INFO] [EXIT] SOLUSDT sold (STOP_LOSS) qty=0.142000
2026-06-16 19:48:37,355 [INFO] [COOLDOWN] SOLUSDT locked for 3600s.
2026-06-16 19:48:37,474 [INFO] [DATA] SUIUSDT | now=0.7830 | entry=0.7931 | PnL=-1.27%
2026-06-16 19:48:37,583 [INFO] [DATA] WLDUSDT | now=0.6445 | entry=0.6527 | PnL=-1.26%
2026-06-16 19:48:37,698 [INFO] [DATA] BABYUSDT | now=0.0172 | entry=0.0174 | PnL=-1.55%
2026-06-16 19:48:37,698 [INFO] [INVENTORY] 8/10 slots used — 2 vacant.
2026-06-16 19:48:37,834 [INFO] [LIQUIDITY] Free USDT: $15.38
2026-06-16 19:48:45,880 [INFO] HTTP Request: POST http://127.0.0.1:11434/api/generate "HTTP/1.1 200 OK"
2026-06-16 19:48:45,881 [INFO] [FILTER] NEARUSDT RSI 42.0 outside safe band [45, 65]. Skipping.
2026-06-16 19:48:46,302 [INFO] HTTP Request: POST http://127.0.0.1:11434/api/generate "HTTP/1.1 200 OK"
2026-06-16 19:48:46,303 [INFO] [DEPLOY] SPCXBUSDT passed all filters — entering…
2026-06-16 19:48:46,724 [INFO] [TRADE] Placing market buy for SPCXBUSDT — qty=0.046000
2026-06-16 19:48:47,756 [INFO] [TRADE] SPCXBUSDT entered | entry=214.4700 | TP=248.9500 | SL=197.2200
2026-06-16 19:48:47,758 [INFO] [SLEEP] Sleeping for 120s…
2026-06-16 19:50:47,758 [INFO] ======================================================================
2026-06-16 19:50:47,758 [INFO] [LOOP] Cycle #80 | 2026-06-16 19:50:47
2026-06-16 19:50:47,758 [INFO] [MONITOR] Evaluating 9 open positions…
2026-06-16 19:50:47,878 [INFO] [DATA] TRXUSDT | now=0.3168 | entry=0.3173 | PnL=-0.16%
2026-06-16 19:50:47,984 [INFO] [DATA] XRPUSDT | now=1.2202 | entry=1.2357 | PnL=-1.25%
2026-06-16 19:50:48,109 [INFO] [DATA] ADAUSDT | now=0.1757 | entry=0.1785 | PnL=-1.57%
2026-06-16 19:50:48,227 [INFO] [DATA] XLMUSDT | now=0.2229 | entry=0.2226 | PnL=+0.13%
2026-06-16 19:50:48,341 [INFO] [DATA] SUIUSDT | now=0.7836 | entry=0.7931 | PnL=-1.20%
2026-06-16 19:50:48,454 [INFO] [DATA] WLDUSDT | now=0.6406 | entry=0.6527 | PnL=-1.85%
2026-06-16 19:50:48,582 [INFO] [DATA] BABYUSDT | now=0.0172 | entry=0.0174 | PnL=-1.61%
2026-06-16 19:50:48,706 [INFO] [DATA] ZECUSDT | now=496.9700 | entry=514.5700 | PnL=-3.42%
2026-06-16 19:50:48,706 [INFO] [EXIT] SL hit for ZECUSDT.
2026-06-16 19:50:49,335 [WARNING] [EXIT] ZECUSDT: quantity mismatch (-2010). Fetching actual balance and retrying…
2026-06-16 19:50:49,454 [ERROR] [EXIT] ZECUSDT: actual balance is zero — nothing to sell.
2026-06-16 19:50:49,454 [WARNING] [EXIT] ZECUSDT: sell attempt 2/3 failed — will retry next cycle.
2026-06-16 19:50:49,583 [INFO] [DATA] SPCXBUSDT | now=212.4900 | entry=214.4700 | PnL=-0.92%
2026-06-16 19:50:49,583 [INFO] [INVENTORY] 9/10 slots used — 1 vacant.
2026-06-16 19:50:49,708 [INFO] [LIQUIDITY] Free USDT: $5.51
2026-06-16 19:50:49,708 [INFO] [STANDBY] Insufficient USDT (need $10.00).
2026-06-16 19:50:49,708 [INFO] [SLEEP] Sleeping for 120s…
2026-06-16 19:52:49,711 [INFO] ======================================================================
2026-06-16 19:52:49,711 [INFO] [LOOP] Cycle #81 | 2026-06-16 19:52:49
2026-06-16 19:52:49,711 [INFO] [MONITOR] Evaluating 9 open positions…
2026-06-16 19:52:49,831 [INFO] [DATA] TRXUSDT | now=0.3166 | entry=0.3173 | PnL=-0.22%
2026-06-16 19:52:49,946 [INFO] [DATA] XRPUSDT | now=1.2160 | entry=1.2357 | PnL=-1.59%
2026-06-16 19:52:49,946 [INFO] [EXIT] SL hit for XRPUSDT.
2026-06-16 19:52:50,639 [INFO] [EXIT] XRPUSDT sold (STOP_LOSS) qty=9.800000
2026-06-16 19:52:50,640 [INFO] [COOLDOWN] XRPUSDT locked for 3600s.
2026-06-16 19:52:50,756 [INFO] [DATA] ADAUSDT | now=0.1749 | entry=0.1785 | PnL=-2.02%
2026-06-16 19:52:50,756 [INFO] [EXIT] SL hit for ADAUSDT.
2026-06-16 19:52:51,485 [INFO] [EXIT] ADAUSDT sold (STOP_LOSS) qty=43.100000
2026-06-16 19:52:51,486 [INFO] [COOLDOWN] ADAUSDT locked for 3600s.
2026-06-16 19:52:51,611 [INFO] [DATA] XLMUSDT | now=0.2195 | entry=0.2226 | PnL=-1.39%
2026-06-16 19:52:51,732 [INFO] [DATA] SUIUSDT | now=0.7792 | entry=0.7931 | PnL=-1.75%
2026-06-16 19:52:51,732 [INFO] [EXIT] SL hit for SUIUSDT.
2026-06-16 19:52:52,450 [INFO] [EXIT] SUIUSDT sold (STOP_LOSS) qty=12.700000
2026-06-16 19:52:52,451 [INFO] [COOLDOWN] SUIUSDT locked for 3600s.
2026-06-16 19:52:52,576 [INFO] [DATA] WLDUSDT | now=0.6354 | entry=0.6527 | PnL=-2.65%
2026-06-16 19:52:52,691 [INFO] [DATA] BABYUSDT | now=0.0171 | entry=0.0174 | PnL=-2.06%
2026-06-16 19:52:52,806 [INFO] [DATA] SPCXBUSDT | now=208.1500 | entry=214.4700 | PnL=-2.95%
2026-06-16 19:52:52,919 [INFO] [DATA] ZECUSDT | now=493.3100 | entry=514.5700 | PnL=-4.13%
2026-06-16 19:52:52,919 [INFO] [EXIT] SL hit for ZECUSDT.
2026-06-16 19:52:53,451 [INFO] [EXIT] ZECUSDT sold (STOP_LOSS) qty=0.019000
2026-06-16 19:52:53,451 [INFO] [COOLDOWN] ZECUSDT locked for 3600s.
2026-06-16 19:52:53,455 [INFO] [INVENTORY] 5/10 slots used — 5 vacant.
2026-06-16 19:52:53,569 [INFO] [LIQUIDITY] Free USDT: $43.98
2026-06-16 19:52:54,356 [INFO] HTTP Request: POST http://127.0.0.1:11434/api/generate "HTTP/1.1 200 OK"
2026-06-16 19:52:54,356 [INFO] [FILTER] NEARUSDT below EMA-50 (price=2.3430, ema=2.3557). Skipping.
2026-06-16 19:52:54,787 [INFO] HTTP Request: POST http://127.0.0.1:11434/api/generate "HTTP/1.1 200 OK"
2026-06-16 19:52:54,788 [INFO] [FILTER] TAOUSDT below EMA-50 (price=259.5000, ema=264.2680). Skipping.
2026-06-16 19:52:55,414 [INFO] HTTP Request: POST http://127.0.0.1:11434/api/generate "HTTP/1.1 200 OK"
2026-06-16 19:52:55,414 [INFO] [DEPLOY] UNIUSDT passed all filters — entering…
2026-06-16 19:52:55,838 [INFO] [TRADE] Placing market buy for UNIUSDT — qty=3.370000
2026-06-16 19:52:57,313 [INFO] [TRADE] UNIUSDT entered | entry=2.9650 | TP=3.3190 | SL=2.7870
2026-06-16 19:52:57,929 [INFO] HTTP Request: POST http://127.0.0.1:11434/api/generate "HTTP/1.1 200 OK"
2026-06-16 19:52:57,930 [INFO] [FILTER] JTOUSDT RSI 69.8 outside safe band [45, 65]. Skipping.
2026-06-16 19:52:58,344 [INFO] HTTP Request: POST http://127.0.0.1:11434/api/generate "HTTP/1.1 200 OK"
2026-06-16 19:52:58,345 [INFO] [FILTER] ENAUSDT below EMA-50 (price=0.0850, ema=0.0855). Skipping.
2026-06-16 19:52:58,767 [INFO] HTTP Request: POST http://127.0.0.1:11434/api/generate "HTTP/1.1 200 OK"
2026-06-16 19:52:58,767 [INFO] [FILTER] OPGUSDT below EMA-50 (price=0.1668, ema=0.1788). Skipping.
2026-06-16 19:52:59,179 [INFO] HTTP Request: POST http://127.0.0.1:11434/api/generate "HTTP/1.1 200 OK"
2026-06-16 19:52:59,180 [INFO] [FILTER] BCHUSDT below EMA-50 (price=214.7000, ema=218.0867). Skipping.
2026-06-16 19:52:59,594 [INFO] HTTP Request: POST http://127.0.0.1:11434/api/generate "HTTP/1.1 200 OK"
2026-06-16 19:52:59,594 [INFO] [DEPLOY] XPLUSDT passed all filters — entering…
2026-06-16 19:52:59,980 [INFO] [TRADE] Placing market buy for XPLUSDT — qty=106.400000
2026-06-16 19:53:01,290 [INFO] [TRADE] XPLUSDT entered | entry=0.0939 | TP=0.1072 | SL=0.0872
2026-06-16 19:53:01,830 [INFO] HTTP Request: POST http://127.0.0.1:11434/api/generate "HTTP/1.1 200 OK"
2026-06-16 19:53:01,830 [INFO] [DEPLOY] RLUSDUSDT passed all filters — entering…
2026-06-16 19:53:02,543 [INFO] [TRADE] Placing market buy for RLUSDUSDT — qty=9.000000
2026-06-16 19:53:03,901 [INFO] [TRADE] RLUSDUSDT entered | entry=1.0008 | TP=1.0015 | SL=1.0004
2026-06-16 19:53:04,542 [INFO] HTTP Request: POST http://127.0.0.1:11434/api/generate "HTTP/1.1 200 OK"
2026-06-16 19:53:04,543 [INFO] [DEPLOY] ALLOUSDT passed all filters — entering…
2026-06-16 19:53:04,931 [INFO] [TRADE] Placing market buy for ALLOUSDT — qty=25.100000
2026-06-16 19:53:06,365 [INFO] [TRADE] ALLOUSDT entered | entry=0.3978 | TP=0.4577 | SL=0.3678
2026-06-16 19:53:06,365 [INFO] [SLEEP] Sleeping for 120s…
2026-06-16 19:55:06,368 [INFO] ======================================================================
2026-06-16 19:55:06,368 [INFO] [LOOP] Cycle #82 | 2026-06-16 19:55:06
2026-06-16 19:55:06,368 [INFO] [MONITOR] Evaluating 9 open positions…
2026-06-16 19:55:06,490 [INFO] [DATA] TRXUSDT | now=0.3167 | entry=0.3173 | PnL=-0.19%
2026-06-16 19:55:06,608 [INFO] [DATA] XLMUSDT | now=0.2205 | entry=0.2226 | PnL=-0.94%
2026-06-16 19:55:06,727 [INFO] [DATA] WLDUSDT | now=0.6355 | entry=0.6527 | PnL=-2.64%
2026-06-16 19:55:06,843 [INFO] [DATA] BABYUSDT | now=0.0171 | entry=0.0174 | PnL=-2.01%
2026-06-16 19:55:06,961 [INFO] [DATA] SPCXBUSDT | now=212.3000 | entry=214.4700 | PnL=-1.01%
2026-06-16 19:55:07,089 [INFO] [DATA] UNIUSDT | now=2.9810 | entry=2.9650 | PnL=+0.54%
2026-06-16 19:55:07,214 [INFO] [DATA] XPLUSDT | now=0.0949 | entry=0.0939 | PnL=+1.06%
2026-06-16 19:55:07,333 [INFO] [DATA] RLUSDUSDT | now=1.0008 | entry=1.0008 | PnL=+0.00%
2026-06-16 19:55:07,443 [INFO] [DATA] ALLOUSDT | now=0.3964 | entry=0.3978 | PnL=-0.35%
2026-06-16 19:55:07,443 [INFO] [INVENTORY] 9/10 slots used — 1 vacant.
2026-06-16 19:55:07,572 [INFO] [LIQUIDITY] Free USDT: $5.00
2026-06-16 19:55:07,572 [INFO] [STANDBY] Insufficient USDT (need $10.00).
2026-06-16 19:55:07,572 [INFO] [SLEEP] Sleeping for 120s…
2026-06-16 19:57:07,578 [INFO] ======================================================================
2026-06-16 19:57:07,578 [INFO] [LOOP] Cycle #83 | 2026-06-16 19:57:07
2026-06-16 19:57:07,578 [INFO] [MONITOR] Evaluating 9 open positions…
2026-06-16 19:57:07,697 [INFO] [DATA] TRXUSDT | now=0.3167 | entry=0.3173 | PnL=-0.19%
2026-06-16 19:57:07,806 [INFO] [DATA] XLMUSDT | now=0.2199 | entry=0.2226 | PnL=-1.21%
2026-06-16 19:57:07,935 [INFO] [DATA] WLDUSDT | now=0.6351 | entry=0.6527 | PnL=-2.70%
2026-06-16 19:57:08,037 [INFO] [DATA] BABYUSDT | now=0.0170 | entry=0.0174 | PnL=-2.24%
2026-06-16 19:57:08,171 [INFO] [DATA] SPCXBUSDT | now=211.5500 | entry=214.4700 | PnL=-1.36%
2026-06-16 19:57:08,290 [INFO] [DATA] UNIUSDT | now=2.9610 | entry=2.9650 | PnL=-0.13%
2026-06-16 19:57:08,408 [INFO] [DATA] XPLUSDT | now=0.0949 | entry=0.0939 | PnL=+1.06%
2026-06-16 19:57:08,528 [INFO] [DATA] RLUSDUSDT | now=1.0007 | entry=1.0008 | PnL=-0.01%
2026-06-16 19:57:08,654 [INFO] [DATA] ALLOUSDT | now=0.3954 | entry=0.3978 | PnL=-0.60%
2026-06-16 19:57:08,655 [INFO] [INVENTORY] 9/10 slots used — 1 vacant.
2026-06-16 19:57:08,773 [INFO] [LIQUIDITY] Free USDT: $4.80
2026-06-16 19:57:08,773 [INFO] [STANDBY] Insufficient USDT (need $10.00).
2026-06-16 19:57:08,773 [INFO] [SLEEP] Sleeping for 120s…
2026-06-16 19:59:08,774 [INFO] ======================================================================
2026-06-16 19:59:08,774 [INFO] [LOOP] Cycle #84 | 2026-06-16 19:59:08
2026-06-16 19:59:08,774 [INFO] [MONITOR] Evaluating 9 open positions…
2026-06-16 19:59:08,894 [INFO] [DATA] TRXUSDT | now=0.3166 | entry=0.3173 | PnL=-0.22%
2026-06-16 19:59:09,005 [INFO] [DATA] XLMUSDT | now=0.2183 | entry=0.2226 | PnL=-1.93%
2026-06-16 19:59:09,133 [INFO] [DATA] WLDUSDT | now=0.6331 | entry=0.6527 | PnL=-3.00%
2026-06-16 19:59:09,133 [INFO] [EXIT] SL hit for WLDUSDT.
2026-06-16 19:59:09,724 [INFO] [EXIT] WLDUSDT sold (STOP_LOSS) qty=15.200000
2026-06-16 19:59:09,725 [INFO] [COOLDOWN] WLDUSDT locked for 3600s.
2026-06-16 19:59:09,849 [INFO] [DATA] BABYUSDT | now=0.0173 | entry=0.0174 | PnL=-1.03%
2026-06-16 19:59:09,967 [INFO] [DATA] SPCXBUSDT | now=210.3900 | entry=214.4700 | PnL=-1.90%
2026-06-16 19:59:10,093 [INFO] [DATA] UNIUSDT | now=2.9540 | entry=2.9650 | PnL=-0.37%
2026-06-16 19:59:10,299 [INFO] [DATA] XPLUSDT | now=0.0944 | entry=0.0939 | PnL=+0.53%
2026-06-16 19:59:10,417 [INFO] [DATA] RLUSDUSDT | now=1.0007 | entry=1.0008 | PnL=-0.01%
2026-06-16 19:59:10,524 [INFO] [DATA] ALLOUSDT | now=0.3956 | entry=0.3978 | PnL=-0.55%
2026-06-16 19:59:10,524 [INFO] [INVENTORY] 8/10 slots used — 2 vacant.
2026-06-16 19:59:10,663 [INFO] [LIQUIDITY] Free USDT: $14.34
2026-06-16 19:59:17,186 [INFO] HTTP Request: POST http://127.0.0.1:11434/api/generate "HTTP/1.1 200 OK"
2026-06-16 19:59:17,186 [INFO] [FILTER] NEARUSDT below EMA-50 (price=2.3340, ema=2.3553). Skipping.
2026-06-16 19:59:17,598 [INFO] HTTP Request: POST http://127.0.0.1:11434/api/generate "HTTP/1.1 200 OK"
2026-06-16 19:59:17,599 [INFO] [FILTER] TAOUSDT below EMA-50 (price=255.7000, ema=264.1189). Skipping.
2026-06-16 19:59:18,057 [INFO] HTTP Request: POST http://127.0.0.1:11434/api/generate "HTTP/1.1 200 OK"
2026-06-16 19:59:18,058 [INFO] [FILTER] JTOUSDT RSI 66.2 outside safe band [45, 65]. Skipping.
2026-06-16 19:59:18,486 [INFO] HTTP Request: POST http://127.0.0.1:11434/api/generate "HTTP/1.1 200 OK"
2026-06-16 19:59:18,486 [INFO] [FILTER] ENAUSDT below EMA-50 (price=0.0851, ema=0.0855). Skipping.
2026-06-16 19:59:18,885 [INFO] HTTP Request: POST http://127.0.0.1:11434/api/generate "HTTP/1.1 200 OK"
2026-06-16 19:59:18,886 [INFO] [FILTER] OPGUSDT below EMA-50 (price=0.1630, ema=0.1786). Skipping.
2026-06-16 19:59:19,308 [INFO] HTTP Request: POST http://127.0.0.1:11434/api/generate "HTTP/1.1 200 OK"
2026-06-16 19:59:19,309 [INFO] [FILTER] BCHUSDT below EMA-50 (price=214.3000, ema=218.0710). Skipping.
2026-06-16 19:59:19,784 [INFO] HTTP Request: POST http://127.0.0.1:11434/api/generate "HTTP/1.1 200 OK"
2026-06-16 19:59:19,784 [INFO] [DEPLOY] INJUSDT passed all filters — entering…
2026-06-16 19:59:20,298 [INFO] [TRADE] Placing market buy for INJUSDT — qty=1.740000
2026-06-16 19:59:21,447 [INFO] [TRADE] INJUSDT entered | entry=5.7290 | TP=6.3470 | SL=5.4190
2026-06-16 19:59:21,449 [INFO] [SLEEP] Sleeping for 120s…
2026-06-16 20:01:21,450 [INFO] ======================================================================
2026-06-16 20:01:21,450 [INFO] [LOOP] Cycle #85 | 2026-06-16 20:01:21
2026-06-16 20:01:21,450 [INFO] [MONITOR] Evaluating 9 open positions…
2026-06-16 20:01:21,580 [INFO] [DATA] TRXUSDT | now=0.3164 | entry=0.3173 | PnL=-0.28%
2026-06-16 20:01:21,690 [INFO] [DATA] XLMUSDT | now=0.2178 | entry=0.2226 | PnL=-2.16%
2026-06-16 20:01:21,817 [INFO] [DATA] BABYUSDT | now=0.0172 | entry=0.0174 | PnL=-1.55%
2026-06-16 20:01:21,954 [INFO] [DATA] SPCXBUSDT | now=205.6100 | entry=214.4700 | PnL=-4.13%
2026-06-16 20:01:22,065 [INFO] [DATA] UNIUSDT | now=2.9480 | entry=2.9650 | PnL=-0.57%
2026-06-16 20:01:22,192 [INFO] [DATA] XPLUSDT | now=0.0947 | entry=0.0939 | PnL=+0.85%
2026-06-16 20:01:22,309 [INFO] [DATA] RLUSDUSDT | now=1.0007 | entry=1.0008 | PnL=-0.01%
2026-06-16 20:01:22,436 [INFO] [DATA] ALLOUSDT | now=0.3977 | entry=0.3978 | PnL=-0.03%
2026-06-16 20:01:22,553 [INFO] [DATA] INJUSDT | now=5.7170 | entry=5.7290 | PnL=-0.21%
2026-06-16 20:01:22,553 [INFO] [INVENTORY] 9/10 slots used — 1 vacant.
2026-06-16 20:01:22,677 [INFO] [LIQUIDITY] Free USDT: $4.37
2026-06-16 20:01:22,677 [INFO] [STANDBY] Insufficient USDT (need $10.00).
2026-06-16 20:01:22,677 [INFO] [SLEEP] Sleeping for 120s…
2026-06-16 20:03:22,677 [INFO] ======================================================================
2026-06-16 20:03:22,677 [INFO] [LOOP] Cycle #86 | 2026-06-16 20:03:22
2026-06-16 20:03:22,677 [INFO] [MONITOR] Evaluating 9 open positions…
2026-06-16 20:03:22,792 [INFO] [DATA] TRXUSDT | now=0.3164 | entry=0.3173 | PnL=-0.28%
2026-06-16 20:03:22,903 [INFO] [DATA] XLMUSDT | now=0.2182 | entry=0.2226 | PnL=-1.98%
2026-06-16 20:03:23,015 [INFO] [DATA] BABYUSDT | now=0.0172 | entry=0.0174 | PnL=-1.61%
2026-06-16 20:03:23,144 [INFO] [DATA] SPCXBUSDT | now=209.6800 | entry=214.4700 | PnL=-2.23%
2026-06-16 20:03:23,261 [INFO] [DATA] UNIUSDT | now=2.9510 | entry=2.9650 | PnL=-0.47%
2026-06-16 20:03:23,381 [INFO] [DATA] XPLUSDT | now=0.0938 | entry=0.0939 | PnL=-0.11%
2026-06-16 20:03:23,506 [INFO] [DATA] RLUSDUSDT | now=1.0008 | entry=1.0008 | PnL=+0.00%
2026-06-16 20:03:23,621 [INFO] [DATA] ALLOUSDT | now=0.3966 | entry=0.3978 | PnL=-0.30%
2026-06-16 20:03:23,749 [INFO] [DATA] INJUSDT | now=5.7330 | entry=5.7290 | PnL=+0.07%
2026-06-16 20:03:23,750 [INFO] [INVENTORY] 9/10 slots used — 1 vacant.
2026-06-16 20:03:23,863 [INFO] [LIQUIDITY] Free USDT: $4.37
2026-06-16 20:03:23,863 [INFO] [STANDBY] Insufficient USDT (need $10.00).
2026-06-16 20:03:23,863 [INFO] [SLEEP] Sleeping for 120s…
2026-06-16 20:05:23,876 [INFO] ======================================================================
2026-06-16 20:05:23,876 [INFO] [LOOP] Cycle #87 | 2026-06-16 20:05:23
2026-06-16 20:05:23,876 [INFO] [MONITOR] Evaluating 9 open positions…
2026-06-16 20:05:24,002 [INFO] [DATA] TRXUSDT | now=0.3164 | entry=0.3173 | PnL=-0.28%
2026-06-16 20:05:24,109 [INFO] [DATA] XLMUSDT | now=0.2191 | entry=0.2226 | PnL=-1.57%
2026-06-16 20:05:24,236 [INFO] [DATA] BABYUSDT | now=0.0171 | entry=0.0174 | PnL=-1.72%
2026-06-16 20:05:24,361 [INFO] [DATA] SPCXBUSDT | now=207.3900 | entry=214.4700 | PnL=-3.30%
2026-06-16 20:05:24,476 [INFO] [DATA] UNIUSDT | now=2.9570 | entry=2.9650 | PnL=-0.27%
2026-06-16 20:05:24,599 [INFO] [DATA] XPLUSDT | now=0.0943 | entry=0.0939 | PnL=+0.43%
2026-06-16 20:05:24,720 [INFO] [DATA] RLUSDUSDT | now=1.0007 | entry=1.0008 | PnL=-0.01%
2026-06-16 20:05:24,844 [INFO] [DATA] ALLOUSDT | now=0.3966 | entry=0.3978 | PnL=-0.30%
2026-06-16 20:05:24,960 [INFO] [DATA] INJUSDT | now=5.7560 | entry=5.7290 | PnL=+0.47%
2026-06-16 20:05:24,960 [INFO] [INVENTORY] 9/10 slots used — 1 vacant.
2026-06-16 20:05:25,106 [INFO] [LIQUIDITY] Free USDT: $14.22
2026-06-16 20:05:30,866 [INFO] HTTP Request: POST http://127.0.0.1:11434/api/generate "HTTP/1.1 200 OK"
2026-06-16 20:05:30,866 [INFO] [FILTER] NEARUSDT below EMA-50 (price=2.3330, ema=2.3553). Skipping.
2026-06-16 20:05:31,294 [INFO] HTTP Request: POST http://127.0.0.1:11434/api/generate "HTTP/1.1 200 OK"
2026-06-16 20:05:31,295 [INFO] [FILTER] TAOUSDT below EMA-50 (price=255.0000, ema=264.0915). Skipping.
2026-06-16 20:05:31,744 [INFO] HTTP Request: POST http://127.0.0.1:11434/api/generate "HTTP/1.1 200 OK"
2026-06-16 20:05:31,745 [INFO] [FILTER] JTOUSDT RSI 65.7 outside safe band [45, 65]. Skipping.
2026-06-16 20:05:32,157 [INFO] HTTP Request: POST http://127.0.0.1:11434/api/generate "HTTP/1.1 200 OK"
2026-06-16 20:05:32,157 [INFO] [FILTER] ENAUSDT below EMA-50 (price=0.0849, ema=0.0855). Skipping.
2026-06-16 20:05:32,596 [INFO] HTTP Request: POST http://127.0.0.1:11434/api/generate "HTTP/1.1 200 OK"
2026-06-16 20:05:32,597 [INFO] [FILTER] OPGUSDT below EMA-50 (price=0.1629, ema=0.1786). Skipping.
2026-06-16 20:05:33,070 [INFO] HTTP Request: POST http://127.0.0.1:11434/api/generate "HTTP/1.1 200 OK"
2026-06-16 20:05:33,071 [INFO] [FILTER] BCHUSDT below EMA-50 (price=214.2000, ema=218.0671). Skipping.
2026-06-16 20:05:33,552 [INFO] HTTP Request: POST http://127.0.0.1:11434/api/generate "HTTP/1.1 200 OK"
2026-06-16 20:05:33,552 [INFO] [FILTER] LINKUSDT below EMA-50 (price=8.1420, ema=8.2249). Skipping.
2026-06-16 20:05:34,005 [INFO] HTTP Request: POST http://127.0.0.1:11434/api/generate "HTTP/1.1 200 OK"
2026-06-16 20:05:34,005 [INFO] [FILTER] TONUSDT below EMA-50 (price=1.6290, ema=1.7233). Skipping.
2026-06-16 20:05:34,497 [INFO] HTTP Request: POST http://127.0.0.1:11434/api/generate "HTTP/1.1 200 OK"
2026-06-16 20:05:34,498 [INFO] [FILTER] ONDOUSDT below EMA-50 (price=0.3693, ema=0.3736). Skipping.
2026-06-16 20:05:34,922 [INFO] HTTP Request: POST http://127.0.0.1:11434/api/generate "HTTP/1.1 200 OK"
2026-06-16 20:05:34,922 [INFO] [FILTER] HBARUSDT below EMA-50 (price=0.0808, ema=0.0817). Skipping.
2026-06-16 20:05:35,362 [INFO] HTTP Request: POST http://127.0.0.1:11434/api/generate "HTTP/1.1 200 OK"
2026-06-16 20:05:35,363 [INFO] [DEPLOY] ASTERUSDT passed all filters — entering…
2026-06-16 20:05:35,975 [INFO] [TRADE] Placing market buy for ASTERUSDT — qty=15.330000
2026-06-16 20:05:37,173 [INFO] [TRADE] ASTERUSDT entered | entry=0.6530 | TP=0.7050 | SL=0.6270
2026-06-16 20:05:37,175 [INFO] [SLEEP] Sleeping for 120s…
2026-06-16 20:07:37,176 [INFO] ======================================================================
2026-06-16 20:07:37,176 [INFO] [LOOP] Cycle #88 | 2026-06-16 20:07:37
2026-06-16 20:07:37,176 [INFO] [MONITOR] Evaluating 10 open positions…
2026-06-16 20:07:37,302 [INFO] [DATA] TRXUSDT | now=0.3167 | entry=0.3173 | PnL=-0.19%
2026-06-16 20:07:37,434 [INFO] [DATA] XLMUSDT | now=0.2184 | entry=0.2226 | PnL=-1.89%
2026-06-16 20:07:37,751 [INFO] [DATA] BABYUSDT | now=0.0171 | entry=0.0174 | PnL=-1.66%
2026-06-16 20:07:37,857 [INFO] [DATA] SPCXBUSDT | now=207.5600 | entry=214.4700 | PnL=-3.22%
2026-06-16 20:07:37,988 [INFO] [DATA] UNIUSDT | now=2.9680 | entry=2.9650 | PnL=+0.10%
2026-06-16 20:07:38,101 [INFO] [DATA] XPLUSDT | now=0.0942 | entry=0.0939 | PnL=+0.32%
2026-06-16 20:07:38,225 [INFO] [DATA] RLUSDUSDT | now=1.0007 | entry=1.0008 | PnL=-0.01%
2026-06-16 20:07:38,346 [INFO] [DATA] ALLOUSDT | now=0.3959 | entry=0.3978 | PnL=-0.48%
2026-06-16 20:07:38,470 [INFO] [DATA] INJUSDT | now=5.7600 | entry=5.7290 | PnL=+0.54%
2026-06-16 20:07:38,591 [INFO] [DATA] ASTERUSDT | now=0.6540 | entry=0.6530 | PnL=+0.15%
2026-06-16 20:07:38,591 [INFO] [INVENTORY] 10/10 slots used — 0 vacant.
2026-06-16 20:07:38,591 [INFO] [STANDBY] Maximum capacity reached.
2026-06-16 20:07:38,591 [INFO] [SLEEP] Sleeping for 120s…
2026-06-16 20:09:38,599 [INFO] ======================================================================
2026-06-16 20:09:38,599 [INFO] [LOOP] Cycle #89 | 2026-06-16 20:09:38
2026-06-16 20:09:38,599 [INFO] [MONITOR] Evaluating 10 open positions…
2026-06-16 20:09:38,720 [INFO] [DATA] TRXUSDT | now=0.3168 | entry=0.3173 | PnL=-0.16%
2026-06-16 20:09:38,831 [INFO] [DATA] XLMUSDT | now=0.2193 | entry=0.2226 | PnL=-1.48%
2026-06-16 20:09:38,944 [INFO] [DATA] BABYUSDT | now=0.0172 | entry=0.0174 | PnL=-1.61%
2026-06-16 20:09:39,073 [INFO] [DATA] SPCXBUSDT | now=209.6400 | entry=214.4700 | PnL=-2.25%
2026-06-16 20:09:39,192 [INFO] [DATA] UNIUSDT | now=2.9770 | entry=2.9650 | PnL=+0.40%
2026-06-16 20:09:39,313 [INFO] [DATA] XPLUSDT | now=0.0944 | entry=0.0939 | PnL=+0.53%
2026-06-16 20:09:39,429 [INFO] [DATA] RLUSDUSDT | now=1.0009 | entry=1.0008 | PnL=+0.01%
2026-06-16 20:09:39,551 [INFO] [DATA] ALLOUSDT | now=0.3986 | entry=0.3978 | PnL=+0.20%
2026-06-16 20:09:39,677 [INFO] [DATA] INJUSDT | now=5.8110 | entry=5.7290 | PnL=+1.43%
2026-06-16 20:09:39,804 [INFO] [DATA] ASTERUSDT | now=0.6540 | entry=0.6530 | PnL=+0.15%
2026-06-16 20:09:39,805 [INFO] [INVENTORY] 10/10 slots used — 0 vacant.
2026-06-16 20:09:39,805 [INFO] [STANDBY] Maximum capacity reached.
2026-06-16 20:09:39,805 [INFO] [SLEEP] Sleeping for 120s…
2026-06-16 20:11:39,806 [INFO] ======================================================================
2026-06-16 20:11:39,806 [INFO] [LOOP] Cycle #90 | 2026-06-16 20:11:39
2026-06-16 20:11:39,806 [INFO] [MONITOR] Evaluating 10 open positions…
2026-06-16 20:11:39,935 [INFO] [DATA] TRXUSDT | now=0.3169 | entry=0.3173 | PnL=-0.13%
2026-06-16 20:11:40,307 [INFO] [DATA] XLMUSDT | now=0.2195 | entry=0.2226 | PnL=-1.39%
2026-06-16 20:11:40,439 [INFO] [DATA] BABYUSDT | now=0.0172 | entry=0.0174 | PnL=-1.49%
2026-06-16 20:11:40,575 [INFO] [DATA] SPCXBUSDT | now=208.6100 | entry=214.4700 | PnL=-2.73%
2026-06-16 20:11:40,699 [INFO] [DATA] UNIUSDT | now=2.9770 | entry=2.9650 | PnL=+0.40%
2026-06-16 20:11:40,832 [INFO] [DATA] XPLUSDT | now=0.0939 | entry=0.0939 | PnL=+0.00%
2026-06-16 20:11:40,961 [INFO] [DATA] RLUSDUSDT | now=1.0007 | entry=1.0008 | PnL=-0.01%
2026-06-16 20:11:41,096 [INFO] [DATA] ALLOUSDT | now=0.3996 | entry=0.3978 | PnL=+0.45%
2026-06-16 20:11:41,240 [INFO] [DATA] INJUSDT | now=5.7890 | entry=5.7290 | PnL=+1.05%
2026-06-16 20:11:41,374 [INFO] [DATA] ASTERUSDT | now=0.6560 | entry=0.6530 | PnL=+0.46%
2026-06-16 20:11:41,374 [INFO] [INVENTORY] 10/10 slots used — 0 vacant.
2026-06-16 20:11:41,374 [INFO] [STANDBY] Maximum capacity reached.
2026-06-16 20:11:41,374 [INFO] [SLEEP] Sleeping for 120s…
2026-06-16 20:13:41,376 [INFO] ======================================================================
2026-06-16 20:13:41,376 [INFO] [LOOP] Cycle #91 | 2026-06-16 20:13:41
2026-06-16 20:13:41,376 [INFO] [MONITOR] Evaluating 10 open positions…
2026-06-16 20:13:41,512 [INFO] [DATA] TRXUSDT | now=0.3168 | entry=0.3173 | PnL=-0.16%
2026-06-16 20:13:41,647 [INFO] [DATA] XLMUSDT | now=0.2195 | entry=0.2226 | PnL=-1.39%
2026-06-16 20:13:41,768 [INFO] [DATA] BABYUSDT | now=0.0171 | entry=0.0174 | PnL=-1.66%
2026-06-16 20:13:41,909 [INFO] [DATA] SPCXBUSDT | now=207.0500 | entry=214.4700 | PnL=-3.46%
2026-06-16 20:13:42,043 [INFO] [DATA] UNIUSDT | now=2.9670 | entry=2.9650 | PnL=+0.07%
2026-06-16 20:13:42,181 [INFO] [DATA] XPLUSDT | now=0.0938 | entry=0.0939 | PnL=-0.11%
2026-06-16 20:13:42,305 [INFO] [DATA] RLUSDUSDT | now=1.0007 | entry=1.0008 | PnL=-0.01%
2026-06-16 20:13:42,447 [INFO] [DATA] ALLOUSDT | now=0.4001 | entry=0.3978 | PnL=+0.58%
2026-06-16 20:13:42,573 [INFO] [DATA] INJUSDT | now=5.7650 | entry=5.7290 | PnL=+0.63%
2026-06-16 20:13:42,722 [INFO] [DATA] ASTERUSDT | now=0.6550 | entry=0.6530 | PnL=+0.31%
2026-06-16 20:13:42,722 [INFO] [INVENTORY] 10/10 slots used — 0 vacant.
2026-06-16 20:13:42,722 [INFO] [STANDBY] Maximum capacity reached.
2026-06-16 20:13:42,722 [INFO] [SLEEP] Sleeping for 120s…
2026-06-16 20:15:42,724 [INFO] ======================================================================
2026-06-16 20:15:42,724 [INFO] [LOOP] Cycle #92 | 2026-06-16 20:15:42
2026-06-16 20:15:42,724 [INFO] [MONITOR] Evaluating 10 open positions…
2026-06-16 20:15:42,860 [INFO] [DATA] TRXUSDT | now=0.3168 | entry=0.3173 | PnL=-0.16%
2026-06-16 20:15:42,994 [INFO] [DATA] XLMUSDT | now=0.2194 | entry=0.2226 | PnL=-1.44%
2026-06-16 20:15:43,126 [INFO] [DATA] BABYUSDT | now=0.0172 | entry=0.0174 | PnL=-1.49%
2026-06-16 20:15:43,254 [INFO] [DATA] SPCXBUSDT | now=208.2500 | entry=214.4700 | PnL=-2.90%
2026-06-16 20:15:43,401 [INFO] [DATA] UNIUSDT | now=2.9690 | entry=2.9650 | PnL=+0.13%
2026-06-16 20:15:43,533 [INFO] [DATA] XPLUSDT | now=0.0934 | entry=0.0939 | PnL=-0.53%
2026-06-16 20:15:43,667 [INFO] [DATA] RLUSDUSDT | now=1.0008 | entry=1.0008 | PnL=+0.00%
2026-06-16 20:15:43,789 [INFO] [DATA] ALLOUSDT | now=0.3999 | entry=0.3978 | PnL=+0.53%
2026-06-16 20:15:43,932 [INFO] [DATA] INJUSDT | now=5.7680 | entry=5.7290 | PnL=+0.68%
2026-06-16 20:15:44,061 [INFO] [DATA] ASTERUSDT | now=0.6560 | entry=0.6530 | PnL=+0.46%
2026-06-16 20:15:44,061 [INFO] [INVENTORY] 10/10 slots used — 0 vacant.
2026-06-16 20:15:44,061 [INFO] [STANDBY] Maximum capacity reached.
2026-06-16 20:15:44,061 [INFO] [SLEEP] Sleeping for 120s…
2026-06-16 20:17:44,066 [INFO] ======================================================================
2026-06-16 20:17:44,066 [INFO] [LOOP] Cycle #93 | 2026-06-16 20:17:44
2026-06-16 20:17:44,066 [INFO] [MONITOR] Evaluating 10 open positions…
2026-06-16 20:17:44,199 [INFO] [DATA] TRXUSDT | now=0.3169 | entry=0.3173 | PnL=-0.13%
2026-06-16 20:17:44,332 [INFO] [DATA] XLMUSDT | now=0.2202 | entry=0.2226 | PnL=-1.08%
2026-06-16 20:17:44,453 [INFO] [DATA] BABYUSDT | now=0.0172 | entry=0.0174 | PnL=-1.49%
2026-06-16 20:17:44,590 [INFO] [DATA] SPCXBUSDT | now=209.4700 | entry=214.4700 | PnL=-2.33%
2026-06-16 20:17:44,737 [INFO] [DATA] UNIUSDT | now=2.9610 | entry=2.9650 | PnL=-0.13%
2026-06-16 20:17:44,872 [INFO] [DATA] XPLUSDT | now=0.0929 | entry=0.0939 | PnL=-1.06%
2026-06-16 20:17:45,006 [INFO] [DATA] RLUSDUSDT | now=1.0009 | entry=1.0008 | PnL=+0.01%
2026-06-16 20:17:45,126 [INFO] [DATA] ALLOUSDT | now=0.3992 | entry=0.3978 | PnL=+0.35%
2026-06-16 20:17:45,268 [INFO] [DATA] INJUSDT | now=5.7480 | entry=5.7290 | PnL=+0.33%
2026-06-16 20:17:45,388 [INFO] [DATA] ASTERUSDT | now=0.6550 | entry=0.6530 | PnL=+0.31%
2026-06-16 20:17:45,388 [INFO] [INVENTORY] 10/10 slots used — 0 vacant.
2026-06-16 20:17:45,388 [INFO] [STANDBY] Maximum capacity reached.
2026-06-16 20:17:45,388 [INFO] [SLEEP] Sleeping for 120s…
2026-06-16 20:19:45,400 [INFO] ======================================================================
2026-06-16 20:19:45,400 [INFO] [LOOP] Cycle #94 | 2026-06-16 20:19:45
2026-06-16 20:19:45,400 [INFO] [MONITOR] Evaluating 10 open positions…
2026-06-16 20:19:45,535 [INFO] [DATA] TRXUSDT | now=0.3169 | entry=0.3173 | PnL=-0.13%
2026-06-16 20:19:45,668 [INFO] [DATA] XLMUSDT | now=0.2203 | entry=0.2226 | PnL=-1.03%
2026-06-16 20:19:45,798 [INFO] [DATA] BABYUSDT | now=0.0171 | entry=0.0174 | PnL=-1.78%
2026-06-16 20:19:45,938 [INFO] [DATA] SPCXBUSDT | now=211.0100 | entry=214.4700 | PnL=-1.61%
2026-06-16 20:19:46,072 [INFO] [DATA] UNIUSDT | now=2.9620 | entry=2.9650 | PnL=-0.10%
2026-06-16 20:19:46,203 [INFO] [DATA] XPLUSDT | now=0.0925 | entry=0.0939 | PnL=-1.49%
2026-06-16 20:19:46,345 [INFO] [DATA] RLUSDUSDT | now=1.0009 | entry=1.0008 | PnL=+0.01%
2026-06-16 20:19:46,464 [INFO] [DATA] ALLOUSDT | now=0.3999 | entry=0.3978 | PnL=+0.53%
2026-06-16 20:19:46,610 [INFO] [DATA] INJUSDT | now=5.7450 | entry=5.7290 | PnL=+0.28%
2026-06-16 20:19:46,735 [INFO] [DATA] ASTERUSDT | now=0.6540 | entry=0.6530 | PnL=+0.15%
2026-06-16 20:19:46,735 [INFO] [INVENTORY] 10/10 slots used — 0 vacant.
2026-06-16 20:19:46,735 [INFO] [STANDBY] Maximum capacity reached.
2026-06-16 20:19:46,735 [INFO] [SLEEP] Sleeping for 120s…
2026-06-16 20:21:46,745 [INFO] ======================================================================
2026-06-16 20:21:46,745 [INFO] [LOOP] Cycle #95 | 2026-06-16 20:21:46
2026-06-16 20:21:46,745 [INFO] [MONITOR] Evaluating 10 open positions…
2026-06-16 20:21:46,877 [INFO] [DATA] TRXUSDT | now=0.3168 | entry=0.3173 | PnL=-0.16%
2026-06-16 20:21:47,007 [INFO] [DATA] XLMUSDT | now=0.2207 | entry=0.2226 | PnL=-0.85%
2026-06-16 20:21:47,142 [INFO] [DATA] BABYUSDT | now=0.0172 | entry=0.0174 | PnL=-1.61%
2026-06-16 20:21:47,274 [INFO] [DATA] SPCXBUSDT | now=212.2600 | entry=214.4700 | PnL=-1.03%
2026-06-16 20:21:47,409 [INFO] [DATA] UNIUSDT | now=2.9620 | entry=2.9650 | PnL=-0.10%
2026-06-16 20:21:47,537 [INFO] [DATA] XPLUSDT | now=0.0924 | entry=0.0939 | PnL=-1.60%
2026-06-16 20:21:47,683 [INFO] [DATA] RLUSDUSDT | now=1.0009 | entry=1.0008 | PnL=+0.01%
2026-06-16 20:21:47,814 [INFO] [DATA] ALLOUSDT | now=0.3980 | entry=0.3978 | PnL=+0.05%
2026-06-16 20:21:47,951 [INFO] [DATA] INJUSDT | now=5.7440 | entry=5.7290 | PnL=+0.26%
2026-06-16 20:21:48,082 [INFO] [DATA] ASTERUSDT | now=0.6530 | entry=0.6530 | PnL=+0.00%
2026-06-16 20:21:48,082 [INFO] [INVENTORY] 10/10 slots used — 0 vacant.
2026-06-16 20:21:48,082 [INFO] [STANDBY] Maximum capacity reached.
2026-06-16 20:21:48,082 [INFO] [SLEEP] Sleeping for 120s…
2026-06-16 20:23:48,086 [INFO] ======================================================================
2026-06-16 20:23:48,086 [INFO] [LOOP] Cycle #96 | 2026-06-16 20:23:48
2026-06-16 20:23:48,086 [INFO] [MONITOR] Evaluating 10 open positions…
2026-06-16 20:23:48,221 [INFO] [DATA] TRXUSDT | now=0.3167 | entry=0.3173 | PnL=-0.19%
2026-06-16 20:23:48,349 [INFO] [DATA] XLMUSDT | now=0.2208 | entry=0.2226 | PnL=-0.81%
2026-06-16 20:23:48,490 [INFO] [DATA] BABYUSDT | now=0.0171 | entry=0.0174 | PnL=-1.78%
2026-06-16 20:23:48,621 [INFO] [DATA] SPCXBUSDT | now=210.5500 | entry=214.4700 | PnL=-1.83%
2026-06-16 20:23:48,755 [INFO] [DATA] UNIUSDT | now=2.9580 | entry=2.9650 | PnL=-0.24%
2026-06-16 20:23:48,876 [INFO] [DATA] XPLUSDT | now=0.0923 | entry=0.0939 | PnL=-1.70%
2026-06-16 20:23:49,024 [INFO] [DATA] RLUSDUSDT | now=1.0008 | entry=1.0008 | PnL=+0.00%
2026-06-16 20:23:49,158 [INFO] [DATA] ALLOUSDT | now=0.3952 | entry=0.3978 | PnL=-0.65%
2026-06-16 20:23:49,281 [INFO] [DATA] INJUSDT | now=5.7230 | entry=5.7290 | PnL=-0.10%
2026-06-16 20:23:49,432 [INFO] [DATA] ASTERUSDT | now=0.6540 | entry=0.6530 | PnL=+0.15%
2026-06-16 20:23:49,432 [INFO] [INVENTORY] 10/10 slots used — 0 vacant.
2026-06-16 20:23:49,432 [INFO] [STANDBY] Maximum capacity reached.
2026-06-16 20:23:49,432 [INFO] [SLEEP] Sleeping for 120s…
2026-06-16 20:25:49,433 [INFO] ======================================================================
2026-06-16 20:25:49,433 [INFO] [LOOP] Cycle #97 | 2026-06-16 20:25:49
2026-06-16 20:25:49,433 [INFO] [MONITOR] Evaluating 10 open positions…
2026-06-16 20:25:49,566 [INFO] [DATA] TRXUSDT | now=0.3167 | entry=0.3173 | PnL=-0.19%
2026-06-16 20:25:49,702 [INFO] [DATA] XLMUSDT | now=0.2203 | entry=0.2226 | PnL=-1.03%
2026-06-16 20:25:49,831 [INFO] [DATA] BABYUSDT | now=0.0171 | entry=0.0174 | PnL=-1.66%
2026-06-16 20:25:49,954 [INFO] [DATA] SPCXBUSDT | now=209.7800 | entry=214.4700 | PnL=-2.19%
2026-06-16 20:25:50,086 [INFO] [DATA] UNIUSDT | now=2.9570 | entry=2.9650 | PnL=-0.27%
2026-06-16 20:25:50,231 [INFO] [DATA] XPLUSDT | now=0.0921 | entry=0.0939 | PnL=-1.92%
2026-06-16 20:25:50,363 [INFO] [DATA] RLUSDUSDT | now=1.0007 | entry=1.0008 | PnL=-0.01%
2026-06-16 20:25:50,500 [INFO] [DATA] ALLOUSDT | now=0.3943 | entry=0.3978 | PnL=-0.88%
2026-06-16 20:25:50,634 [INFO] [DATA] INJUSDT | now=5.6970 | entry=5.7290 | PnL=-0.56%
2026-06-16 20:25:50,768 [INFO] [DATA] ASTERUSDT | now=0.6530 | entry=0.6530 | PnL=+0.00%
2026-06-16 20:25:50,768 [INFO] [INVENTORY] 10/10 slots used — 0 vacant.
2026-06-16 20:25:50,768 [INFO] [STANDBY] Maximum capacity reached.
2026-06-16 20:25:50,768 [INFO] [SLEEP] Sleeping for 120s…
2026-06-16 20:27:50,770 [INFO] ======================================================================
2026-06-16 20:27:50,770 [INFO] [LOOP] Cycle #98 | 2026-06-16 20:27:50
2026-06-16 20:27:50,770 [INFO] [MONITOR] Evaluating 10 open positions…
2026-06-16 20:27:50,904 [INFO] [DATA] TRXUSDT | now=0.3169 | entry=0.3173 | PnL=-0.13%
2026-06-16 20:27:51,030 [INFO] [DATA] XLMUSDT | now=0.2205 | entry=0.2226 | PnL=-0.94%
2026-06-16 20:27:51,168 [INFO] [DATA] BABYUSDT | now=0.0171 | entry=0.0174 | PnL=-1.83%
2026-06-16 20:27:51,308 [INFO] [DATA] SPCXBUSDT | now=208.7200 | entry=214.4700 | PnL=-2.68%
2026-06-16 20:27:51,444 [INFO] [DATA] UNIUSDT | now=2.9590 | entry=2.9650 | PnL=-0.20%
2026-06-16 20:27:51,577 [INFO] [DATA] XPLUSDT | now=0.0925 | entry=0.0939 | PnL=-1.49%
2026-06-16 20:27:51,696 [INFO] [DATA] RLUSDUSDT | now=1.0007 | entry=1.0008 | PnL=-0.01%
2026-06-16 20:27:51,828 [INFO] [DATA] ALLOUSDT | now=0.3955 | entry=0.3978 | PnL=-0.58%
2026-06-16 20:27:51,973 [INFO] [DATA] INJUSDT | now=5.6990 | entry=5.7290 | PnL=-0.52%
2026-06-16 20:27:52,107 [INFO] [DATA] ASTERUSDT | now=0.6540 | entry=0.6530 | PnL=+0.15%
2026-06-16 20:27:52,107 [INFO] [INVENTORY] 10/10 slots used — 0 vacant.
2026-06-16 20:27:52,107 [INFO] [STANDBY] Maximum capacity reached.
2026-06-16 20:27:52,107 [INFO] [SLEEP] Sleeping for 120s…
2026-06-16 20:29:52,109 [INFO] ======================================================================
2026-06-16 20:29:52,109 [INFO] [LOOP] Cycle #99 | 2026-06-16 20:29:52
2026-06-16 20:29:52,109 [INFO] [MONITOR] Evaluating 10 open positions…
2026-06-16 20:29:52,244 [INFO] [DATA] TRXUSDT | now=0.3170 | entry=0.3173 | PnL=-0.09%
2026-06-16 20:29:52,381 [INFO] [DATA] XLMUSDT | now=0.2203 | entry=0.2226 | PnL=-1.03%
2026-06-16 20:29:52,515 [INFO] [DATA] BABYUSDT | now=0.0171 | entry=0.0174 | PnL=-1.72%
2026-06-16 20:29:52,649 [INFO] [DATA] SPCXBUSDT | now=208.0900 | entry=214.4700 | PnL=-2.97%
2026-06-16 20:29:52,774 [INFO] [DATA] UNIUSDT | now=2.9620 | entry=2.9650 | PnL=-0.10%
2026-06-16 20:29:52,904 [INFO] [DATA] XPLUSDT | now=0.0925 | entry=0.0939 | PnL=-1.49%
2026-06-16 20:29:53,042 [INFO] [DATA] RLUSDUSDT | now=1.0007 | entry=1.0008 | PnL=-0.01%
2026-06-16 20:29:53,180 [INFO] [DATA] ALLOUSDT | now=0.3958 | entry=0.3978 | PnL=-0.50%
2026-06-16 20:29:53,305 [INFO] [DATA] INJUSDT | now=5.6800 | entry=5.7290 | PnL=-0.86%
2026-06-16 20:29:53,449 [INFO] [DATA] ASTERUSDT | now=0.6550 | entry=0.6530 | PnL=+0.31%
2026-06-16 20:29:53,449 [INFO] [INVENTORY] 10/10 slots used — 0 vacant.
2026-06-16 20:29:53,449 [INFO] [STANDBY] Maximum capacity reached.
2026-06-16 20:29:53,449 [INFO] [SLEEP] Sleeping for 120s…
2026-06-16 20:31:53,453 [INFO] ======================================================================
2026-06-16 20:31:53,453 [INFO] [LOOP] Cycle #100 | 2026-06-16 20:31:53
2026-06-16 20:31:53,453 [INFO] [MONITOR] Evaluating 10 open positions…
2026-06-16 20:31:53,587 [INFO] [DATA] TRXUSDT | now=0.3171 | entry=0.3173 | PnL=-0.06%
2026-06-16 20:31:53,715 [INFO] [DATA] XLMUSDT | now=0.2212 | entry=0.2226 | PnL=-0.63%
2026-06-16 20:31:53,840 [INFO] [DATA] BABYUSDT | now=0.0174 | entry=0.0174 | PnL=-0.40%
2026-06-16 20:31:53,985 [INFO] [DATA] SPCXBUSDT | now=206.7900 | entry=214.4700 | PnL=-3.58%
2026-06-16 20:31:54,120 [INFO] [DATA] UNIUSDT | now=2.9690 | entry=2.9650 | PnL=+0.13%
2026-06-16 20:31:54,255 [INFO] [DATA] XPLUSDT | now=0.0924 | entry=0.0939 | PnL=-1.60%
2026-06-16 20:31:54,387 [INFO] [DATA] RLUSDUSDT | now=1.0008 | entry=1.0008 | PnL=+0.00%
2026-06-16 20:31:54,525 [INFO] [DATA] ALLOUSDT | now=0.3965 | entry=0.3978 | PnL=-0.33%
2026-06-16 20:31:54,660 [INFO] [DATA] INJUSDT | now=5.6780 | entry=5.7290 | PnL=-0.89%
2026-06-16 20:31:54,792 [INFO] [DATA] ASTERUSDT | now=0.6570 | entry=0.6530 | PnL=+0.61%
2026-06-16 20:31:54,792 [INFO] [INVENTORY] 10/10 slots used — 0 vacant.
2026-06-16 20:31:54,792 [INFO] [STANDBY] Maximum capacity reached.
2026-06-16 20:31:54,792 [INFO] [SLEEP] Sleeping for 120s…
2026-06-16 20:33:54,799 [INFO] ======================================================================
2026-06-16 20:33:54,799 [INFO] [LOOP] Cycle #101 | 2026-06-16 20:33:54
2026-06-16 20:33:54,799 [INFO] [MONITOR] Evaluating 10 open positions…
2026-06-16 20:33:54,934 [INFO] [DATA] TRXUSDT | now=0.3171 | entry=0.3173 | PnL=-0.06%
2026-06-16 20:33:55,057 [INFO] [DATA] XLMUSDT | now=0.2196 | entry=0.2226 | PnL=-1.35%
2026-06-16 20:33:55,204 [INFO] [DATA] BABYUSDT | now=0.0173 | entry=0.0174 | PnL=-0.80%
2026-06-16 20:33:55,335 [INFO] [DATA] SPCXBUSDT | now=208.4900 | entry=214.4700 | PnL=-2.79%
2026-06-16 20:33:55,473 [INFO] [DATA] UNIUSDT | now=2.9550 | entry=2.9650 | PnL=-0.34%
2026-06-16 20:33:55,605 [INFO] [DATA] XPLUSDT | now=0.0916 | entry=0.0939 | PnL=-2.45%
2026-06-16 20:33:55,742 [INFO] [DATA] RLUSDUSDT | now=1.0008 | entry=1.0008 | PnL=+0.00%
2026-06-16 20:33:55,872 [INFO] [DATA] ALLOUSDT | now=0.3966 | entry=0.3978 | PnL=-0.30%
2026-06-16 20:33:55,994 [INFO] [DATA] INJUSDT | now=5.6470 | entry=5.7290 | PnL=-1.43%
2026-06-16 20:33:56,135 [INFO] [DATA] ASTERUSDT | now=0.6550 | entry=0.6530 | PnL=+0.31%
2026-06-16 20:33:56,136 [INFO] [INVENTORY] 10/10 slots used — 0 vacant.
2026-06-16 20:33:56,136 [INFO] [STANDBY] Maximum capacity reached.
2026-06-16 20:33:56,136 [INFO] [SLEEP] Sleeping for 120s…
2026-06-16 20:35:56,138 [INFO] ======================================================================
2026-06-16 20:35:56,138 [INFO] [LOOP] Cycle #102 | 2026-06-16 20:35:56
2026-06-16 20:35:56,138 [INFO] [MONITOR] Evaluating 10 open positions…
2026-06-16 20:35:56,270 [INFO] [DATA] TRXUSDT | now=0.3171 | entry=0.3173 | PnL=-0.06%
2026-06-16 20:35:56,398 [INFO] [DATA] XLMUSDT | now=0.2210 | entry=0.2226 | PnL=-0.72%
2026-06-16 20:35:56,536 [INFO] [DATA] BABYUSDT | now=0.0174 | entry=0.0174 | PnL=-0.40%
2026-06-16 20:35:56,667 [INFO] [DATA] SPCXBUSDT | now=207.9100 | entry=214.4700 | PnL=-3.06%
2026-06-16 20:35:56,800 [INFO] [DATA] UNIUSDT | now=2.9670 | entry=2.9650 | PnL=+0.07%
2026-06-16 20:35:56,931 [INFO] [DATA] XPLUSDT | now=0.0915 | entry=0.0939 | PnL=-2.56%
2026-06-16 20:35:57,075 [INFO] [DATA] RLUSDUSDT | now=1.0008 | entry=1.0008 | PnL=+0.00%
2026-06-16 20:35:57,200 [INFO] [DATA] ALLOUSDT | now=0.3981 | entry=0.3978 | PnL=+0.08%
2026-06-16 20:35:57,338 [INFO] [DATA] INJUSDT | now=5.6580 | entry=5.7290 | PnL=-1.24%
2026-06-16 20:35:57,476 [INFO] [DATA] ASTERUSDT | now=0.6560 | entry=0.6530 | PnL=+0.46%
2026-06-16 20:35:57,476 [INFO] [INVENTORY] 10/10 slots used — 0 vacant.
2026-06-16 20:35:57,476 [INFO] [STANDBY] Maximum capacity reached.
2026-06-16 20:35:57,476 [INFO] [SLEEP] Sleeping for 120s…
2026-06-16 20:37:57,477 [INFO] ======================================================================
2026-06-16 20:37:57,477 [INFO] [LOOP] Cycle #103 | 2026-06-16 20:37:57
2026-06-16 20:37:57,477 [INFO] [MONITOR] Evaluating 10 open positions…
2026-06-16 20:37:57,611 [INFO] [DATA] TRXUSDT | now=0.3171 | entry=0.3173 | PnL=-0.06%
2026-06-16 20:37:57,735 [INFO] [DATA] XLMUSDT | now=0.2209 | entry=0.2226 | PnL=-0.76%
2026-06-16 20:37:57,880 [INFO] [DATA] BABYUSDT | now=0.0174 | entry=0.0174 | PnL=-0.46%
2026-06-16 20:37:58,016 [INFO] [DATA] SPCXBUSDT | now=209.0300 | entry=214.4700 | PnL=-2.54%
2026-06-16 20:37:58,150 [INFO] [DATA] UNIUSDT | now=2.9760 | entry=2.9650 | PnL=+0.37%
2026-06-16 20:37:58,275 [INFO] [DATA] XPLUSDT | now=0.0915 | entry=0.0939 | PnL=-2.56%
2026-06-16 20:37:58,419 [INFO] [DATA] RLUSDUSDT | now=1.0008 | entry=1.0008 | PnL=+0.00%
2026-06-16 20:37:58,549 [INFO] [DATA] ALLOUSDT | now=0.3993 | entry=0.3978 | PnL=+0.38%
2026-06-16 20:37:58,685 [INFO] [DATA] INJUSDT | now=5.6690 | entry=5.7290 | PnL=-1.05%
2026-06-16 20:37:58,812 [INFO] [DATA] ASTERUSDT | now=0.6570 | entry=0.6530 | PnL=+0.61%
2026-06-16 20:37:58,812 [INFO] [INVENTORY] 10/10 slots used — 0 vacant.
2026-06-16 20:37:58,812 [INFO] [STANDBY] Maximum capacity reached.
2026-06-16 20:37:58,812 [INFO] [SLEEP] Sleeping for 120s…
2026-06-16 20:39:58,819 [INFO] ======================================================================
2026-06-16 20:39:58,819 [INFO] [LOOP] Cycle #104 | 2026-06-16 20:39:58
2026-06-16 20:39:58,819 [INFO] [MONITOR] Evaluating 10 open positions…
2026-06-16 20:39:58,948 [INFO] [DATA] TRXUSDT | now=0.3172 | entry=0.3173 | PnL=-0.03%
2026-06-16 20:39:59,079 [INFO] [DATA] XLMUSDT | now=0.2202 | entry=0.2226 | PnL=-1.08%
2026-06-16 20:39:59,203 [INFO] [DATA] BABYUSDT | now=0.0174 | entry=0.0174 | PnL=-0.34%
2026-06-16 20:39:59,352 [INFO] [DATA] SPCXBUSDT | now=210.0100 | entry=214.4700 | PnL=-2.08%
2026-06-16 20:39:59,483 [INFO] [DATA] UNIUSDT | now=2.9800 | entry=2.9650 | PnL=+0.51%
2026-06-16 20:39:59,617 [INFO] [DATA] XPLUSDT | now=0.0916 | entry=0.0939 | PnL=-2.45%
2026-06-16 20:39:59,751 [INFO] [DATA] RLUSDUSDT | now=1.0007 | entry=1.0008 | PnL=-0.01%
2026-06-16 20:39:59,890 [INFO] [DATA] ALLOUSDT | now=0.3991 | entry=0.3978 | PnL=+0.33%
2026-06-16 20:40:00,022 [INFO] [DATA] INJUSDT | now=5.6860 | entry=5.7290 | PnL=-0.75%
2026-06-16 20:40:00,157 [INFO] [DATA] ASTERUSDT | now=0.6580 | entry=0.6530 | PnL=+0.77%
2026-06-16 20:40:00,157 [INFO] [INVENTORY] 10/10 slots used — 0 vacant.
2026-06-16 20:40:00,158 [INFO] [STANDBY] Maximum capacity reached.
2026-06-16 20:40:00,158 [INFO] [SLEEP] Sleeping for 120s…
2026-06-16 20:42:00,159 [INFO] ======================================================================
2026-06-16 20:42:00,159 [INFO] [LOOP] Cycle #105 | 2026-06-16 20:42:00
2026-06-16 20:42:00,160 [INFO] [MONITOR] Evaluating 10 open positions…
2026-06-16 20:42:00,293 [INFO] [DATA] TRXUSDT | now=0.3171 | entry=0.3173 | PnL=-0.06%
2026-06-16 20:42:00,426 [INFO] [DATA] XLMUSDT | now=0.2201 | entry=0.2226 | PnL=-1.12%
2026-06-16 20:42:00,558 [INFO] [DATA] BABYUSDT | now=0.0175 | entry=0.0174 | PnL=+0.11%
2026-06-16 20:42:00,697 [INFO] [DATA] SPCXBUSDT | now=210.1400 | entry=214.4700 | PnL=-2.02%
2026-06-16 20:42:00,831 [INFO] [DATA] UNIUSDT | now=2.9840 | entry=2.9650 | PnL=+0.64%
2026-06-16 20:42:00,959 [INFO] [DATA] XPLUSDT | now=0.0921 | entry=0.0939 | PnL=-1.92%
2026-06-16 20:42:01,101 [INFO] [DATA] RLUSDUSDT | now=1.0008 | entry=1.0008 | PnL=+0.00%
2026-06-16 20:42:01,236 [INFO] [DATA] ALLOUSDT | now=0.3966 | entry=0.3978 | PnL=-0.30%
2026-06-16 20:42:01,356 [INFO] [DATA] INJUSDT | now=5.6810 | entry=5.7290 | PnL=-0.84%
2026-06-16 20:42:01,487 [INFO] [DATA] ASTERUSDT | now=0.6580 | entry=0.6530 | PnL=+0.77%
2026-06-16 20:42:01,487 [INFO] [INVENTORY] 10/10 slots used — 0 vacant.
2026-06-16 20:42:01,487 [INFO] [STANDBY] Maximum capacity reached.
2026-06-16 20:42:01,487 [INFO] [SLEEP] Sleeping for 120s…
2026-06-16 20:44:01,502 [INFO] ======================================================================
2026-06-16 20:44:01,502 [INFO] [LOOP] Cycle #106 | 2026-06-16 20:44:01
2026-06-16 20:44:01,502 [INFO] [MONITOR] Evaluating 10 open positions…
2026-06-16 20:44:01,636 [INFO] [DATA] TRXUSDT | now=0.3172 | entry=0.3173 | PnL=-0.03%
2026-06-16 20:44:01,771 [INFO] [DATA] XLMUSDT | now=0.2201 | entry=0.2226 | PnL=-1.12%
2026-06-16 20:44:01,891 [INFO] [DATA] BABYUSDT | now=0.0174 | entry=0.0174 | PnL=+0.00%
2026-06-16 20:44:02,033 [INFO] [DATA] SPCXBUSDT | now=209.6400 | entry=214.4700 | PnL=-2.25%
2026-06-16 20:44:02,170 [INFO] [DATA] UNIUSDT | now=2.9940 | entry=2.9650 | PnL=+0.98%
2026-06-16 20:44:02,303 [INFO] [DATA] XPLUSDT | now=0.0931 | entry=0.0939 | PnL=-0.85%
2026-06-16 20:44:02,424 [INFO] [DATA] RLUSDUSDT | now=1.0008 | entry=1.0008 | PnL=+0.00%
2026-06-16 20:44:02,570 [INFO] [DATA] ALLOUSDT | now=0.3971 | entry=0.3978 | PnL=-0.18%
2026-06-16 20:44:02,696 [INFO] [DATA] INJUSDT | now=5.6770 | entry=5.7290 | PnL=-0.91%
2026-06-16 20:44:02,837 [INFO] [DATA] ASTERUSDT | now=0.6590 | entry=0.6530 | PnL=+0.92%
2026-06-16 20:44:02,837 [INFO] [INVENTORY] 10/10 slots used — 0 vacant.
2026-06-16 20:44:02,837 [INFO] [STANDBY] Maximum capacity reached.
2026-06-16 20:44:02,837 [INFO] [SLEEP] Sleeping for 120s…
2026-06-16 20:46:02,840 [INFO] ======================================================================
2026-06-16 20:46:02,840 [INFO] [LOOP] Cycle #107 | 2026-06-16 20:46:02
2026-06-16 20:46:02,840 [INFO] [MONITOR] Evaluating 10 open positions…
2026-06-16 20:46:02,978 [INFO] [DATA] TRXUSDT | now=0.3171 | entry=0.3173 | PnL=-0.06%
2026-06-16 20:46:03,113 [INFO] [DATA] XLMUSDT | now=0.2197 | entry=0.2226 | PnL=-1.30%
2026-06-16 20:46:03,244 [INFO] [DATA] BABYUSDT | now=0.0174 | entry=0.0174 | PnL=-0.11%
2026-06-16 20:46:03,379 [INFO] [DATA] SPCXBUSDT | now=210.5500 | entry=214.4700 | PnL=-1.83%
2026-06-16 20:46:03,505 [INFO] [DATA] UNIUSDT | now=2.9900 | entry=2.9650 | PnL=+0.84%
2026-06-16 20:46:03,651 [INFO] [DATA] XPLUSDT | now=0.0922 | entry=0.0939 | PnL=-1.81%
2026-06-16 20:46:03,784 [INFO] [DATA] RLUSDUSDT | now=1.0008 | entry=1.0008 | PnL=+0.00%
2026-06-16 20:46:03,914 [INFO] [DATA] ALLOUSDT | now=0.3981 | entry=0.3978 | PnL=+0.08%
2026-06-16 20:46:04,037 [INFO] [DATA] INJUSDT | now=5.6700 | entry=5.7290 | PnL=-1.03%
2026-06-16 20:46:04,179 [INFO] [DATA] ASTERUSDT | now=0.6570 | entry=0.6530 | PnL=+0.61%
2026-06-16 20:46:04,179 [INFO] [INVENTORY] 10/10 slots used — 0 vacant.
2026-06-16 20:46:04,179 [INFO] [STANDBY] Maximum capacity reached.
2026-06-16 20:46:04,179 [INFO] [SLEEP] Sleeping for 120s…
2026-06-16 20:48:04,181 [INFO] ======================================================================
2026-06-16 20:48:04,181 [INFO] [LOOP] Cycle #108 | 2026-06-16 20:48:04
2026-06-16 20:48:04,181 [INFO] [MONITOR] Evaluating 10 open positions…
2026-06-16 20:48:04,317 [INFO] [DATA] TRXUSDT | now=0.3172 | entry=0.3173 | PnL=-0.03%
2026-06-16 20:48:04,442 [INFO] [DATA] XLMUSDT | now=0.2205 | entry=0.2226 | PnL=-0.94%
2026-06-16 20:48:04,587 [INFO] [DATA] BABYUSDT | now=0.0174 | entry=0.0174 | PnL=-0.40%
2026-06-16 20:48:04,723 [INFO] [DATA] SPCXBUSDT | now=209.0000 | entry=214.4700 | PnL=-2.55%
2026-06-16 20:48:04,845 [INFO] [DATA] UNIUSDT | now=3.0020 | entry=2.9650 | PnL=+1.25%
2026-06-16 20:48:04,973 [INFO] [DATA] XPLUSDT | now=0.0920 | entry=0.0939 | PnL=-2.02%
2026-06-16 20:48:05,119 [INFO] [DATA] RLUSDUSDT | now=1.0008 | entry=1.0008 | PnL=+0.00%
2026-06-16 20:48:05,256 [INFO] [DATA] ALLOUSDT | now=0.3991 | entry=0.3978 | PnL=+0.33%
2026-06-16 20:48:05,389 [INFO] [DATA] INJUSDT | now=5.6640 | entry=5.7290 | PnL=-1.13%
2026-06-16 20:48:05,522 [INFO] [DATA] ASTERUSDT | now=0.6570 | entry=0.6530 | PnL=+0.61%
2026-06-16 20:48:05,523 [INFO] [INVENTORY] 10/10 slots used — 0 vacant.
2026-06-16 20:48:05,523 [INFO] [STANDBY] Maximum capacity reached.
2026-06-16 20:48:05,523 [INFO] [SLEEP] Sleeping for 120s…
2026-06-16 20:50:05,523 [INFO] ======================================================================
2026-06-16 20:50:05,523 [INFO] [LOOP] Cycle #109 | 2026-06-16 20:50:05
2026-06-16 20:50:05,523 [INFO] [COOLDOWN] Lockout expired for SOLUSDT.
2026-06-16 20:50:05,523 [INFO] [MONITOR] Evaluating 10 open positions…
2026-06-16 20:50:05,656 [INFO] [DATA] TRXUSDT | now=0.3173 | entry=0.3173 | PnL=+0.00%
2026-06-16 20:50:05,783 [INFO] [DATA] XLMUSDT | now=0.2198 | entry=0.2226 | PnL=-1.26%
2026-06-16 20:50:05,909 [INFO] [DATA] BABYUSDT | now=0.0173 | entry=0.0174 | PnL=-0.63%
2026-06-16 20:50:06,058 [INFO] [DATA] SPCXBUSDT | now=209.5000 | entry=214.4700 | PnL=-2.32%
2026-06-16 20:50:06,181 [INFO] [DATA] UNIUSDT | now=3.0070 | entry=2.9650 | PnL=+1.42%
2026-06-16 20:50:06,326 [INFO] [DATA] XPLUSDT | now=0.0916 | entry=0.0939 | PnL=-2.45%
2026-06-16 20:50:06,460 [INFO] [DATA] RLUSDUSDT | now=1.0008 | entry=1.0008 | PnL=+0.00%
2026-06-16 20:50:06,599 [INFO] [DATA] ALLOUSDT | now=0.4001 | entry=0.3978 | PnL=+0.58%
2026-06-16 20:50:06,735 [INFO] [DATA] INJUSDT | now=5.6400 | entry=5.7290 | PnL=-1.55%
2026-06-16 20:50:06,856 [INFO] [DATA] ASTERUSDT | now=0.6560 | entry=0.6530 | PnL=+0.46%
2026-06-16 20:50:06,856 [INFO] [INVENTORY] 10/10 slots used — 0 vacant.
2026-06-16 20:50:06,856 [INFO] [STANDBY] Maximum capacity reached.
2026-06-16 20:50:06,856 [INFO] [SLEEP] Sleeping for 120s…
2026-06-16 20:52:06,871 [INFO] ======================================================================
2026-06-16 20:52:06,871 [INFO] [LOOP] Cycle #110 | 2026-06-16 20:52:06
2026-06-16 20:52:06,871 [INFO] [MONITOR] Evaluating 10 open positions…
2026-06-16 20:52:07,004 [INFO] [DATA] TRXUSDT | now=0.3173 | entry=0.3173 | PnL=+0.00%
2026-06-16 20:52:07,123 [INFO] [DATA] XLMUSDT | now=0.2196 | entry=0.2226 | PnL=-1.35%
2026-06-16 20:52:07,273 [INFO] [DATA] BABYUSDT | now=0.0173 | entry=0.0174 | PnL=-0.80%
2026-06-16 20:52:07,393 [INFO] [DATA] SPCXBUSDT | now=210.9700 | entry=214.4700 | PnL=-1.63%
2026-06-16 20:52:07,534 [INFO] [DATA] UNIUSDT | now=3.0200 | entry=2.9650 | PnL=+1.85%
2026-06-16 20:52:07,668 [INFO] [DATA] XPLUSDT | now=0.0914 | entry=0.0939 | PnL=-2.66%
2026-06-16 20:52:07,792 [INFO] [DATA] RLUSDUSDT | now=1.0007 | entry=1.0008 | PnL=-0.01%
2026-06-16 20:52:07,939 [INFO] [DATA] ALLOUSDT | now=0.3984 | entry=0.3978 | PnL=+0.15%
2026-06-16 20:52:08,073 [INFO] [DATA] INJUSDT | now=5.6280 | entry=5.7290 | PnL=-1.76%
2026-06-16 20:52:08,196 [INFO] [DATA] ASTERUSDT | now=0.6550 | entry=0.6530 | PnL=+0.31%
2026-06-16 20:52:08,196 [INFO] [INVENTORY] 10/10 slots used — 0 vacant.
2026-06-16 20:52:08,196 [INFO] [STANDBY] Maximum capacity reached.
2026-06-16 20:52:08,196 [INFO] [SLEEP] Sleeping for 120s…
2026-06-16 20:54:08,206 [INFO] ======================================================================
2026-06-16 20:54:08,206 [INFO] [LOOP] Cycle #111 | 2026-06-16 20:54:08
2026-06-16 20:54:08,206 [INFO] [COOLDOWN] Lockout expired for XRPUSDT.
2026-06-16 20:54:08,206 [INFO] [COOLDOWN] Lockout expired for ADAUSDT.
2026-06-16 20:54:08,206 [INFO] [COOLDOWN] Lockout expired for SUIUSDT.
2026-06-16 20:54:08,206 [INFO] [COOLDOWN] Lockout expired for ZECUSDT.
2026-06-16 20:54:08,206 [INFO] [MONITOR] Evaluating 10 open positions…
2026-06-16 20:54:08,340 [INFO] [DATA] TRXUSDT | now=0.3173 | entry=0.3173 | PnL=+0.00%
2026-06-16 20:54:08,477 [INFO] [DATA] XLMUSDT | now=0.2204 | entry=0.2226 | PnL=-0.99%
2026-06-16 20:54:08,598 [INFO] [DATA] BABYUSDT | now=0.0173 | entry=0.0174 | PnL=-0.75%
2026-06-16 20:54:08,727 [INFO] [DATA] SPCXBUSDT | now=211.9300 | entry=214.4700 | PnL=-1.18%
2026-06-16 20:54:08,872 [INFO] [DATA] UNIUSDT | now=3.0190 | entry=2.9650 | PnL=+1.82%
2026-06-16 20:54:08,994 [INFO] [DATA] XPLUSDT | now=0.0906 | entry=0.0939 | PnL=-3.51%
2026-06-16 20:54:09,126 [INFO] [DATA] RLUSDUSDT | now=1.0007 | entry=1.0008 | PnL=-0.01%
2026-06-16 20:54:09,268 [INFO] [DATA] ALLOUSDT | now=0.3986 | entry=0.3978 | PnL=+0.20%
2026-06-16 20:54:09,401 [INFO] [DATA] INJUSDT | now=5.6130 | entry=5.7290 | PnL=-2.02%
2026-06-16 20:54:09,523 [INFO] [DATA] ASTERUSDT | now=0.6560 | entry=0.6530 | PnL=+0.46%
2026-06-16 20:54:09,523 [INFO] [INVENTORY] 10/10 slots used — 0 vacant.
2026-06-16 20:54:09,523 [INFO] [STANDBY] Maximum capacity reached.
2026-06-16 20:54:09,523 [INFO] [SLEEP] Sleeping for 120s…
2026-06-16 20:56:09,537 [INFO] ======================================================================
2026-06-16 20:56:09,537 [INFO] [LOOP] Cycle #112 | 2026-06-16 20:56:09
2026-06-16 20:56:09,537 [INFO] [MONITOR] Evaluating 10 open positions…
2026-06-16 20:56:09,671 [INFO] [DATA] TRXUSDT | now=0.3172 | entry=0.3173 | PnL=-0.03%
2026-06-16 20:56:09,798 [INFO] [DATA] XLMUSDT | now=0.2212 | entry=0.2226 | PnL=-0.63%
2026-06-16 20:56:09,941 [INFO] [DATA] BABYUSDT | now=0.0174 | entry=0.0174 | PnL=-0.46%
2026-06-16 20:56:10,077 [INFO] [DATA] SPCXBUSDT | now=212.3000 | entry=214.4700 | PnL=-1.01%
2026-06-16 20:56:10,423 [INFO] [DATA] UNIUSDT | now=3.0340 | entry=2.9650 | PnL=+2.33%
2026-06-16 20:56:10,563 [INFO] [DATA] XPLUSDT | now=0.0909 | entry=0.0939 | PnL=-3.19%
2026-06-16 20:56:10,692 [INFO] [DATA] RLUSDUSDT | now=1.0007 | entry=1.0008 | PnL=-0.01%
2026-06-16 20:56:10,824 [INFO] [DATA] ALLOUSDT | now=0.3991 | entry=0.3978 | PnL=+0.33%
2026-06-16 20:56:10,947 [INFO] [DATA] INJUSDT | now=5.6150 | entry=5.7290 | PnL=-1.99%
2026-06-16 20:56:11,082 [INFO] [DATA] ASTERUSDT | now=0.6570 | entry=0.6530 | PnL=+0.61%
2026-06-16 20:56:11,082 [INFO] [INVENTORY] 10/10 slots used — 0 vacant.
2026-06-16 20:56:11,082 [INFO] [STANDBY] Maximum capacity reached.
2026-06-16 20:56:11,082 [INFO] [SLEEP] Sleeping for 120s…
2026-06-16 20:58:11,093 [INFO] ======================================================================
2026-06-16 20:58:11,093 [INFO] [LOOP] Cycle #113 | 2026-06-16 20:58:11
2026-06-16 20:58:11,093 [INFO] [MONITOR] Evaluating 10 open positions…
2026-06-16 20:58:11,229 [INFO] [DATA] TRXUSDT | now=0.3172 | entry=0.3173 | PnL=-0.03%
2026-06-16 20:58:11,361 [INFO] [DATA] XLMUSDT | now=0.2210 | entry=0.2226 | PnL=-0.72%
2026-06-16 20:58:11,484 [INFO] [DATA] BABYUSDT | now=0.0174 | entry=0.0174 | PnL=-0.34%
2026-06-16 20:58:11,633 [INFO] [DATA] SPCXBUSDT | now=210.5000 | entry=214.4700 | PnL=-1.85%
2026-06-16 20:58:11,768 [INFO] [DATA] UNIUSDT | now=3.0320 | entry=2.9650 | PnL=+2.26%
2026-06-16 20:58:11,900 [INFO] [DATA] XPLUSDT | now=0.0906 | entry=0.0939 | PnL=-3.51%
2026-06-16 20:58:12,020 [INFO] [DATA] RLUSDUSDT | now=1.0007 | entry=1.0008 | PnL=-0.01%
2026-06-16 20:58:12,164 [INFO] [DATA] ALLOUSDT | now=0.3993 | entry=0.3978 | PnL=+0.38%
2026-06-16 20:58:12,286 [INFO] [DATA] INJUSDT | now=5.6220 | entry=5.7290 | PnL=-1.87%
2026-06-16 20:58:12,419 [INFO] [DATA] ASTERUSDT | now=0.6580 | entry=0.6530 | PnL=+0.77%
2026-06-16 20:58:12,434 [INFO] [INVENTORY] 10/10 slots used — 0 vacant.
2026-06-16 20:58:12,434 [INFO] [STANDBY] Maximum capacity reached.
2026-06-16 20:58:12,434 [INFO] [SLEEP] Sleeping for 120s…
2026-06-16 21:00:12,435 [INFO] ======================================================================
2026-06-16 21:00:12,435 [INFO] [LOOP] Cycle #114 | 2026-06-16 21:00:12
2026-06-16 21:00:12,435 [INFO] [COOLDOWN] Lockout expired for WLDUSDT.
2026-06-16 21:00:12,435 [INFO] [MONITOR] Evaluating 10 open positions…
2026-06-16 21:00:12,566 [INFO] [DATA] TRXUSDT | now=0.3173 | entry=0.3173 | PnL=+0.00%
2026-06-16 21:00:12,710 [INFO] [DATA] XLMUSDT | now=0.2220 | entry=0.2226 | PnL=-0.27%
2026-06-16 21:00:12,842 [INFO] [DATA] BABYUSDT | now=0.0174 | entry=0.0174 | PnL=-0.34%
2026-06-16 21:00:12,981 [INFO] [DATA] SPCXBUSDT | now=212.2400 | entry=214.4700 | PnL=-1.04%
2026-06-16 21:00:13,103 [INFO] [DATA] UNIUSDT | now=3.0500 | entry=2.9650 | PnL=+2.87%
2026-06-16 21:00:13,248 [INFO] [DATA] XPLUSDT | now=0.0905 | entry=0.0939 | PnL=-3.62%
2026-06-16 21:00:13,381 [INFO] [DATA] RLUSDUSDT | now=1.0009 | entry=1.0008 | PnL=+0.01%
2026-06-16 21:00:13,518 [INFO] [DATA] ALLOUSDT | now=0.3934 | entry=0.3978 | PnL=-1.11%
2026-06-16 21:00:13,653 [INFO] [DATA] INJUSDT | now=5.6470 | entry=5.7290 | PnL=-1.43%
2026-06-16 21:00:13,778 [INFO] [DATA] ASTERUSDT | now=0.6600 | entry=0.6530 | PnL=+1.07%
2026-06-16 21:00:13,778 [INFO] [INVENTORY] 10/10 slots used — 0 vacant.
2026-06-16 21:00:13,778 [INFO] [STANDBY] Maximum capacity reached.
2026-06-16 21:00:13,778 [INFO] [SLEEP] Sleeping for 120s…
2026-06-16 21:02:13,787 [INFO] ======================================================================
2026-06-16 21:02:13,787 [INFO] [LOOP] Cycle #115 | 2026-06-16 21:02:13
2026-06-16 21:02:13,787 [INFO] [MONITOR] Evaluating 10 open positions…
2026-06-16 21:02:13,920 [INFO] [DATA] TRXUSDT | now=0.3173 | entry=0.3173 | PnL=+0.00%
2026-06-16 21:02:14,051 [INFO] [DATA] XLMUSDT | now=0.2214 | entry=0.2226 | PnL=-0.54%
2026-06-16 21:02:14,182 [INFO] [DATA] BABYUSDT | now=0.0174 | entry=0.0174 | PnL=-0.46%
2026-06-16 21:02:14,315 [INFO] [DATA] SPCXBUSDT | now=213.9500 | entry=214.4700 | PnL=-0.24%
2026-06-16 21:02:14,444 [INFO] [DATA] UNIUSDT | now=3.0350 | entry=2.9650 | PnL=+2.36%
2026-06-16 21:02:14,582 [INFO] [DATA] XPLUSDT | now=0.0903 | entry=0.0939 | PnL=-3.83%
2026-06-16 21:02:14,714 [INFO] [DATA] RLUSDUSDT | now=1.0008 | entry=1.0008 | PnL=+0.00%
2026-06-16 21:02:14,858 [INFO] [DATA] ALLOUSDT | now=0.3925 | entry=0.3978 | PnL=-1.33%
2026-06-16 21:02:15,201 [INFO] [DATA] INJUSDT | now=5.6250 | entry=5.7290 | PnL=-1.82%
2026-06-16 21:02:15,350 [INFO] [DATA] ASTERUSDT | now=0.6590 | entry=0.6530 | PnL=+0.92%
2026-06-16 21:02:15,350 [INFO] [INVENTORY] 10/10 slots used — 0 vacant.
2026-06-16 21:02:15,350 [INFO] [STANDBY] Maximum capacity reached.
2026-06-16 21:02:15,350 [INFO] [SLEEP] Sleeping for 120s…
2026-06-16 21:04:15,352 [INFO] ======================================================================
2026-06-16 21:04:15,352 [INFO] [LOOP] Cycle #116 | 2026-06-16 21:04:15
2026-06-16 21:04:15,352 [INFO] [MONITOR] Evaluating 10 open positions…
2026-06-16 21:04:15,488 [INFO] [DATA] TRXUSDT | now=0.3173 | entry=0.3173 | PnL=+0.00%
2026-06-16 21:04:15,611 [INFO] [DATA] XLMUSDT | now=0.2224 | entry=0.2226 | PnL=-0.09%
2026-06-16 21:04:15,757 [INFO] [DATA] BABYUSDT | now=0.0174 | entry=0.0174 | PnL=-0.46%
2026-06-16 21:04:15,890 [INFO] [DATA] SPCXBUSDT | now=214.3700 | entry=214.4700 | PnL=-0.05%
2026-06-16 21:04:16,017 [INFO] [DATA] UNIUSDT | now=3.0510 | entry=2.9650 | PnL=+2.90%
2026-06-16 21:04:16,156 [INFO] [DATA] XPLUSDT | now=0.0906 | entry=0.0939 | PnL=-3.51%
2026-06-16 21:04:16,276 [INFO] [DATA] RLUSDUSDT | now=1.0008 | entry=1.0008 | PnL=+0.00%
2026-06-16 21:04:16,422 [INFO] [DATA] ALLOUSDT | now=0.3941 | entry=0.3978 | PnL=-0.93%
2026-06-16 21:04:16,542 [INFO] [DATA] INJUSDT | now=5.6620 | entry=5.7290 | PnL=-1.17%
2026-06-16 21:04:16,681 [INFO] [DATA] ASTERUSDT | now=0.6590 | entry=0.6530 | PnL=+0.92%
2026-06-16 21:04:16,681 [INFO] [INVENTORY] 10/10 slots used — 0 vacant.
2026-06-16 21:04:16,681 [INFO] [STANDBY] Maximum capacity reached.
2026-06-16 21:04:16,681 [INFO] [SLEEP] Sleeping for 120s…
2026-06-16 21:06:16,691 [INFO] ======================================================================
2026-06-16 21:06:16,692 [INFO] [LOOP] Cycle #117 | 2026-06-16 21:06:16
2026-06-16 21:06:16,692 [INFO] [MONITOR] Evaluating 10 open positions…
2026-06-16 21:06:16,825 [INFO] [DATA] TRXUSDT | now=0.3174 | entry=0.3173 | PnL=+0.03%
2026-06-16 21:06:16,944 [INFO] [DATA] XLMUSDT | now=0.2226 | entry=0.2226 | PnL=+0.00%
2026-06-16 21:06:17,089 [INFO] [DATA] BABYUSDT | now=0.0173 | entry=0.0174 | PnL=-0.57%
2026-06-16 21:06:17,218 [INFO] [DATA] SPCXBUSDT | now=213.6600 | entry=214.4700 | PnL=-0.38%
2026-06-16 21:06:17,358 [INFO] [DATA] UNIUSDT | now=3.0600 | entry=2.9650 | PnL=+3.20%
2026-06-16 21:06:17,491 [INFO] [DATA] XPLUSDT | now=0.0910 | entry=0.0939 | PnL=-3.09%
2026-06-16 21:06:17,629 [INFO] [DATA] RLUSDUSDT | now=1.0008 | entry=1.0008 | PnL=+0.00%
2026-06-16 21:06:17,761 [INFO] [DATA] ALLOUSDT | now=0.3935 | entry=0.3978 | PnL=-1.08%
2026-06-16 21:06:17,889 [INFO] [DATA] INJUSDT | now=5.6660 | entry=5.7290 | PnL=-1.10%
2026-06-16 21:06:18,026 [INFO] [DATA] ASTERUSDT | now=0.6590 | entry=0.6530 | PnL=+0.92%
2026-06-16 21:06:18,026 [INFO] [INVENTORY] 10/10 slots used — 0 vacant.
2026-06-16 21:06:18,026 [INFO] [STANDBY] Maximum capacity reached.
2026-06-16 21:06:18,026 [INFO] [SLEEP] Sleeping for 120s…
2026-06-16 21:08:18,030 [INFO] ======================================================================
2026-06-16 21:08:18,030 [INFO] [LOOP] Cycle #118 | 2026-06-16 21:08:18
2026-06-16 21:08:18,030 [INFO] [MONITOR] Evaluating 10 open positions…
2026-06-16 21:08:18,162 [INFO] [DATA] TRXUSDT | now=0.3174 | entry=0.3173 | PnL=+0.03%
2026-06-16 21:08:18,288 [INFO] [DATA] XLMUSDT | now=0.2217 | entry=0.2226 | PnL=-0.40%
2026-06-16 21:08:18,420 [INFO] [DATA] BABYUSDT | now=0.0173 | entry=0.0174 | PnL=-0.57%
2026-06-16 21:08:18,567 [INFO] [DATA] SPCXBUSDT | now=212.9500 | entry=214.4700 | PnL=-0.71%
2026-06-16 21:08:18,700 [INFO] [DATA] UNIUSDT | now=3.0470 | entry=2.9650 | PnL=+2.77%
2026-06-16 21:08:18,833 [INFO] [DATA] XPLUSDT | now=0.0908 | entry=0.0939 | PnL=-3.30%
2026-06-16 21:08:18,969 [INFO] [DATA] RLUSDUSDT | now=1.0008 | entry=1.0008 | PnL=+0.00%
2026-06-16 21:08:19,104 [INFO] [DATA] ALLOUSDT | now=0.3929 | entry=0.3978 | PnL=-1.23%
2026-06-16 21:08:19,232 [INFO] [DATA] INJUSDT | now=5.6540 | entry=5.7290 | PnL=-1.31%
2026-06-16 21:08:19,369 [INFO] [DATA] ASTERUSDT | now=0.6590 | entry=0.6530 | PnL=+0.92%
2026-06-16 21:08:19,369 [INFO] [INVENTORY] 10/10 slots used — 0 vacant.
2026-06-16 21:08:19,369 [INFO] [STANDBY] Maximum capacity reached.
2026-06-16 21:08:19,369 [INFO] [SLEEP] Sleeping for 120s…
2026-06-16 21:10:19,372 [INFO] ======================================================================
2026-06-16 21:10:19,372 [INFO] [LOOP] Cycle #119 | 2026-06-16 21:10:19
2026-06-16 21:10:19,372 [INFO] [MONITOR] Evaluating 10 open positions…
2026-06-16 21:10:19,507 [INFO] [DATA] TRXUSDT | now=0.3174 | entry=0.3173 | PnL=+0.03%
2026-06-16 21:10:19,644 [INFO] [DATA] XLMUSDT | now=0.2211 | entry=0.2226 | PnL=-0.67%
2026-06-16 21:10:19,767 [INFO] [DATA] BABYUSDT | now=0.0174 | entry=0.0174 | PnL=-0.29%
2026-06-16 21:10:19,903 [INFO] [DATA] SPCXBUSDT | now=210.0800 | entry=214.4700 | PnL=-2.05%
2026-06-16 21:10:20,027 [INFO] [DATA] UNIUSDT | now=3.0450 | entry=2.9650 | PnL=+2.70%
2026-06-16 21:10:20,169 [INFO] [DATA] XPLUSDT | now=0.0910 | entry=0.0939 | PnL=-3.09%
2026-06-16 21:10:20,302 [INFO] [DATA] RLUSDUSDT | now=1.0008 | entry=1.0008 | PnL=+0.00%
2026-06-16 21:10:20,435 [INFO] [DATA] ALLOUSDT | now=0.3904 | entry=0.3978 | PnL=-1.86%
2026-06-16 21:10:20,560 [INFO] [DATA] INJUSDT | now=5.6580 | entry=5.7290 | PnL=-1.24%
2026-06-16 21:10:20,922 [INFO] [DATA] ASTERUSDT | now=0.6590 | entry=0.6530 | PnL=+0.92%
2026-06-16 21:10:20,923 [INFO] [INVENTORY] 10/10 slots used — 0 vacant.
2026-06-16 21:10:20,923 [INFO] [STANDBY] Maximum capacity reached.
2026-06-16 21:10:20,923 [INFO] [SLEEP] Sleeping for 120s…
2026-06-16 21:12:20,923 [INFO] ======================================================================
2026-06-16 21:12:20,923 [INFO] [LOOP] Cycle #120 | 2026-06-16 21:12:20
2026-06-16 21:12:20,923 [INFO] [MONITOR] Evaluating 10 open positions…
2026-06-16 21:12:21,056 [INFO] [DATA] TRXUSDT | now=0.3174 | entry=0.3173 | PnL=+0.03%
2026-06-16 21:12:21,189 [INFO] [DATA] XLMUSDT | now=0.2203 | entry=0.2226 | PnL=-1.03%
2026-06-16 21:12:21,313 [INFO] [DATA] BABYUSDT | now=0.0174 | entry=0.0174 | PnL=-0.23%
2026-06-16 21:12:21,441 [INFO] [DATA] SPCXBUSDT | now=210.1200 | entry=214.4700 | PnL=-2.03%
2026-06-16 21:12:21,587 [INFO] [DATA] UNIUSDT | now=3.0530 | entry=2.9650 | PnL=+2.97%
2026-06-16 21:12:21,721 [INFO] [DATA] XPLUSDT | now=0.0909 | entry=0.0939 | PnL=-3.19%
2026-06-16 21:12:21,844 [INFO] [DATA] RLUSDUSDT | now=1.0007 | entry=1.0008 | PnL=-0.01%
2026-06-16 21:12:21,988 [INFO] [DATA] ALLOUSDT | now=0.3868 | entry=0.3978 | PnL=-2.77%
2026-06-16 21:12:22,115 [INFO] [DATA] INJUSDT | now=5.6430 | entry=5.7290 | PnL=-1.50%
2026-06-16 21:12:22,257 [INFO] [DATA] ASTERUSDT | now=0.6580 | entry=0.6530 | PnL=+0.77%
2026-06-16 21:12:22,257 [INFO] [INVENTORY] 10/10 slots used — 0 vacant.
2026-06-16 21:12:22,257 [INFO] [STANDBY] Maximum capacity reached.
2026-06-16 21:12:22,258 [INFO] [SLEEP] Sleeping for 120s…
2026-06-16 21:14:22,258 [INFO] ======================================================================
2026-06-16 21:14:22,258 [INFO] [LOOP] Cycle #121 | 2026-06-16 21:14:22
2026-06-16 21:14:22,258 [INFO] [MONITOR] Evaluating 10 open positions…
2026-06-16 21:14:22,395 [INFO] [DATA] TRXUSDT | now=0.3173 | entry=0.3173 | PnL=+0.00%
2026-06-16 21:14:22,518 [INFO] [DATA] XLMUSDT | now=0.2199 | entry=0.2226 | PnL=-1.21%
2026-06-16 21:14:22,668 [INFO] [DATA] BABYUSDT | now=0.0174 | entry=0.0174 | PnL=-0.17%
2026-06-16 21:14:22,786 [INFO] [DATA] SPCXBUSDT | now=210.5400 | entry=214.4700 | PnL=-1.83%
2026-06-16 21:14:22,919 [INFO] [DATA] UNIUSDT | now=3.0440 | entry=2.9650 | PnL=+2.66%
2026-06-16 21:14:23,052 [INFO] [DATA] XPLUSDT | now=0.0909 | entry=0.0939 | PnL=-3.19%
2026-06-16 21:14:23,182 [INFO] [DATA] RLUSDUSDT | now=1.0007 | entry=1.0008 | PnL=-0.01%
2026-06-16 21:14:23,328 [INFO] [DATA] ALLOUSDT | now=0.3781 | entry=0.3978 | PnL=-4.95%
2026-06-16 21:14:23,454 [INFO] [DATA] INJUSDT | now=5.6290 | entry=5.7290 | PnL=-1.75%
2026-06-16 21:14:23,592 [INFO] [DATA] ASTERUSDT | now=0.6580 | entry=0.6530 | PnL=+0.77%
2026-06-16 21:14:23,592 [INFO] [INVENTORY] 10/10 slots used — 0 vacant.
2026-06-16 21:14:23,592 [INFO] [STANDBY] Maximum capacity reached.
2026-06-16 21:14:23,592 [INFO] [SLEEP] Sleeping for 120s…
2026-06-16 21:16:23,594 [INFO] ======================================================================
2026-06-16 21:16:23,594 [INFO] [LOOP] Cycle #122 | 2026-06-16 21:16:23
2026-06-16 21:16:23,594 [INFO] [MONITOR] Evaluating 10 open positions…
2026-06-16 21:16:23,728 [INFO] [DATA] TRXUSDT | now=0.3174 | entry=0.3173 | PnL=+0.03%
2026-06-16 21:16:23,862 [INFO] [DATA] XLMUSDT | now=0.2191 | entry=0.2226 | PnL=-1.57%
2026-06-16 21:16:23,996 [INFO] [DATA] BABYUSDT | now=0.0174 | entry=0.0174 | PnL=-0.23%
2026-06-16 21:16:24,129 [INFO] [DATA] SPCXBUSDT | now=208.3200 | entry=214.4700 | PnL=-2.87%
2026-06-16 21:16:24,254 [INFO] [DATA] UNIUSDT | now=3.0210 | entry=2.9650 | PnL=+1.89%
2026-06-16 21:16:24,387 [INFO] [DATA] XPLUSDT | now=0.0908 | entry=0.0939 | PnL=-3.30%
2026-06-16 21:16:24,534 [INFO] [DATA] RLUSDUSDT | now=1.0007 | entry=1.0008 | PnL=-0.01%
2026-06-16 21:16:24,669 [INFO] [DATA] ALLOUSDT | now=0.3815 | entry=0.3978 | PnL=-4.10%
2026-06-16 21:16:24,793 [INFO] [DATA] INJUSDT | now=5.6200 | entry=5.7290 | PnL=-1.90%
2026-06-16 21:16:24,938 [INFO] [DATA] ASTERUSDT | now=0.6560 | entry=0.6530 | PnL=+0.46%
2026-06-16 21:16:24,938 [INFO] [INVENTORY] 10/10 slots used — 0 vacant.
2026-06-16 21:16:24,938 [INFO] [STANDBY] Maximum capacity reached.
2026-06-16 21:16:24,938 [INFO] [SLEEP] Sleeping for 120s…
2026-06-16 21:18:24,940 [INFO] ======================================================================
2026-06-16 21:18:24,940 [INFO] [LOOP] Cycle #123 | 2026-06-16 21:18:24
2026-06-16 21:18:24,940 [INFO] [MONITOR] Evaluating 10 open positions…
2026-06-16 21:18:25,077 [INFO] [DATA] TRXUSDT | now=0.3174 | entry=0.3173 | PnL=+0.03%
2026-06-16 21:18:25,202 [INFO] [DATA] XLMUSDT | now=0.2185 | entry=0.2226 | PnL=-1.84%
2026-06-16 21:18:25,336 [INFO] [DATA] BABYUSDT | now=0.0175 | entry=0.0174 | PnL=+0.11%
2026-06-16 21:18:25,468 [INFO] [DATA] SPCXBUSDT | now=209.4700 | entry=214.4700 | PnL=-2.33%
2026-06-16 21:18:25,602 [INFO] [DATA] UNIUSDT | now=3.0270 | entry=2.9650 | PnL=+2.09%
2026-06-16 21:18:25,749 [INFO] [DATA] XPLUSDT | now=0.0906 | entry=0.0939 | PnL=-3.51%
2026-06-16 21:18:25,876 [INFO] [DATA] RLUSDUSDT | now=1.0007 | entry=1.0008 | PnL=-0.01%
2026-06-16 21:18:26,011 [INFO] [DATA] ALLOUSDT | now=0.3818 | entry=0.3978 | PnL=-4.02%
2026-06-16 21:18:26,143 [INFO] [DATA] INJUSDT | now=5.6160 | entry=5.7290 | PnL=-1.97%
2026-06-16 21:18:26,269 [INFO] [DATA] ASTERUSDT | now=0.6580 | entry=0.6530 | PnL=+0.77%
2026-06-16 21:18:26,269 [INFO] [INVENTORY] 10/10 slots used — 0 vacant.
2026-06-16 21:18:26,269 [INFO] [STANDBY] Maximum capacity reached.
2026-06-16 21:18:26,269 [INFO] [SLEEP] Sleeping for 120s…
2026-06-16 21:20:26,279 [INFO] ======================================================================
2026-06-16 21:20:26,279 [INFO] [LOOP] Cycle #124 | 2026-06-16 21:20:26
2026-06-16 21:20:26,279 [INFO] [MONITOR] Evaluating 10 open positions…
2026-06-16 21:20:26,416 [INFO] [DATA] TRXUSDT | now=0.3173 | entry=0.3173 | PnL=+0.00%
2026-06-16 21:20:26,537 [INFO] [DATA] XLMUSDT | now=0.2191 | entry=0.2226 | PnL=-1.57%
2026-06-16 21:20:26,685 [INFO] [DATA] BABYUSDT | now=0.0175 | entry=0.0174 | PnL=+0.40%
2026-06-16 21:20:26,818 [INFO] [DATA] SPCXBUSDT | now=210.2600 | entry=214.4700 | PnL=-1.96%
2026-06-16 21:20:26,943 [INFO] [DATA] UNIUSDT | now=3.0380 | entry=2.9650 | PnL=+2.46%
2026-06-16 21:20:27,089 [INFO] [DATA] XPLUSDT | now=0.0906 | entry=0.0939 | PnL=-3.51%
2026-06-16 21:20:27,228 [INFO] [DATA] RLUSDUSDT | now=1.0008 | entry=1.0008 | PnL=+0.00%
2026-06-16 21:20:27,356 [INFO] [DATA] ALLOUSDT | now=0.3855 | entry=0.3978 | PnL=-3.09%
2026-06-16 21:20:27,496 [INFO] [DATA] INJUSDT | now=5.6270 | entry=5.7290 | PnL=-1.78%
2026-06-16 21:20:27,634 [INFO] [DATA] ASTERUSDT | now=0.6590 | entry=0.6530 | PnL=+0.92%
2026-06-16 21:20:27,634 [INFO] [INVENTORY] 10/10 slots used — 0 vacant.
2026-06-16 21:20:27,634 [INFO] [STANDBY] Maximum capacity reached.
2026-06-16 21:20:27,635 [INFO] [SLEEP] Sleeping for 120s…
2026-06-16 21:22:27,635 [INFO] ======================================================================
2026-06-16 21:22:27,635 [INFO] [LOOP] Cycle #125 | 2026-06-16 21:22:27
2026-06-16 21:22:27,635 [INFO] [MONITOR] Evaluating 10 open positions…
2026-06-16 21:22:27,771 [INFO] [DATA] TRXUSDT | now=0.3173 | entry=0.3173 | PnL=+0.00%
2026-06-16 21:22:27,894 [INFO] [DATA] XLMUSDT | now=0.2198 | entry=0.2226 | PnL=-1.26%
2026-06-16 21:22:28,043 [INFO] [DATA] BABYUSDT | now=0.0175 | entry=0.0174 | PnL=+0.40%
2026-06-16 21:22:28,177 [INFO] [DATA] SPCXBUSDT | now=211.0700 | entry=214.4700 | PnL=-1.59%
2026-06-16 21:22:28,308 [INFO] [DATA] UNIUSDT | now=3.0470 | entry=2.9650 | PnL=+2.77%
2026-06-16 21:22:28,428 [INFO] [DATA] XPLUSDT | now=0.0911 | entry=0.0939 | PnL=-2.98%
2026-06-16 21:22:28,577 [INFO] [DATA] RLUSDUSDT | now=1.0007 | entry=1.0008 | PnL=-0.01%
2026-06-16 21:22:28,697 [INFO] [DATA] ALLOUSDT | now=0.3858 | entry=0.3978 | PnL=-3.02%
2026-06-16 21:22:28,828 [INFO] [DATA] INJUSDT | now=5.6270 | entry=5.7290 | PnL=-1.78%
2026-06-16 21:22:28,957 [INFO] [DATA] ASTERUSDT | now=0.6600 | entry=0.6530 | PnL=+1.07%
2026-06-16 21:22:28,957 [INFO] [INVENTORY] 10/10 slots used — 0 vacant.
2026-06-16 21:22:28,957 [INFO] [STANDBY] Maximum capacity reached.
2026-06-16 21:22:28,957 [INFO] [SLEEP] Sleeping for 120s…
2026-06-16 21:24:28,970 [INFO] ======================================================================
2026-06-16 21:24:28,970 [INFO] [LOOP] Cycle #126 | 2026-06-16 21:24:28
2026-06-16 21:24:28,970 [INFO] [MONITOR] Evaluating 10 open positions…
2026-06-16 21:24:29,103 [INFO] [DATA] TRXUSDT | now=0.3174 | entry=0.3173 | PnL=+0.03%
2026-06-16 21:24:29,237 [INFO] [DATA] XLMUSDT | now=0.2204 | entry=0.2226 | PnL=-0.99%
2026-06-16 21:24:29,375 [INFO] [DATA] BABYUSDT | now=0.0175 | entry=0.0174 | PnL=+0.40%
2026-06-16 21:24:29,508 [INFO] [DATA] SPCXBUSDT | now=211.4800 | entry=214.4700 | PnL=-1.39%
2026-06-16 21:24:29,646 [INFO] [DATA] UNIUSDT | now=3.0490 | entry=2.9650 | PnL=+2.83%
2026-06-16 21:24:29,775 [INFO] [DATA] XPLUSDT | now=0.0911 | entry=0.0939 | PnL=-2.98%
2026-06-16 21:24:29,919 [INFO] [DATA] RLUSDUSDT | now=1.0008 | entry=1.0008 | PnL=+0.00%
2026-06-16 21:24:30,047 [INFO] [DATA] ALLOUSDT | now=0.3841 | entry=0.3978 | PnL=-3.44%
2026-06-16 21:24:30,177 [INFO] [DATA] INJUSDT | now=5.6260 | entry=5.7290 | PnL=-1.80%
2026-06-16 21:24:30,310 [INFO] [DATA] ASTERUSDT | now=0.6600 | entry=0.6530 | PnL=+1.07%
2026-06-16 21:24:30,310 [INFO] [INVENTORY] 10/10 slots used — 0 vacant.
2026-06-16 21:24:30,325 [INFO] [STANDBY] Maximum capacity reached.
2026-06-16 21:24:30,325 [INFO] [SLEEP] Sleeping for 120s…
2026-06-16 21:26:30,326 [INFO] ======================================================================
2026-06-16 21:26:30,326 [INFO] [LOOP] Cycle #127 | 2026-06-16 21:26:30
2026-06-16 21:26:30,326 [INFO] [MONITOR] Evaluating 10 open positions…
2026-06-16 21:26:30,459 [INFO] [DATA] TRXUSDT | now=0.3174 | entry=0.3173 | PnL=+0.03%
2026-06-16 21:26:30,586 [INFO] [DATA] XLMUSDT | now=0.2198 | entry=0.2226 | PnL=-1.26%
2026-06-16 21:26:30,726 [INFO] [DATA] BABYUSDT | now=0.0176 | entry=0.0174 | PnL=+0.69%
2026-06-16 21:26:30,861 [INFO] [DATA] SPCXBUSDT | now=211.7600 | entry=214.4700 | PnL=-1.26%
2026-06-16 21:26:30,999 [INFO] [DATA] UNIUSDT | now=3.0380 | entry=2.9650 | PnL=+2.46%
2026-06-16 21:26:31,134 [INFO] [DATA] XPLUSDT | now=0.0912 | entry=0.0939 | PnL=-2.88%
2026-06-16 21:26:31,266 [INFO] [DATA] RLUSDUSDT | now=1.0008 | entry=1.0008 | PnL=+0.00%
2026-06-16 21:26:31,404 [INFO] [DATA] ALLOUSDT | now=0.3859 | entry=0.3978 | PnL=-2.99%
2026-06-16 21:26:31,760 [INFO] [DATA] INJUSDT | now=5.6490 | entry=5.7290 | PnL=-1.40%
2026-06-16 21:26:31,889 [INFO] [DATA] ASTERUSDT | now=0.6600 | entry=0.6530 | PnL=+1.07%
2026-06-16 21:26:31,889 [INFO] [INVENTORY] 10/10 slots used — 0 vacant.
2026-06-16 21:26:31,889 [INFO] [STANDBY] Maximum capacity reached.
2026-06-16 21:26:31,889 [INFO] [SLEEP] Sleeping for 120s…
2026-06-16 21:28:31,890 [INFO] ======================================================================
2026-06-16 21:28:31,890 [INFO] [LOOP] Cycle #128 | 2026-06-16 21:28:31
2026-06-16 21:28:31,890 [INFO] [MONITOR] Evaluating 10 open positions…
2026-06-16 21:28:32,026 [INFO] [DATA] TRXUSDT | now=0.3174 | entry=0.3173 | PnL=+0.03%
2026-06-16 21:28:32,162 [INFO] [DATA] XLMUSDT | now=0.2194 | entry=0.2226 | PnL=-1.44%
2026-06-16 21:28:32,297 [INFO] [DATA] BABYUSDT | now=0.0175 | entry=0.0174 | PnL=+0.63%
2026-06-16 21:28:32,431 [INFO] [DATA] SPCXBUSDT | now=211.1200 | entry=214.4700 | PnL=-1.56%
2026-06-16 21:28:32,566 [INFO] [DATA] UNIUSDT | now=3.0190 | entry=2.9650 | PnL=+1.82%
2026-06-16 21:28:32,702 [INFO] [DATA] XPLUSDT | now=0.0911 | entry=0.0939 | PnL=-2.98%
2026-06-16 21:28:32,825 [INFO] [DATA] RLUSDUSDT | now=1.0007 | entry=1.0008 | PnL=-0.01%
2026-06-16 21:28:32,968 [INFO] [DATA] ALLOUSDT | now=0.3832 | entry=0.3978 | PnL=-3.67%
2026-06-16 21:28:33,102 [INFO] [DATA] INJUSDT | now=5.6210 | entry=5.7290 | PnL=-1.89%
2026-06-16 21:28:33,234 [INFO] [DATA] ASTERUSDT | now=0.6590 | entry=0.6530 | PnL=+0.92%
2026-06-16 21:28:33,235 [INFO] [INVENTORY] 10/10 slots used — 0 vacant.
2026-06-16 21:28:33,235 [INFO] [STANDBY] Maximum capacity reached.
2026-06-16 21:28:33,235 [INFO] [SLEEP] Sleeping for 120s…
2026-06-16 21:30:33,236 [INFO] ======================================================================
2026-06-16 21:30:33,236 [INFO] [LOOP] Cycle #129 | 2026-06-16 21:30:33
2026-06-16 21:30:33,236 [INFO] [MONITOR] Evaluating 10 open positions…
2026-06-16 21:30:33,370 [INFO] [DATA] TRXUSDT | now=0.3172 | entry=0.3173 | PnL=-0.03%
2026-06-16 21:30:33,498 [INFO] [DATA] XLMUSDT | now=0.2191 | entry=0.2226 | PnL=-1.57%
2026-06-16 21:30:33,639 [INFO] [DATA] BABYUSDT | now=0.0176 | entry=0.0174 | PnL=+0.92%
2026-06-16 21:30:33,768 [INFO] [DATA] SPCXBUSDT | now=211.2600 | entry=214.4700 | PnL=-1.50%
2026-06-16 21:30:33,894 [INFO] [DATA] UNIUSDT | now=3.0230 | entry=2.9650 | PnL=+1.96%
2026-06-16 21:30:34,040 [INFO] [DATA] XPLUSDT | now=0.0917 | entry=0.0939 | PnL=-2.34%
2026-06-16 21:30:34,175 [INFO] [DATA] RLUSDUSDT | now=1.0008 | entry=1.0008 | PnL=+0.00%
2026-06-16 21:30:34,309 [INFO] [DATA] ALLOUSDT | now=0.3846 | entry=0.3978 | PnL=-3.32%
2026-06-16 21:30:34,442 [INFO] [DATA] INJUSDT | now=5.6340 | entry=5.7290 | PnL=-1.66%
2026-06-16 21:30:34,575 [INFO] [DATA] ASTERUSDT | now=0.6600 | entry=0.6530 | PnL=+1.07%
2026-06-16 21:30:34,575 [INFO] [INVENTORY] 10/10 slots used — 0 vacant.
2026-06-16 21:30:34,576 [INFO] [STANDBY] Maximum capacity reached.
2026-06-16 21:30:34,576 [INFO] [SLEEP] Sleeping for 120s…
2026-06-16 21:32:34,577 [INFO] ======================================================================
2026-06-16 21:32:34,577 [INFO] [LOOP] Cycle #130 | 2026-06-16 21:32:34
2026-06-16 21:32:34,577 [INFO] [MONITOR] Evaluating 10 open positions…
2026-06-16 21:32:34,713 [INFO] [DATA] TRXUSDT | now=0.3174 | entry=0.3173 | PnL=+0.03%
2026-06-16 21:32:34,835 [INFO] [DATA] XLMUSDT | now=0.2192 | entry=0.2226 | PnL=-1.53%
2026-06-16 21:32:34,980 [INFO] [DATA] BABYUSDT | now=0.0175 | entry=0.0174 | PnL=+0.63%
2026-06-16 21:32:35,101 [INFO] [DATA] SPCXBUSDT | now=212.0900 | entry=214.4700 | PnL=-1.11%
2026-06-16 21:32:35,233 [INFO] [DATA] UNIUSDT | now=3.0190 | entry=2.9650 | PnL=+1.82%
2026-06-16 21:32:35,363 [INFO] [DATA] XPLUSDT | now=0.0913 | entry=0.0939 | PnL=-2.77%
2026-06-16 21:32:35,511 [INFO] [DATA] RLUSDUSDT | now=1.0008 | entry=1.0008 | PnL=+0.00%
2026-06-16 21:32:35,652 [INFO] [DATA] ALLOUSDT | now=0.3849 | entry=0.3978 | PnL=-3.24%
2026-06-16 21:32:35,785 [INFO] [DATA] INJUSDT | now=5.6330 | entry=5.7290 | PnL=-1.68%
2026-06-16 21:32:35,920 [INFO] [DATA] ASTERUSDT | now=0.6590 | entry=0.6530 | PnL=+0.92%
2026-06-16 21:32:35,920 [INFO] [INVENTORY] 10/10 slots used — 0 vacant.
2026-06-16 21:32:35,920 [INFO] [STANDBY] Maximum capacity reached.
2026-06-16 21:32:35,920 [INFO] [SLEEP] Sleeping for 120s…
2026-06-16 21:34:35,922 [INFO] ======================================================================
2026-06-16 21:34:35,922 [INFO] [LOOP] Cycle #131 | 2026-06-16 21:34:35
2026-06-16 21:34:35,922 [INFO] [MONITOR] Evaluating 10 open positions…
2026-06-16 21:34:36,057 [INFO] [DATA] TRXUSDT | now=0.3174 | entry=0.3173 | PnL=+0.03%
2026-06-16 21:34:36,189 [INFO] [DATA] XLMUSDT | now=0.2182 | entry=0.2226 | PnL=-1.98%
2026-06-16 21:34:36,312 [INFO] [DATA] BABYUSDT | now=0.0175 | entry=0.0174 | PnL=+0.40%
2026-06-16 21:34:36,446 [INFO] [DATA] SPCXBUSDT | now=212.7400 | entry=214.4700 | PnL=-0.81%
2026-06-16 21:34:36,591 [INFO] [DATA] UNIUSDT | now=3.0450 | entry=2.9650 | PnL=+2.70%
2026-06-16 21:34:36,729 [INFO] [DATA] XPLUSDT | now=0.0914 | entry=0.0939 | PnL=-2.66%
2026-06-16 21:34:36,852 [INFO] [DATA] RLUSDUSDT | now=1.0008 | entry=1.0008 | PnL=+0.00%
2026-06-16 21:34:36,985 [INFO] [DATA] ALLOUSDT | now=0.3850 | entry=0.3978 | PnL=-3.22%
2026-06-16 21:34:37,116 [INFO] [DATA] INJUSDT | now=5.6160 | entry=5.7290 | PnL=-1.97%
2026-06-16 21:34:37,262 [INFO] [DATA] ASTERUSDT | now=0.6590 | entry=0.6530 | PnL=+0.92%
2026-06-16 21:34:37,262 [INFO] [INVENTORY] 10/10 slots used — 0 vacant.
2026-06-16 21:34:37,262 [INFO] [STANDBY] Maximum capacity reached.
2026-06-16 21:34:37,262 [INFO] [SLEEP] Sleeping for 120s…
2026-06-16 21:36:37,264 [INFO] ======================================================================
2026-06-16 21:36:37,264 [INFO] [LOOP] Cycle #132 | 2026-06-16 21:36:37
2026-06-16 21:36:37,264 [INFO] [MONITOR] Evaluating 10 open positions…
2026-06-16 21:36:37,401 [INFO] [DATA] TRXUSDT | now=0.3174 | entry=0.3173 | PnL=+0.03%
2026-06-16 21:36:37,533 [INFO] [DATA] XLMUSDT | now=0.2175 | entry=0.2226 | PnL=-2.29%
2026-06-16 21:36:37,670 [INFO] [DATA] BABYUSDT | now=0.0175 | entry=0.0174 | PnL=+0.46%
2026-06-16 21:36:37,793 [INFO] [DATA] SPCXBUSDT | now=213.4500 | entry=214.4700 | PnL=-0.48%
2026-06-16 21:36:37,923 [INFO] [DATA] UNIUSDT | now=3.0380 | entry=2.9650 | PnL=+2.46%
2026-06-16 21:36:38,056 [INFO] [DATA] XPLUSDT | now=0.0909 | entry=0.0939 | PnL=-3.19%
2026-06-16 21:36:38,196 [INFO] [DATA] RLUSDUSDT | now=1.0008 | entry=1.0008 | PnL=+0.00%
2026-06-16 21:36:38,328 [INFO] [DATA] ALLOUSDT | now=0.3858 | entry=0.3978 | PnL=-3.02%
2026-06-16 21:36:38,459 [INFO] [DATA] INJUSDT | now=5.5970 | entry=5.7290 | PnL=-2.30%
2026-06-16 21:36:38,595 [INFO] [DATA] ASTERUSDT | now=0.6570 | entry=0.6530 | PnL=+0.61%
2026-06-16 21:36:38,595 [INFO] [INVENTORY] 10/10 slots used — 0 vacant.
2026-06-16 21:36:38,595 [INFO] [STANDBY] Maximum capacity reached.
2026-06-16 21:36:38,595 [INFO] [SLEEP] Sleeping for 120s…
2026-06-16 21:38:38,600 [INFO] ======================================================================
2026-06-16 21:38:38,600 [INFO] [LOOP] Cycle #133 | 2026-06-16 21:38:38
2026-06-16 21:38:38,600 [INFO] [MONITOR] Evaluating 10 open positions…
2026-06-16 21:38:38,735 [INFO] [DATA] TRXUSDT | now=0.3175 | entry=0.3173 | PnL=+0.06%
2026-06-16 21:38:38,858 [INFO] [DATA] XLMUSDT | now=0.2179 | entry=0.2226 | PnL=-2.11%
2026-06-16 21:38:39,006 [INFO] [DATA] BABYUSDT | now=0.0175 | entry=0.0174 | PnL=+0.40%
2026-06-16 21:38:39,125 [INFO] [DATA] SPCXBUSDT | now=212.6300 | entry=214.4700 | PnL=-0.86%
2026-06-16 21:38:39,261 [INFO] [DATA] UNIUSDT | now=3.0390 | entry=2.9650 | PnL=+2.50%
2026-06-16 21:38:39,401 [INFO] [DATA] XPLUSDT | now=0.0909 | entry=0.0939 | PnL=-3.19%
2026-06-16 21:38:39,533 [INFO] [DATA] RLUSDUSDT | now=1.0007 | entry=1.0008 | PnL=-0.01%
2026-06-16 21:38:39,668 [INFO] [DATA] ALLOUSDT | now=0.3856 | entry=0.3978 | PnL=-3.07%
2026-06-16 21:38:39,799 [INFO] [DATA] INJUSDT | now=5.5810 | entry=5.7290 | PnL=-2.58%
2026-06-16 21:38:39,923 [INFO] [DATA] ASTERUSDT | now=0.6570 | entry=0.6530 | PnL=+0.61%
2026-06-16 21:38:39,923 [INFO] [INVENTORY] 10/10 slots used — 0 vacant.
2026-06-16 21:38:39,923 [INFO] [STANDBY] Maximum capacity reached.
2026-06-16 21:38:39,923 [INFO] [SLEEP] Sleeping for 120s…
2026-06-16 21:40:39,937 [INFO] ======================================================================
2026-06-16 21:40:39,937 [INFO] [LOOP] Cycle #134 | 2026-06-16 21:40:39
2026-06-16 21:40:39,937 [INFO] [MONITOR] Evaluating 10 open positions…
2026-06-16 21:40:40,071 [INFO] [DATA] TRXUSDT | now=0.3175 | entry=0.3173 | PnL=+0.06%
2026-06-16 21:40:40,201 [INFO] [DATA] XLMUSDT | now=0.2186 | entry=0.2226 | PnL=-1.80%
2026-06-16 21:40:40,338 [INFO] [DATA] BABYUSDT | now=0.0176 | entry=0.0174 | PnL=+0.92%
2026-06-16 21:40:40,476 [INFO] [DATA] SPCXBUSDT | now=213.0000 | entry=214.4700 | PnL=-0.69%
2026-06-16 21:40:40,596 [INFO] [DATA] UNIUSDT | now=3.0530 | entry=2.9650 | PnL=+2.97%
2026-06-16 21:40:40,729 [INFO] [DATA] XPLUSDT | now=0.0915 | entry=0.0939 | PnL=-2.56%
2026-06-16 21:40:40,863 [INFO] [DATA] RLUSDUSDT | now=1.0008 | entry=1.0008 | PnL=+0.00%
2026-06-16 21:40:41,007 [INFO] [DATA] ALLOUSDT | now=0.3847 | entry=0.3978 | PnL=-3.29%
2026-06-16 21:40:41,127 [INFO] [DATA] INJUSDT | now=5.6060 | entry=5.7290 | PnL=-2.15%
2026-06-16 21:40:41,275 [INFO] [DATA] ASTERUSDT | now=0.6560 | entry=0.6530 | PnL=+0.46%
2026-06-16 21:40:41,275 [INFO] [INVENTORY] 10/10 slots used — 0 vacant.
2026-06-16 21:40:41,275 [INFO] [STANDBY] Maximum capacity reached.
2026-06-16 21:40:41,275 [INFO] [SLEEP] Sleeping for 120s…
2026-06-16 21:42:41,277 [INFO] ======================================================================
2026-06-16 21:42:41,277 [INFO] [LOOP] Cycle #135 | 2026-06-16 21:42:41
2026-06-16 21:42:41,277 [INFO] [MONITOR] Evaluating 10 open positions…
2026-06-16 21:42:41,409 [INFO] [DATA] TRXUSDT | now=0.3175 | entry=0.3173 | PnL=+0.06%
2026-06-16 21:42:41,537 [INFO] [DATA] XLMUSDT | now=0.2181 | entry=0.2226 | PnL=-2.02%
2026-06-16 21:42:41,677 [INFO] [DATA] BABYUSDT | now=0.0176 | entry=0.0174 | PnL=+1.03%
2026-06-16 21:42:41,801 [INFO] [DATA] SPCXBUSDT | now=214.2500 | entry=214.4700 | PnL=-0.10%
2026-06-16 21:42:41,941 [INFO] [DATA] UNIUSDT | now=3.0580 | entry=2.9650 | PnL=+3.14%
2026-06-16 21:42:42,075 [INFO] [DATA] XPLUSDT | now=0.0910 | entry=0.0939 | PnL=-3.09%
2026-06-16 21:42:42,213 [INFO] [DATA] RLUSDUSDT | now=1.0008 | entry=1.0008 | PnL=+0.00%
2026-06-16 21:42:42,349 [INFO] [DATA] ALLOUSDT | now=0.3861 | entry=0.3978 | PnL=-2.94%
2026-06-16 21:42:42,472 [INFO] [DATA] INJUSDT | now=5.6190 | entry=5.7290 | PnL=-1.92%
2026-06-16 21:42:42,616 [INFO] [DATA] ASTERUSDT | now=0.6570 | entry=0.6530 | PnL=+0.61%
2026-06-16 21:42:42,616 [INFO] [INVENTORY] 10/10 slots used — 0 vacant.
2026-06-16 21:42:42,616 [INFO] [STANDBY] Maximum capacity reached.
2026-06-16 21:42:42,616 [INFO] [SLEEP] Sleeping for 120s…
2026-06-16 21:44:42,619 [INFO] ======================================================================
2026-06-16 21:44:42,620 [INFO] [LOOP] Cycle #136 | 2026-06-16 21:44:42
2026-06-16 21:44:42,620 [INFO] [MONITOR] Evaluating 10 open positions…
2026-06-16 21:44:42,754 [INFO] [DATA] TRXUSDT | now=0.3173 | entry=0.3173 | PnL=+0.00%
2026-06-16 21:44:42,878 [INFO] [DATA] XLMUSDT | now=0.2177 | entry=0.2226 | PnL=-2.20%
2026-06-16 21:44:43,022 [INFO] [DATA] BABYUSDT | now=0.0176 | entry=0.0174 | PnL=+0.69%
2026-06-16 21:44:43,158 [INFO] [DATA] SPCXBUSDT | now=214.3700 | entry=214.4700 | PnL=-0.05%
2026-06-16 21:44:43,282 [INFO] [DATA] UNIUSDT | now=3.0790 | entry=2.9650 | PnL=+3.84%
2026-06-16 21:44:43,414 [INFO] [DATA] XPLUSDT | now=0.0908 | entry=0.0939 | PnL=-3.30%
2026-06-16 21:44:43,561 [INFO] [DATA] RLUSDUSDT | now=1.0008 | entry=1.0008 | PnL=+0.00%
2026-06-16 21:44:43,694 [INFO] [DATA] ALLOUSDT | now=0.3861 | entry=0.3978 | PnL=-2.94%
2026-06-16 21:44:43,824 [INFO] [DATA] INJUSDT | now=5.6080 | entry=5.7290 | PnL=-2.11%
2026-06-16 21:44:43,959 [INFO] [DATA] ASTERUSDT | now=0.6570 | entry=0.6530 | PnL=+0.61%
2026-06-16 21:44:43,959 [INFO] [INVENTORY] 10/10 slots used — 0 vacant.
2026-06-16 21:44:43,959 [INFO] [STANDBY] Maximum capacity reached.
2026-06-16 21:44:43,959 [INFO] [SLEEP] Sleeping for 120s…
2026-06-16 21:46:43,960 [INFO] ======================================================================
2026-06-16 21:46:43,960 [INFO] [LOOP] Cycle #137 | 2026-06-16 21:46:43
2026-06-16 21:46:43,960 [INFO] [MONITOR] Evaluating 10 open positions…
2026-06-16 21:46:44,092 [INFO] [DATA] TRXUSDT | now=0.3175 | entry=0.3173 | PnL=+0.06%
2026-06-16 21:46:44,220 [INFO] [DATA] XLMUSDT | now=0.2178 | entry=0.2226 | PnL=-2.16%
2026-06-16 21:46:44,348 [INFO] [DATA] BABYUSDT | now=0.0175 | entry=0.0174 | PnL=+0.57%
2026-06-16 21:46:44,493 [INFO] [DATA] SPCXBUSDT | now=214.0900 | entry=214.4700 | PnL=-0.18%
2026-06-16 21:46:44,619 [INFO] [DATA] UNIUSDT | now=3.1220 | entry=2.9650 | PnL=+5.30%
2026-06-16 21:46:44,753 [INFO] [DATA] XPLUSDT | now=0.0901 | entry=0.0939 | PnL=-4.05%
2026-06-16 21:46:44,895 [INFO] [DATA] RLUSDUSDT | now=1.0007 | entry=1.0008 | PnL=-0.01%
2026-06-16 21:46:45,034 [INFO] [DATA] ALLOUSDT | now=0.3871 | entry=0.3978 | PnL=-2.69%
2026-06-16 21:46:45,164 [INFO] [DATA] INJUSDT | now=5.6090 | entry=5.7290 | PnL=-2.09%
2026-06-16 21:46:45,293 [INFO] [DATA] ASTERUSDT | now=0.6560 | entry=0.6530 | PnL=+0.46%
2026-06-16 21:46:45,293 [INFO] [INVENTORY] 10/10 slots used — 0 vacant.
2026-06-16 21:46:45,293 [INFO] [STANDBY] Maximum capacity reached.
2026-06-16 21:46:45,293 [INFO] [SLEEP] Sleeping for 120s…
2026-06-16 21:48:45,299 [INFO] ======================================================================
2026-06-16 21:48:45,299 [INFO] [LOOP] Cycle #138 | 2026-06-16 21:48:45
2026-06-16 21:48:45,299 [INFO] [MONITOR] Evaluating 10 open positions…
2026-06-16 21:48:45,432 [INFO] [DATA] TRXUSDT | now=0.3173 | entry=0.3173 | PnL=+0.00%
2026-06-16 21:48:45,562 [INFO] [DATA] XLMUSDT | now=0.2176 | entry=0.2226 | PnL=-2.25%
2026-06-16 21:48:45,699 [INFO] [DATA] BABYUSDT | now=0.0176 | entry=0.0174 | PnL=+0.69%
2026-06-16 21:48:45,838 [INFO] [DATA] SPCXBUSDT | now=215.0700 | entry=214.4700 | PnL=+0.28%
2026-06-16 21:48:45,967 [INFO] [DATA] UNIUSDT | now=3.1030 | entry=2.9650 | PnL=+4.65%
2026-06-16 21:48:46,096 [INFO] [DATA] XPLUSDT | now=0.0901 | entry=0.0939 | PnL=-4.05%
2026-06-16 21:48:46,463 [INFO] [DATA] RLUSDUSDT | now=1.0008 | entry=1.0008 | PnL=+0.00%
2026-06-16 21:48:46,599 [INFO] [DATA] ALLOUSDT | now=0.3860 | entry=0.3978 | PnL=-2.97%
2026-06-16 21:48:46,732 [INFO] [DATA] INJUSDT | now=5.5990 | entry=5.7290 | PnL=-2.27%
2026-06-16 21:48:46,858 [INFO] [DATA] ASTERUSDT | now=0.6560 | entry=0.6530 | PnL=+0.46%
2026-06-16 21:48:46,858 [INFO] [INVENTORY] 10/10 slots used — 0 vacant.
2026-06-16 21:48:46,858 [INFO] [STANDBY] Maximum capacity reached.
2026-06-16 21:48:46,858 [INFO] [SLEEP] Sleeping for 120s…
2026-06-16 21:50:46,869 [INFO] ======================================================================
2026-06-16 21:50:46,869 [INFO] [LOOP] Cycle #139 | 2026-06-16 21:50:46
2026-06-16 21:50:46,869 [INFO] [MONITOR] Evaluating 10 open positions…
2026-06-16 21:50:47,002 [INFO] [DATA] TRXUSDT | now=0.3173 | entry=0.3173 | PnL=+0.00%
2026-06-16 21:50:47,126 [INFO] [DATA] XLMUSDT | now=0.2182 | entry=0.2226 | PnL=-1.98%
2026-06-16 21:50:47,256 [INFO] [DATA] BABYUSDT | now=0.0176 | entry=0.0174 | PnL=+1.09%
2026-06-16 21:50:47,380 [INFO] [DATA] SPCXBUSDT | now=215.5900 | entry=214.4700 | PnL=+0.52%
2026-06-16 21:50:47,527 [INFO] [DATA] UNIUSDT | now=3.1120 | entry=2.9650 | PnL=+4.96%
2026-06-16 21:50:47,664 [INFO] [DATA] XPLUSDT | now=0.0905 | entry=0.0939 | PnL=-3.62%
2026-06-16 21:50:47,792 [INFO] [DATA] RLUSDUSDT | now=1.0008 | entry=1.0008 | PnL=+0.00%
2026-06-16 21:50:47,933 [INFO] [DATA] ALLOUSDT | now=0.3870 | entry=0.3978 | PnL=-2.71%
2026-06-16 21:50:48,282 [INFO] [DATA] INJUSDT | now=5.5980 | entry=5.7290 | PnL=-2.29%
2026-06-16 21:50:48,415 [INFO] [DATA] ASTERUSDT | now=0.6570 | entry=0.6530 | PnL=+0.61%
2026-06-16 21:50:48,415 [INFO] [INVENTORY] 10/10 slots used — 0 vacant.
2026-06-16 21:50:48,415 [INFO] [STANDBY] Maximum capacity reached.
2026-06-16 21:50:48,415 [INFO] [SLEEP] Sleeping for 120s…
2026-06-16 21:52:48,417 [INFO] ======================================================================
2026-06-16 21:52:48,417 [INFO] [LOOP] Cycle #140 | 2026-06-16 21:52:48
2026-06-16 21:52:48,417 [INFO] [MONITOR] Evaluating 10 open positions…
2026-06-16 21:52:48,550 [INFO] [DATA] TRXUSDT | now=0.3174 | entry=0.3173 | PnL=+0.03%
2026-06-16 21:52:48,685 [INFO] [DATA] XLMUSDT | now=0.2188 | entry=0.2226 | PnL=-1.71%
2026-06-16 21:52:48,818 [INFO] [DATA] BABYUSDT | now=0.0176 | entry=0.0174 | PnL=+1.20%
2026-06-16 21:52:48,951 [INFO] [DATA] SPCXBUSDT | now=216.6400 | entry=214.4700 | PnL=+1.01%
2026-06-16 21:52:49,089 [INFO] [DATA] UNIUSDT | now=3.1180 | entry=2.9650 | PnL=+5.16%
2026-06-16 21:52:49,211 [INFO] [DATA] XPLUSDT | now=0.0901 | entry=0.0939 | PnL=-4.05%
2026-06-16 21:52:49,345 [INFO] [DATA] RLUSDUSDT | now=1.0008 | entry=1.0008 | PnL=+0.00%
2026-06-16 21:52:49,493 [INFO] [DATA] ALLOUSDT | now=0.3850 | entry=0.3978 | PnL=-3.22%
2026-06-16 21:52:49,628 [INFO] [DATA] INJUSDT | now=5.5900 | entry=5.7290 | PnL=-2.43%
2026-06-16 21:52:49,750 [INFO] [DATA] ASTERUSDT | now=0.6570 | entry=0.6530 | PnL=+0.61%
2026-06-16 21:52:49,750 [INFO] [INVENTORY] 10/10 slots used — 0 vacant.
2026-06-16 21:52:49,750 [INFO] [STANDBY] Maximum capacity reached.
2026-06-16 21:52:49,750 [INFO] [SLEEP] Sleeping for 120s…
2026-06-16 21:54:49,762 [INFO] ======================================================================
2026-06-16 21:54:49,762 [INFO] [LOOP] Cycle #141 | 2026-06-16 21:54:49
2026-06-16 21:54:49,762 [INFO] [MONITOR] Evaluating 10 open positions…
2026-06-16 21:54:49,897 [INFO] [DATA] TRXUSDT | now=0.3173 | entry=0.3173 | PnL=+0.00%
2026-06-16 21:54:50,023 [INFO] [DATA] XLMUSDT | now=0.2186 | entry=0.2226 | PnL=-1.80%
2026-06-16 21:54:50,165 [INFO] [DATA] BABYUSDT | now=0.0176 | entry=0.0174 | PnL=+0.92%
2026-06-16 21:54:50,285 [INFO] [DATA] SPCXBUSDT | now=217.2100 | entry=214.4700 | PnL=+1.28%
2026-06-16 21:54:50,434 [INFO] [DATA] UNIUSDT | now=3.1060 | entry=2.9650 | PnL=+4.76%
2026-06-16 21:54:50,570 [INFO] [DATA] XPLUSDT | now=0.0902 | entry=0.0939 | PnL=-3.94%
2026-06-16 21:54:50,694 [INFO] [DATA] RLUSDUSDT | now=1.0008 | entry=1.0008 | PnL=+0.00%
2026-06-16 21:54:50,843 [INFO] [DATA] ALLOUSDT | now=0.3830 | entry=0.3978 | PnL=-3.72%
2026-06-16 21:54:50,970 [INFO] [DATA] INJUSDT | now=5.5930 | entry=5.7290 | PnL=-2.37%
2026-06-16 21:54:51,094 [INFO] [DATA] ASTERUSDT | now=0.6580 | entry=0.6530 | PnL=+0.77%
2026-06-16 21:54:51,109 [INFO] [INVENTORY] 10/10 slots used — 0 vacant.
2026-06-16 21:54:51,109 [INFO] [STANDBY] Maximum capacity reached.
2026-06-16 21:54:51,109 [INFO] [SLEEP] Sleeping for 120s…
2026-06-16 21:56:51,111 [INFO] ======================================================================
2026-06-16 21:56:51,111 [INFO] [LOOP] Cycle #142 | 2026-06-16 21:56:51
2026-06-16 21:56:51,111 [INFO] [MONITOR] Evaluating 10 open positions…
2026-06-16 21:56:51,247 [INFO] [DATA] TRXUSDT | now=0.3173 | entry=0.3173 | PnL=+0.00%
2026-06-16 21:56:51,373 [INFO] [DATA] XLMUSDT | now=0.2177 | entry=0.2226 | PnL=-2.20%
2026-06-16 21:56:51,514 [INFO] [DATA] BABYUSDT | now=0.0177 | entry=0.0174 | PnL=+1.32%
2026-06-16 21:56:51,647 [INFO] [DATA] SPCXBUSDT | now=215.6000 | entry=214.4700 | PnL=+0.53%
2026-06-16 21:56:51,769 [INFO] [DATA] UNIUSDT | now=3.0680 | entry=2.9650 | PnL=+3.47%
2026-06-16 21:56:51,902 [INFO] [DATA] XPLUSDT | now=0.0900 | entry=0.0939 | PnL=-4.15%
2026-06-16 21:56:52,043 [INFO] [DATA] RLUSDUSDT | now=1.0008 | entry=1.0008 | PnL=+0.00%
2026-06-16 21:56:52,183 [INFO] [DATA] ALLOUSDT | now=0.3812 | entry=0.3978 | PnL=-4.17%
2026-06-16 21:56:52,307 [INFO] [DATA] INJUSDT | now=5.5760 | entry=5.7290 | PnL=-2.67%
2026-06-16 21:56:52,439 [INFO] [DATA] ASTERUSDT | now=0.6560 | entry=0.6530 | PnL=+0.46%
2026-06-16 21:56:52,439 [INFO] [INVENTORY] 10/10 slots used — 0 vacant.
2026-06-16 21:56:52,439 [INFO] [STANDBY] Maximum capacity reached.
2026-06-16 21:56:52,439 [INFO] [SLEEP] Sleeping for 120s…
2026-06-16 21:58:52,452 [INFO] ======================================================================
2026-06-16 21:58:52,452 [INFO] [LOOP] Cycle #143 | 2026-06-16 21:58:52
2026-06-16 21:58:52,452 [INFO] [MONITOR] Evaluating 10 open positions…
2026-06-16 21:58:52,587 [INFO] [DATA] TRXUSDT | now=0.3173 | entry=0.3173 | PnL=+0.00%
2026-06-16 21:58:52,721 [INFO] [DATA] XLMUSDT | now=0.2179 | entry=0.2226 | PnL=-2.11%
2026-06-16 21:58:52,852 [INFO] [DATA] BABYUSDT | now=0.0177 | entry=0.0174 | PnL=+1.66%
2026-06-16 21:58:53,206 [INFO] [DATA] SPCXBUSDT | now=216.7000 | entry=214.4700 | PnL=+1.04%
2026-06-16 21:58:53,338 [INFO] [DATA] UNIUSDT | now=3.0880 | entry=2.9650 | PnL=+4.15%
2026-06-16 21:58:53,483 [INFO] [DATA] XPLUSDT | now=0.0903 | entry=0.0939 | PnL=-3.83%
2026-06-16 21:58:53,607 [INFO] [DATA] RLUSDUSDT | now=1.0008 | entry=1.0008 | PnL=+0.00%
2026-06-16 21:58:53,750 [INFO] [DATA] ALLOUSDT | now=0.3812 | entry=0.3978 | PnL=-4.17%
2026-06-16 21:58:53,868 [INFO] [DATA] INJUSDT | now=5.5810 | entry=5.7290 | PnL=-2.58%
2026-06-16 21:58:54,015 [INFO] [DATA] ASTERUSDT | now=0.6560 | entry=0.6530 | PnL=+0.46%
2026-06-16 21:58:54,015 [INFO] [INVENTORY] 10/10 slots used — 0 vacant.
2026-06-16 21:58:54,015 [INFO] [STANDBY] Maximum capacity reached.
2026-06-16 21:58:54,015 [INFO] [SLEEP] Sleeping for 120s…
2026-06-16 22:00:54,018 [INFO] ======================================================================
2026-06-16 22:00:54,018 [INFO] [LOOP] Cycle #144 | 2026-06-16 22:00:54
2026-06-16 22:00:54,018 [INFO] [MONITOR] Evaluating 10 open positions…
2026-06-16 22:00:54,153 [INFO] [DATA] TRXUSDT | now=0.3173 | entry=0.3173 | PnL=+0.00%
2026-06-16 22:00:54,272 [INFO] [DATA] XLMUSDT | now=0.2171 | entry=0.2226 | PnL=-2.47%
2026-06-16 22:00:54,405 [INFO] [DATA] BABYUSDT | now=0.0177 | entry=0.0174 | PnL=+1.38%
2026-06-16 22:00:54,548 [INFO] [DATA] SPCXBUSDT | now=214.7800 | entry=214.4700 | PnL=+0.14%
2026-06-16 22:00:54,670 [INFO] [DATA] UNIUSDT | now=3.0720 | entry=2.9650 | PnL=+3.61%
2026-06-16 22:00:54,819 [INFO] [DATA] XPLUSDT | now=0.0901 | entry=0.0939 | PnL=-4.05%
2026-06-16 22:00:54,940 [INFO] [DATA] RLUSDUSDT | now=1.0008 | entry=1.0008 | PnL=+0.00%
2026-06-16 22:00:55,082 [INFO] [DATA] ALLOUSDT | now=0.3795 | entry=0.3978 | PnL=-4.60%
2026-06-16 22:00:55,207 [INFO] [DATA] INJUSDT | now=5.5590 | entry=5.7290 | PnL=-2.97%
2026-06-16 22:00:55,353 [INFO] [DATA] ASTERUSDT | now=0.6560 | entry=0.6530 | PnL=+0.46%
2026-06-16 22:00:55,353 [INFO] [INVENTORY] 10/10 slots used — 0 vacant.
2026-06-16 22:00:55,353 [INFO] [STANDBY] Maximum capacity reached.
2026-06-16 22:00:55,353 [INFO] [SLEEP] Sleeping for 120s…
2026-06-16 22:02:55,355 [INFO] ======================================================================
2026-06-16 22:02:55,355 [INFO] [LOOP] Cycle #145 | 2026-06-16 22:02:55
2026-06-16 22:02:55,355 [INFO] [MONITOR] Evaluating 10 open positions…
2026-06-16 22:02:55,489 [INFO] [DATA] TRXUSDT | now=0.3173 | entry=0.3173 | PnL=+0.00%
2026-06-16 22:02:55,623 [INFO] [DATA] XLMUSDT | now=0.2162 | entry=0.2226 | PnL=-2.88%
2026-06-16 22:02:55,757 [INFO] [DATA] BABYUSDT | now=0.0176 | entry=0.0174 | PnL=+1.20%
2026-06-16 22:02:55,882 [INFO] [DATA] SPCXBUSDT | now=215.6700 | entry=214.4700 | PnL=+0.56%
2026-06-16 22:02:56,015 [INFO] [DATA] UNIUSDT | now=3.0660 | entry=2.9650 | PnL=+3.41%
2026-06-16 22:02:56,165 [INFO] [DATA] XPLUSDT | now=0.0902 | entry=0.0939 | PnL=-3.94%
2026-06-16 22:02:56,297 [INFO] [DATA] RLUSDUSDT | now=1.0008 | entry=1.0008 | PnL=+0.00%
2026-06-16 22:02:56,422 [INFO] [DATA] ALLOUSDT | now=0.3809 | entry=0.3978 | PnL=-4.25%
2026-06-16 22:02:56,568 [INFO] [DATA] INJUSDT | now=5.5580 | entry=5.7290 | PnL=-2.98%
2026-06-16 22:02:56,691 [INFO] [DATA] ASTERUSDT | now=0.6560 | entry=0.6530 | PnL=+0.46%
2026-06-16 22:02:56,691 [INFO] [INVENTORY] 10/10 slots used — 0 vacant.
2026-06-16 22:02:56,691 [INFO] [STANDBY] Maximum capacity reached.
2026-06-16 22:02:56,691 [INFO] [SLEEP] Sleeping for 120s…
2026-06-16 22:04:56,704 [INFO] ======================================================================
2026-06-16 22:04:56,704 [INFO] [LOOP] Cycle #146 | 2026-06-16 22:04:56
2026-06-16 22:04:56,704 [INFO] [MONITOR] Evaluating 10 open positions…
2026-06-16 22:04:56,837 [INFO] [DATA] TRXUSDT | now=0.3173 | entry=0.3173 | PnL=+0.00%
2026-06-16 22:04:56,962 [INFO] [DATA] XLMUSDT | now=0.2167 | entry=0.2226 | PnL=-2.65%
2026-06-16 22:04:57,103 [INFO] [DATA] BABYUSDT | now=0.0176 | entry=0.0174 | PnL=+0.86%
2026-06-16 22:04:57,238 [INFO] [DATA] SPCXBUSDT | now=214.9200 | entry=214.4700 | PnL=+0.21%
2026-06-16 22:04:57,362 [INFO] [DATA] UNIUSDT | now=3.0660 | entry=2.9650 | PnL=+3.41%
2026-06-16 22:04:57,508 [INFO] [DATA] XPLUSDT | now=0.0903 | entry=0.0939 | PnL=-3.83%
2026-06-16 22:04:57,639 [INFO] [DATA] RLUSDUSDT | now=1.0008 | entry=1.0008 | PnL=+0.00%
2026-06-16 22:04:57,770 [INFO] [DATA] ALLOUSDT | now=0.3812 | entry=0.3978 | PnL=-4.17%
2026-06-16 22:04:57,903 [INFO] [DATA] INJUSDT | now=5.5480 | entry=5.7290 | PnL=-3.16%
2026-06-16 22:04:58,029 [INFO] [DATA] ASTERUSDT | now=0.6550 | entry=0.6530 | PnL=+0.31%
2026-06-16 22:04:58,029 [INFO] [INVENTORY] 10/10 slots used — 0 vacant.
2026-06-16 22:04:58,029 [INFO] [STANDBY] Maximum capacity reached.
2026-06-16 22:04:58,029 [INFO] [SLEEP] Sleeping for 120s…
2026-06-16 22:06:58,041 [INFO] ======================================================================
2026-06-16 22:06:58,041 [INFO] [LOOP] Cycle #147 | 2026-06-16 22:06:58
2026-06-16 22:06:58,041 [INFO] [MONITOR] Evaluating 10 open positions…
2026-06-16 22:06:58,178 [INFO] [DATA] TRXUSDT | now=0.3173 | entry=0.3173 | PnL=+0.00%
2026-06-16 22:06:58,303 [INFO] [DATA] XLMUSDT | now=0.2161 | entry=0.2226 | PnL=-2.92%
2026-06-16 22:06:58,435 [INFO] [DATA] BABYUSDT | now=0.0176 | entry=0.0174 | PnL=+1.09%
2026-06-16 22:06:58,578 [INFO] [DATA] SPCXBUSDT | now=215.0400 | entry=214.4700 | PnL=+0.27%
2026-06-16 22:06:58,716 [INFO] [DATA] UNIUSDT | now=3.0740 | entry=2.9650 | PnL=+3.68%
2026-06-16 22:06:58,836 [INFO] [DATA] XPLUSDT | now=0.0900 | entry=0.0939 | PnL=-4.15%
2026-06-16 22:06:58,970 [INFO] [DATA] RLUSDUSDT | now=1.0008 | entry=1.0008 | PnL=+0.00%
2026-06-16 22:06:59,111 [INFO] [DATA] ALLOUSDT | now=0.3803 | entry=0.3978 | PnL=-4.40%
2026-06-16 22:06:59,246 [INFO] [DATA] INJUSDT | now=5.5430 | entry=5.7290 | PnL=-3.25%
2026-06-16 22:06:59,378 [INFO] [DATA] ASTERUSDT | now=0.6540 | entry=0.6530 | PnL=+0.15%
2026-06-16 22:06:59,378 [INFO] [INVENTORY] 10/10 slots used — 0 vacant.
2026-06-16 22:06:59,378 [INFO] [STANDBY] Maximum capacity reached.
2026-06-16 22:06:59,378 [INFO] [SLEEP] Sleeping for 120s…
2026-06-16 22:08:59,383 [INFO] ======================================================================
2026-06-16 22:08:59,383 [INFO] [LOOP] Cycle #148 | 2026-06-16 22:08:59
2026-06-16 22:08:59,383 [INFO] [MONITOR] Evaluating 10 open positions…
2026-06-16 22:08:59,518 [INFO] [DATA] TRXUSDT | now=0.3173 | entry=0.3173 | PnL=+0.00%
2026-06-16 22:08:59,654 [INFO] [DATA] XLMUSDT | now=0.2174 | entry=0.2226 | PnL=-2.34%
2026-06-16 22:08:59,779 [INFO] [DATA] BABYUSDT | now=0.0176 | entry=0.0174 | PnL=+0.97%
2026-06-16 22:08:59,923 [INFO] [DATA] SPCXBUSDT | now=215.9900 | entry=214.4700 | PnL=+0.71%
2026-06-16 22:09:00,059 [INFO] [DATA] UNIUSDT | now=3.0630 | entry=2.9650 | PnL=+3.31%
2026-06-16 22:09:00,194 [INFO] [DATA] XPLUSDT | now=0.0910 | entry=0.0939 | PnL=-3.09%
2026-06-16 22:09:00,326 [INFO] [DATA] RLUSDUSDT | now=1.0009 | entry=1.0008 | PnL=+0.01%
2026-06-16 22:09:00,462 [INFO] [DATA] ALLOUSDT | now=0.3809 | entry=0.3978 | PnL=-4.25%
2026-06-16 22:09:00,596 [INFO] [DATA] INJUSDT | now=5.5730 | entry=5.7290 | PnL=-2.72%
2026-06-16 22:09:00,727 [INFO] [DATA] ASTERUSDT | now=0.6560 | entry=0.6530 | PnL=+0.46%
2026-06-16 22:09:00,727 [INFO] [INVENTORY] 10/10 slots used — 0 vacant.
2026-06-16 22:09:00,727 [INFO] [STANDBY] Maximum capacity reached.
2026-06-16 22:09:00,727 [INFO] [SLEEP] Sleeping for 120s…
2026-06-16 22:11:00,731 [INFO] ======================================================================
2026-06-16 22:11:00,731 [INFO] [LOOP] Cycle #149 | 2026-06-16 22:11:00
2026-06-16 22:11:00,731 [INFO] [MONITOR] Evaluating 10 open positions…
2026-06-16 22:11:00,866 [INFO] [DATA] TRXUSDT | now=0.3175 | entry=0.3173 | PnL=+0.06%
2026-06-16 22:11:00,990 [INFO] [DATA] XLMUSDT | now=0.2170 | entry=0.2226 | PnL=-2.52%
2026-06-16 22:11:01,134 [INFO] [DATA] BABYUSDT | now=0.0176 | entry=0.0174 | PnL=+1.20%
2026-06-16 22:11:01,250 [INFO] [DATA] SPCXBUSDT | now=216.5000 | entry=214.4700 | PnL=+0.95%
2026-06-16 22:11:01,397 [INFO] [DATA] UNIUSDT | now=3.0550 | entry=2.9650 | PnL=+3.04%
2026-06-16 22:11:01,518 [INFO] [DATA] XPLUSDT | now=0.0909 | entry=0.0939 | PnL=-3.19%
2026-06-16 22:11:01,668 [INFO] [DATA] RLUSDUSDT | now=1.0009 | entry=1.0008 | PnL=+0.01%
2026-06-16 22:11:01,801 [INFO] [DATA] ALLOUSDT | now=0.3819 | entry=0.3978 | PnL=-4.00%
2026-06-16 22:11:01,928 [INFO] [DATA] INJUSDT | now=5.5590 | entry=5.7290 | PnL=-2.97%
2026-06-16 22:11:02,060 [INFO] [DATA] ASTERUSDT | now=0.6540 | entry=0.6530 | PnL=+0.15%
2026-06-16 22:11:02,060 [INFO] [INVENTORY] 10/10 slots used — 0 vacant.
2026-06-16 22:11:02,060 [INFO] [STANDBY] Maximum capacity reached.
2026-06-16 22:11:02,060 [INFO] [SLEEP] Sleeping for 120s…
2026-06-16 22:13:02,066 [INFO] ======================================================================
2026-06-16 22:13:02,066 [INFO] [LOOP] Cycle #150 | 2026-06-16 22:13:02
2026-06-16 22:13:02,066 [INFO] [MONITOR] Evaluating 10 open positions…
2026-06-16 22:13:02,202 [INFO] [DATA] TRXUSDT | now=0.3175 | entry=0.3173 | PnL=+0.06%
2026-06-16 22:13:02,327 [INFO] [DATA] XLMUSDT | now=0.2169 | entry=0.2226 | PnL=-2.56%
2026-06-16 22:13:02,456 [INFO] [DATA] BABYUSDT | now=0.0177 | entry=0.0174 | PnL=+1.26%
2026-06-16 22:13:02,600 [INFO] [DATA] SPCXBUSDT | now=217.0000 | entry=214.4700 | PnL=+1.18%
2026-06-16 22:13:02,722 [INFO] [DATA] UNIUSDT | now=3.0800 | entry=2.9650 | PnL=+3.88%
2026-06-16 22:13:02,859 [INFO] [DATA] XPLUSDT | now=0.0908 | entry=0.0939 | PnL=-3.30%
2026-06-16 22:13:03,006 [INFO] [DATA] RLUSDUSDT | now=1.0009 | entry=1.0008 | PnL=+0.01%
2026-06-16 22:13:03,143 [INFO] [DATA] ALLOUSDT | now=0.3821 | entry=0.3978 | PnL=-3.95%
2026-06-16 22:13:03,268 [INFO] [DATA] INJUSDT | now=5.5540 | entry=5.7290 | PnL=-3.05%
2026-06-16 22:13:03,404 [INFO] [DATA] ASTERUSDT | now=0.6550 | entry=0.6530 | PnL=+0.31%
2026-06-16 22:13:03,404 [INFO] [INVENTORY] 10/10 slots used — 0 vacant.
2026-06-16 22:13:03,404 [INFO] [STANDBY] Maximum capacity reached.
2026-06-16 22:13:03,404 [INFO] [SLEEP] Sleeping for 120s…
2026-06-16 22:15:03,408 [INFO] ======================================================================
2026-06-16 22:15:03,408 [INFO] [LOOP] Cycle #151 | 2026-06-16 22:15:03
2026-06-16 22:15:03,408 [INFO] [MONITOR] Evaluating 10 open positions…
2026-06-16 22:15:03,543 [INFO] [DATA] TRXUSDT | now=0.3174 | entry=0.3173 | PnL=+0.03%
2026-06-16 22:15:03,680 [INFO] [DATA] XLMUSDT | now=0.2167 | entry=0.2226 | PnL=-2.65%
2026-06-16 22:15:03,807 [INFO] [DATA] BABYUSDT | now=0.0177 | entry=0.0174 | PnL=+1.38%
2026-06-16 22:15:03,938 [INFO] [DATA] SPCXBUSDT | now=216.4800 | entry=214.4700 | PnL=+0.94%
2026-06-16 22:15:04,075 [INFO] [DATA] UNIUSDT | now=3.0720 | entry=2.9650 | PnL=+3.61%
2026-06-16 22:15:04,213 [INFO] [DATA] XPLUSDT | now=0.0908 | entry=0.0939 | PnL=-3.30%
2026-06-16 22:15:04,348 [INFO] [DATA] RLUSDUSDT | now=1.0009 | entry=1.0008 | PnL=+0.01%
2026-06-16 22:15:04,486 [INFO] [DATA] ALLOUSDT | now=0.3831 | entry=0.3978 | PnL=-3.70%
2026-06-16 22:15:04,613 [INFO] [DATA] INJUSDT | now=5.5510 | entry=5.7290 | PnL=-3.11%
2026-06-16 22:15:04,755 [INFO] [DATA] ASTERUSDT | now=0.6560 | entry=0.6530 | PnL=+0.46%
2026-06-16 22:15:04,755 [INFO] [INVENTORY] 10/10 slots used — 0 vacant.
2026-06-16 22:15:04,755 [INFO] [STANDBY] Maximum capacity reached.
2026-06-16 22:15:04,755 [INFO] [SLEEP] Sleeping for 120s…
2026-06-16 22:17:04,757 [INFO] ======================================================================
2026-06-16 22:17:04,757 [INFO] [LOOP] Cycle #152 | 2026-06-16 22:17:04
2026-06-16 22:17:04,757 [INFO] [MONITOR] Evaluating 10 open positions…
2026-06-16 22:17:04,891 [INFO] [DATA] TRXUSDT | now=0.3175 | entry=0.3173 | PnL=+0.06%
2026-06-16 22:17:05,025 [INFO] [DATA] XLMUSDT | now=0.2164 | entry=0.2226 | PnL=-2.79%
2026-06-16 22:17:05,161 [INFO] [DATA] BABYUSDT | now=0.0177 | entry=0.0174 | PnL=+1.66%
2026-06-16 22:17:05,290 [INFO] [DATA] SPCXBUSDT | now=217.0700 | entry=214.4700 | PnL=+1.21%
2026-06-16 22:17:05,429 [INFO] [DATA] UNIUSDT | now=3.0770 | entry=2.9650 | PnL=+3.78%
2026-06-16 22:17:05,569 [INFO] [DATA] XPLUSDT | now=0.0905 | entry=0.0939 | PnL=-3.62%
2026-06-16 22:17:05,693 [INFO] [DATA] RLUSDUSDT | now=1.0009 | entry=1.0008 | PnL=+0.01%
2026-06-16 22:17:05,829 [INFO] [DATA] ALLOUSDT | now=0.3829 | entry=0.3978 | PnL=-3.75%
2026-06-16 22:17:05,976 [INFO] [DATA] INJUSDT | now=5.5330 | entry=5.7290 | PnL=-3.42%
2026-06-16 22:17:06,115 [INFO] [DATA] ASTERUSDT | now=0.6550 | entry=0.6530 | PnL=+0.31%
2026-06-16 22:17:06,116 [INFO] [INVENTORY] 10/10 slots used — 0 vacant.
2026-06-16 22:17:06,116 [INFO] [STANDBY] Maximum capacity reached.
2026-06-16 22:17:06,116 [INFO] [SLEEP] Sleeping for 120s…
2026-06-16 22:19:06,117 [INFO] ======================================================================
2026-06-16 22:19:06,117 [INFO] [LOOP] Cycle #153 | 2026-06-16 22:19:06
2026-06-16 22:19:06,117 [INFO] [MONITOR] Evaluating 10 open positions…
2026-06-16 22:19:06,252 [INFO] [DATA] TRXUSDT | now=0.3173 | entry=0.3173 | PnL=+0.00%
2026-06-16 22:19:06,390 [INFO] [DATA] XLMUSDT | now=0.2162 | entry=0.2226 | PnL=-2.88%
2026-06-16 22:19:06,525 [INFO] [DATA] BABYUSDT | now=0.0176 | entry=0.0174 | PnL=+1.15%
2026-06-16 22:19:06,659 [INFO] [DATA] SPCXBUSDT | now=217.0400 | entry=214.4700 | PnL=+1.20%
2026-06-16 22:19:06,779 [INFO] [DATA] UNIUSDT | now=3.0630 | entry=2.9650 | PnL=+3.31%
2026-06-16 22:19:06,931 [INFO] [DATA] XPLUSDT | now=0.0902 | entry=0.0939 | PnL=-3.94%
2026-06-16 22:19:07,062 [INFO] [DATA] RLUSDUSDT | now=1.0008 | entry=1.0008 | PnL=+0.00%
2026-06-16 22:19:07,200 [INFO] [DATA] ALLOUSDT | now=0.3829 | entry=0.3978 | PnL=-3.75%
2026-06-16 22:19:07,328 [INFO] [DATA] INJUSDT | now=5.5480 | entry=5.7290 | PnL=-3.16%
2026-06-16 22:19:07,473 [INFO] [DATA] ASTERUSDT | now=0.6540 | entry=0.6530 | PnL=+0.15%
2026-06-16 22:19:07,473 [INFO] [INVENTORY] 10/10 slots used — 0 vacant.
2026-06-16 22:19:07,474 [INFO] [STANDBY] Maximum capacity reached.
2026-06-16 22:19:07,474 [INFO] [SLEEP] Sleeping for 120s…
2026-06-16 22:21:07,475 [INFO] ======================================================================
2026-06-16 22:21:07,475 [INFO] [LOOP] Cycle #154 | 2026-06-16 22:21:07
2026-06-16 22:21:07,475 [INFO] [MONITOR] Evaluating 10 open positions…
2026-06-16 22:21:07,612 [INFO] [DATA] TRXUSDT | now=0.3173 | entry=0.3173 | PnL=+0.00%
2026-06-16 22:21:07,735 [INFO] [DATA] XLMUSDT | now=0.2163 | entry=0.2226 | PnL=-2.83%
2026-06-16 22:21:07,870 [INFO] [DATA] BABYUSDT | now=0.0177 | entry=0.0174 | PnL=+1.78%
2026-06-16 22:21:08,010 [INFO] [DATA] SPCXBUSDT | now=216.7500 | entry=214.4700 | PnL=+1.06%
2026-06-16 22:21:08,145 [INFO] [DATA] UNIUSDT | now=3.0760 | entry=2.9650 | PnL=+3.74%
2026-06-16 22:21:08,274 [INFO] [DATA] XPLUSDT | now=0.0898 | entry=0.0939 | PnL=-4.37%
2026-06-16 22:21:08,405 [INFO] [DATA] RLUSDUSDT | now=1.0008 | entry=1.0008 | PnL=+0.00%
2026-06-16 22:21:08,538 [INFO] [DATA] ALLOUSDT | now=0.3821 | entry=0.3978 | PnL=-3.95%
2026-06-16 22:21:08,675 [INFO] [DATA] INJUSDT | now=5.5470 | entry=5.7290 | PnL=-3.18%
2026-06-16 22:21:08,824 [INFO] [DATA] ASTERUSDT | now=0.6550 | entry=0.6530 | PnL=+0.31%
2026-06-16 22:21:08,825 [INFO] [INVENTORY] 10/10 slots used — 0 vacant.
2026-06-16 22:21:08,825 [INFO] [STANDBY] Maximum capacity reached.
2026-06-16 22:21:08,825 [INFO] [SLEEP] Sleeping for 120s…
2026-06-16 22:23:08,826 [INFO] ======================================================================
2026-06-16 22:23:08,826 [INFO] [LOOP] Cycle #155 | 2026-06-16 22:23:08
2026-06-16 22:23:08,826 [INFO] [MONITOR] Evaluating 10 open positions…
2026-06-16 22:23:08,964 [INFO] [DATA] TRXUSDT | now=0.3171 | entry=0.3173 | PnL=-0.06%
2026-06-16 22:23:09,087 [INFO] [DATA] XLMUSDT | now=0.2156 | entry=0.2226 | PnL=-3.14%
2026-06-16 22:23:09,087 [INFO] [EXIT] SL hit for XLMUSDT.
2026-06-16 22:23:09,660 [WARNING] [EXIT] XLMUSDT: quantity mismatch (-2010). Fetching actual balance and retrying…
2026-06-16 22:23:10,563 [INFO] [EXIT] XLMUSDT sold (STOP_LOSS) qty=44.000000
2026-06-16 22:23:10,563 [INFO] [COOLDOWN] XLMUSDT locked for 3600s.
2026-06-16 22:23:10,698 [INFO] [DATA] BABYUSDT | now=0.0177 | entry=0.0174 | PnL=+1.78%
2026-06-16 22:23:10,826 [INFO] [DATA] SPCXBUSDT | now=216.7600 | entry=214.4700 | PnL=+1.07%
2026-06-16 22:23:10,952 [INFO] [DATA] UNIUSDT | now=3.0700 | entry=2.9650 | PnL=+3.54%
2026-06-16 22:23:11,148 [INFO] [DATA] XPLUSDT | now=0.0892 | entry=0.0939 | PnL=-5.01%
2026-06-16 22:23:11,281 [INFO] [DATA] RLUSDUSDT | now=1.0008 | entry=1.0008 | PnL=+0.00%
2026-06-16 22:23:11,402 [INFO] [DATA] ALLOUSDT | now=0.3827 | entry=0.3978 | PnL=-3.80%
2026-06-16 22:23:11,767 [INFO] [DATA] INJUSDT | now=5.5330 | entry=5.7290 | PnL=-3.42%
2026-06-16 22:23:11,901 [INFO] [DATA] ASTERUSDT | now=0.6530 | entry=0.6530 | PnL=+0.00%
2026-06-16 22:23:11,901 [INFO] [INVENTORY] 9/10 slots used — 1 vacant.
2026-06-16 22:23:12,032 [INFO] [LIQUIDITY] Free USDT: $33.62
2026-06-16 22:23:17,970 [INFO] HTTP Request: POST http://127.0.0.1:11434/api/generate "HTTP/1.1 200 OK"
2026-06-16 22:23:17,970 [INFO] [DEPLOY] WLDUSDT passed all filters — entering…
2026-06-16 22:23:18,626 [INFO] [TRADE] Placing market buy for WLDUSDT — qty=15.700000
2026-06-16 22:23:20,148 [INFO] [TRADE] WLDUSDT entered | entry=0.6348 | TP=0.7310 | SL=0.5867
2026-06-16 22:23:20,149 [INFO] [SLEEP] Sleeping for 120s…
2026-06-16 22:25:20,150 [INFO] ======================================================================
2026-06-16 22:25:20,150 [INFO] [LOOP] Cycle #156 | 2026-06-16 22:25:20
2026-06-16 22:25:20,150 [INFO] [MONITOR] Evaluating 10 open positions…
2026-06-16 22:25:20,291 [INFO] [DATA] TRXUSDT | now=0.3173 | entry=0.3173 | PnL=+0.00%
2026-06-16 22:25:20,419 [INFO] [DATA] BABYUSDT | now=0.0177 | entry=0.0174 | PnL=+1.72%
2026-06-16 22:25:20,561 [INFO] [DATA] SPCXBUSDT | now=216.8300 | entry=214.4700 | PnL=+1.10%
2026-06-16 22:25:20,698 [INFO] [DATA] UNIUSDT | now=3.0770 | entry=2.9650 | PnL=+3.78%
2026-06-16 22:25:20,832 [INFO] [DATA] XPLUSDT | now=0.0891 | entry=0.0939 | PnL=-5.11%
2026-06-16 22:25:20,968 [INFO] [DATA] RLUSDUSDT | now=1.0008 | entry=1.0008 | PnL=+0.00%
2026-06-16 22:25:21,106 [INFO] [DATA] ALLOUSDT | now=0.3823 | entry=0.3978 | PnL=-3.90%
2026-06-16 22:25:21,228 [INFO] [DATA] INJUSDT | now=5.5290 | entry=5.7290 | PnL=-3.49%
2026-06-16 22:25:21,375 [INFO] [DATA] ASTERUSDT | now=0.6550 | entry=0.6530 | PnL=+0.31%
2026-06-16 22:25:21,512 [INFO] [DATA] WLDUSDT | now=0.6360 | entry=0.6348 | PnL=+0.19%
2026-06-16 22:25:21,512 [INFO] [INVENTORY] 10/10 slots used — 0 vacant.
2026-06-16 22:25:21,512 [INFO] [STANDBY] Maximum capacity reached.
2026-06-16 22:25:21,512 [INFO] [SLEEP] Sleeping for 120s…
2026-06-16 22:27:21,515 [INFO] ======================================================================
2026-06-16 22:27:21,515 [INFO] [LOOP] Cycle #157 | 2026-06-16 22:27:21
2026-06-16 22:27:21,515 [INFO] [MONITOR] Evaluating 10 open positions…
2026-06-16 22:27:21,649 [INFO] [DATA] TRXUSDT | now=0.3172 | entry=0.3173 | PnL=-0.03%
2026-06-16 22:27:21,775 [INFO] [DATA] BABYUSDT | now=0.0177 | entry=0.0174 | PnL=+1.66%
2026-06-16 22:27:21,920 [INFO] [DATA] SPCXBUSDT | now=216.8100 | entry=214.4700 | PnL=+1.09%
2026-06-16 22:27:22,055 [INFO] [DATA] UNIUSDT | now=3.0760 | entry=2.9650 | PnL=+3.74%
2026-06-16 22:27:22,193 [INFO] [DATA] XPLUSDT | now=0.0893 | entry=0.0939 | PnL=-4.90%
2026-06-16 22:27:22,325 [INFO] [DATA] RLUSDUSDT | now=1.0009 | entry=1.0008 | PnL=+0.01%
2026-06-16 22:27:22,465 [INFO] [DATA] ALLOUSDT | now=0.3801 | entry=0.3978 | PnL=-4.45%
2026-06-16 22:27:22,599 [INFO] [DATA] INJUSDT | now=5.5460 | entry=5.7290 | PnL=-3.19%
2026-06-16 22:27:22,721 [INFO] [DATA] ASTERUSDT | now=0.6540 | entry=0.6530 | PnL=+0.15%
2026-06-16 22:27:22,849 [INFO] [DATA] WLDUSDT | now=0.6382 | entry=0.6348 | PnL=+0.54%
2026-06-16 22:27:22,849 [INFO] [INVENTORY] 10/10 slots used — 0 vacant.
2026-06-16 22:27:22,849 [INFO] [STANDBY] Maximum capacity reached.
2026-06-16 22:27:22,849 [INFO] [SLEEP] Sleeping for 120s…
2026-06-16 22:29:22,864 [INFO] ======================================================================
2026-06-16 22:29:22,864 [INFO] [LOOP] Cycle #158 | 2026-06-16 22:29:22
2026-06-16 22:29:22,864 [INFO] [MONITOR] Evaluating 10 open positions…
2026-06-16 22:29:22,995 [INFO] [DATA] TRXUSDT | now=0.3172 | entry=0.3173 | PnL=-0.03%
2026-06-16 22:29:23,113 [INFO] [DATA] BABYUSDT | now=0.0179 | entry=0.0174 | PnL=+2.58%
2026-06-16 22:29:23,247 [INFO] [DATA] SPCXBUSDT | now=217.2400 | entry=214.4700 | PnL=+1.29%
2026-06-16 22:29:23,394 [INFO] [DATA] UNIUSDT | now=3.0920 | entry=2.9650 | PnL=+4.28%
2026-06-16 22:29:23,516 [INFO] [DATA] XPLUSDT | now=0.0895 | entry=0.0939 | PnL=-4.69%
2026-06-16 22:29:23,659 [INFO] [DATA] RLUSDUSDT | now=1.0008 | entry=1.0008 | PnL=+0.00%
2026-06-16 22:29:23,785 [INFO] [DATA] ALLOUSDT | now=0.3810 | entry=0.3978 | PnL=-4.22%
2026-06-16 22:29:23,932 [INFO] [DATA] INJUSDT | now=5.5590 | entry=5.7290 | PnL=-2.97%
2026-06-16 22:29:24,066 [INFO] [DATA] ASTERUSDT | now=0.6540 | entry=0.6530 | PnL=+0.15%
2026-06-16 22:29:24,190 [INFO] [DATA] WLDUSDT | now=0.6396 | entry=0.6348 | PnL=+0.76%
2026-06-16 22:29:24,190 [INFO] [INVENTORY] 10/10 slots used — 0 vacant.
2026-06-16 22:29:24,190 [INFO] [STANDBY] Maximum capacity reached.
2026-06-16 22:29:24,190 [INFO] [SLEEP] Sleeping for 120s…
2026-06-16 22:31:24,204 [INFO] ======================================================================
2026-06-16 22:31:24,204 [INFO] [LOOP] Cycle #159 | 2026-06-16 22:31:24
2026-06-16 22:31:24,204 [INFO] [MONITOR] Evaluating 10 open positions…
2026-06-16 22:31:24,339 [INFO] [DATA] TRXUSDT | now=0.3171 | entry=0.3173 | PnL=-0.06%
2026-06-16 22:31:24,462 [INFO] [DATA] BABYUSDT | now=0.0179 | entry=0.0174 | PnL=+2.87%
2026-06-16 22:31:24,598 [INFO] [DATA] SPCXBUSDT | now=217.0000 | entry=214.4700 | PnL=+1.18%
2026-06-16 22:31:24,731 [INFO] [DATA] UNIUSDT | now=3.1080 | entry=2.9650 | PnL=+4.82%
2026-06-16 22:31:24,875 [INFO] [DATA] XPLUSDT | now=0.0893 | entry=0.0939 | PnL=-4.90%
2026-06-16 22:31:25,008 [INFO] [DATA] RLUSDUSDT | now=1.0009 | entry=1.0008 | PnL=+0.01%
2026-06-16 22:31:25,146 [INFO] [DATA] ALLOUSDT | now=0.3804 | entry=0.3978 | PnL=-4.37%
2026-06-16 22:31:25,269 [INFO] [DATA] INJUSDT | now=5.5910 | entry=5.7290 | PnL=-2.41%
2026-06-16 22:31:25,417 [INFO] [DATA] ASTERUSDT | now=0.6550 | entry=0.6530 | PnL=+0.31%
2026-06-16 22:31:25,538 [INFO] [DATA] WLDUSDT | now=0.6440 | entry=0.6348 | PnL=+1.45%
2026-06-16 22:31:25,538 [INFO] [INVENTORY] 10/10 slots used — 0 vacant.
2026-06-16 22:31:25,538 [INFO] [STANDBY] Maximum capacity reached.
2026-06-16 22:31:25,538 [INFO] [SLEEP] Sleeping for 120s…
2026-06-16 22:33:25,552 [INFO] ======================================================================
2026-06-16 22:33:25,552 [INFO] [LOOP] Cycle #160 | 2026-06-16 22:33:25
2026-06-16 22:33:25,552 [INFO] [MONITOR] Evaluating 10 open positions…
2026-06-16 22:33:25,687 [INFO] [DATA] TRXUSDT | now=0.3172 | entry=0.3173 | PnL=-0.03%
2026-06-16 22:33:25,811 [INFO] [DATA] BABYUSDT | now=0.0179 | entry=0.0174 | PnL=+2.69%
2026-06-16 22:33:25,941 [INFO] [DATA] SPCXBUSDT | now=217.7500 | entry=214.4700 | PnL=+1.53%
2026-06-16 22:33:26,088 [INFO] [DATA] UNIUSDT | now=3.1090 | entry=2.9650 | PnL=+4.86%
2026-06-16 22:33:26,218 [INFO] [DATA] XPLUSDT | now=0.0898 | entry=0.0939 | PnL=-4.37%
2026-06-16 22:33:26,359 [INFO] [DATA] RLUSDUSDT | now=1.0009 | entry=1.0008 | PnL=+0.01%
2026-06-16 22:33:26,484 [INFO] [DATA] ALLOUSDT | now=0.3807 | entry=0.3978 | PnL=-4.30%
2026-06-16 22:33:26,633 [INFO] [DATA] INJUSDT | now=5.6180 | entry=5.7290 | PnL=-1.94%
2026-06-16 22:33:26,758 [INFO] [DATA] ASTERUSDT | now=0.6540 | entry=0.6530 | PnL=+0.15%
2026-06-16 22:33:26,901 [INFO] [DATA] WLDUSDT | now=0.6478 | entry=0.6348 | PnL=+2.05%
2026-06-16 22:33:26,901 [INFO] [INVENTORY] 10/10 slots used — 0 vacant.
2026-06-16 22:33:26,901 [INFO] [STANDBY] Maximum capacity reached.
2026-06-16 22:33:26,901 [INFO] [SLEEP] Sleeping for 120s…
2026-06-16 22:35:26,902 [INFO] ======================================================================
2026-06-16 22:35:26,902 [INFO] [LOOP] Cycle #161 | 2026-06-16 22:35:26
2026-06-16 22:35:26,902 [INFO] [MONITOR] Evaluating 10 open positions…
2026-06-16 22:35:27,051 [INFO] [DATA] TRXUSDT | now=0.3173 | entry=0.3173 | PnL=+0.00%
2026-06-16 22:35:27,198 [INFO] [DATA] BABYUSDT | now=0.0179 | entry=0.0174 | PnL=+2.75%
2026-06-16 22:35:27,351 [INFO] [DATA] SPCXBUSDT | now=217.6000 | entry=214.4700 | PnL=+1.46%
2026-06-16 22:35:27,481 [INFO] [DATA] UNIUSDT | now=3.0960 | entry=2.9650 | PnL=+4.42%
2026-06-16 22:35:27,629 [INFO] [DATA] XPLUSDT | now=0.0896 | entry=0.0939 | PnL=-4.58%
2026-06-16 22:35:27,765 [INFO] [DATA] RLUSDUSDT | now=1.0009 | entry=1.0008 | PnL=+0.01%
2026-06-16 22:35:27,900 [INFO] [DATA] ALLOUSDT | now=0.3801 | entry=0.3978 | PnL=-4.45%
2026-06-16 22:35:28,051 [INFO] [DATA] INJUSDT | now=5.6300 | entry=5.7290 | PnL=-1.73%
2026-06-16 22:35:28,181 [INFO] [DATA] ASTERUSDT | now=0.6530 | entry=0.6530 | PnL=+0.00%
2026-06-16 22:35:28,340 [INFO] [DATA] WLDUSDT | now=0.6484 | entry=0.6348 | PnL=+2.14%
2026-06-16 22:35:28,340 [INFO] [INVENTORY] 10/10 slots used — 0 vacant.
2026-06-16 22:35:28,340 [INFO] [STANDBY] Maximum capacity reached.
2026-06-16 22:35:28,340 [INFO] [SLEEP] Sleeping for 120s…
2026-06-16 22:37:28,349 [INFO] ======================================================================
2026-06-16 22:37:28,349 [INFO] [LOOP] Cycle #162 | 2026-06-16 22:37:28
2026-06-16 22:37:28,349 [INFO] [MONITOR] Evaluating 10 open positions…
2026-06-16 22:37:28,484 [INFO] [DATA] TRXUSDT | now=0.3174 | entry=0.3173 | PnL=+0.03%
2026-06-16 22:37:28,609 [INFO] [DATA] BABYUSDT | now=0.0179 | entry=0.0174 | PnL=+2.87%
2026-06-16 22:37:28,738 [INFO] [DATA] SPCXBUSDT | now=216.0800 | entry=214.4700 | PnL=+0.75%
2026-06-16 22:37:28,878 [INFO] [DATA] UNIUSDT | now=3.1090 | entry=2.9650 | PnL=+4.86%
2026-06-16 22:37:29,018 [INFO] [DATA] XPLUSDT | now=0.0895 | entry=0.0939 | PnL=-4.69%
2026-06-16 22:37:29,156 [INFO] [DATA] RLUSDUSDT | now=1.0009 | entry=1.0008 | PnL=+0.01%
2026-06-16 22:37:29,275 [INFO] [DATA] ALLOUSDT | now=0.3792 | entry=0.3978 | PnL=-4.68%
2026-06-16 22:37:29,423 [INFO] [DATA] INJUSDT | now=5.6360 | entry=5.7290 | PnL=-1.62%
2026-06-16 22:37:29,547 [INFO] [DATA] ASTERUSDT | now=0.6540 | entry=0.6530 | PnL=+0.15%
2026-06-16 22:37:29,681 [INFO] [DATA] WLDUSDT | now=0.6492 | entry=0.6348 | PnL=+2.27%
2026-06-16 22:37:29,681 [INFO] [INVENTORY] 10/10 slots used — 0 vacant.
2026-06-16 22:37:29,681 [INFO] [STANDBY] Maximum capacity reached.
2026-06-16 22:37:29,681 [INFO] [SLEEP] Sleeping for 120s…
2026-06-16 22:39:29,696 [INFO] ======================================================================
2026-06-16 22:39:29,696 [INFO] [LOOP] Cycle #163 | 2026-06-16 22:39:29
2026-06-16 22:39:29,696 [INFO] [MONITOR] Evaluating 10 open positions…
2026-06-16 22:39:29,831 [INFO] [DATA] TRXUSDT | now=0.3173 | entry=0.3173 | PnL=+0.00%
2026-06-16 22:39:29,954 [INFO] [DATA] BABYUSDT | now=0.0180 | entry=0.0174 | PnL=+3.27%
2026-06-16 22:39:30,100 [INFO] [DATA] SPCXBUSDT | now=215.5100 | entry=214.4700 | PnL=+0.48%
2026-06-16 22:39:30,224 [INFO] [DATA] UNIUSDT | now=3.1080 | entry=2.9650 | PnL=+4.82%
2026-06-16 22:39:30,357 [INFO] [DATA] XPLUSDT | now=0.0894 | entry=0.0939 | PnL=-4.79%
2026-06-16 22:39:30,506 [INFO] [DATA] RLUSDUSDT | now=1.0008 | entry=1.0008 | PnL=+0.00%
2026-06-16 22:39:30,639 [INFO] [DATA] ALLOUSDT | now=0.3808 | entry=0.3978 | PnL=-4.27%
2026-06-16 22:39:30,774 [INFO] [DATA] INJUSDT | now=5.6440 | entry=5.7290 | PnL=-1.48%
2026-06-16 22:39:30,900 [INFO] [DATA] ASTERUSDT | now=0.6540 | entry=0.6530 | PnL=+0.15%
2026-06-16 22:39:31,028 [INFO] [DATA] WLDUSDT | now=0.6463 | entry=0.6348 | PnL=+1.81%
2026-06-16 22:39:31,043 [INFO] [INVENTORY] 10/10 slots used — 0 vacant.
2026-06-16 22:39:31,043 [INFO] [STANDBY] Maximum capacity reached.
2026-06-16 22:39:31,043 [INFO] [SLEEP] Sleeping for 120s…
